{
"type": "FeatureCollection",
"name": "SELECT",
"xy_coordinate_resolution": 1e-06,
"features": [
{"type":"Feature","properties":{"nom":"Forêt de Montmorency","statut":"Forêt de protection — servitude A7","acte":"Décret n° 2026-235 du 30 mars 2026","entree_en_vigueur":"2 avril 2026","surface_officielle":"2 154 ha environ","communes":"Andilly, Bessancourt, Béthemont-la-Forêt, Bouffémont, Chauvry, Domont, Frépillon, Montlignon, Montmorency, Piscop, Saint-Brice-sous-Forêt, Saint-Leu-la-Forêt, Saint-Prix, Taverny et Villiers-Adam","objet_du_classement":"Préservation durable du massif et interdiction des changements d’affectation compromettant les boisements","referentiel":"Géoportail de l’urbanisme · SUP A7","mise_a_jour":"10 juin 2026","url":"https://www.legifrance.gouv.fr/jorf/id/JORFTEXT000053743005"},"geometry":{"type":"MultiPolygon","coordinates":[[[[2.226267,49.039557],[2.226152,49.039523],[2.226044,49.039492],[2.225722,49.039323],[2.226167,49.038963],[2.225933,49.038896],[2.225494,49.039178],[2.225415,49.039129],[2.225366,49.039098],[2.225288,49.039048],[2.225218,49.039004],[2.225146,49.038958],[2.225133,49.038845],[2.22508,49.038804],[2.225029,49.038779],[2.225117,49.038651],[2.225197,49.038678],[2.225299,49.038712],[2.225331,49.038655],[2.225376,49.038582],[2.225422,49.038503],[2.225445,49.038464],[2.225538,49.038308],[2.226106,49.038273],[2.226344,49.038259],[2.226579,49.038549],[2.22662,49.038598],[2.22678,49.038796],[2.226875,49.038861],[2.226957,49.038917],[2.227124,49.039031],[2.227211,49.039091],[2.227389,49.039212],[2.2268,49.039465],[2.226571,49.039528],[2.226454,49.039554],[2.226383,49.039571],[2.226267,49.039557]]],[[[2.226879,49.039468],[2.226851,49.039443],[2.227389,49.039212],[2.227418,49.03923],[2.227544,49.039307],[2.227726,49.039497],[2.22775,49.039547],[2.227761,49.039569],[2.227966,49.039992],[2.227992,49.040036],[2.227559,49.040237],[2.227527,49.040251],[2.227515,49.040257],[2.227371,49.040155],[2.227322,49.040103],[2.227128,49.039849],[2.227164,49.039804],[2.226896,49.039488],[2.226879,49.039468]]],[[[2.225701,49.040542],[2.225708,49.040528],[2.225663,49.040515],[2.225698,49.040448],[2.225613,49.040422],[2.225501,49.040388],[2.225414,49.040362],[2.225535,49.04024],[2.225451,49.040219],[2.225483,49.040188],[2.225397,49.040146],[2.225809,49.039749],[2.225749,49.039719],[2.226001,49.039503],[2.226028,49.039516],[2.226164,49.039556],[2.226236,49.039577],[2.226256,49.039583],[2.226277,49.039586],[2.226305,49.039589],[2.226335,49.039593],[2.226354,49.039595],[2.226363,49.039596],[2.226373,49.039597],[2.226386,49.039599],[2.226409,49.039594],[2.226441,49.039587],[2.226484,49.039578],[2.226682,49.039946],[2.226694,49.039962],[2.226781,49.040125],[2.226878,49.040304],[2.226821,49.040333],[2.226759,49.040365],[2.226741,49.040374],[2.22668,49.040406],[2.226642,49.040425],[2.22658,49.040458],[2.226524,49.040487],[2.226504,49.040497],[2.22645,49.040517],[2.226404,49.040535],[2.22631,49.0406],[2.226255,49.040638],[2.226204,49.040664],[2.226156,49.040688],[2.226112,49.040709],[2.226093,49.040701],[2.226074,49.040693],[2.225772,49.040738],[2.225662,49.040733],[2.225756,49.040557],[2.225701,49.040542]]],[[[2.227322,49.041982],[2.227708,49.041817],[2.228053,49.041652],[2.227911,49.041499],[2.227814,49.041394],[2.227791,49.041407],[2.227787,49.041405],[2.227106,49.041125],[2.227843,49.040963],[2.227947,49.04094],[2.228199,49.040886],[2.228322,49.040859],[2.228513,49.040931],[2.22866,49.041257],[2.228726,49.041403],[2.228912,49.041798],[2.229059,49.042066],[2.229125,49.042171],[2.229184,49.042248],[2.22924,49.042313],[2.229289,49.042359],[2.229347,49.042409],[2.229418,49.042459],[2.229455,49.042482],[2.229533,49.042523],[2.229242,49.042559],[2.22887,49.042603],[2.228556,49.042634],[2.228203,49.042699],[2.227828,49.042759],[2.227683,49.042775],[2.227571,49.042782],[2.227508,49.04278],[2.227447,49.042773],[2.227341,49.042733],[2.227318,49.04272],[2.227211,49.042649],[2.226949,49.042433],[2.226811,49.042307],[2.226782,49.042281],[2.22673,49.042236],[2.226642,49.04216],[2.226546,49.042076],[2.226432,49.041976],[2.226417,49.041962],[2.226386,49.041919],[2.226373,49.041874],[2.226548,49.041819],[2.226627,49.041795],[2.226678,49.041778],[2.226751,49.041822],[2.226946,49.041824],[2.227022,49.041907],[2.227135,49.041857],[2.227314,49.041996],[2.227322,49.041982]],[[2.228379,49.040918],[2.228378,49.040915],[2.228375,49.040913],[2.228371,49.040912],[2.228367,49.040911],[2.228362,49.040912],[2.228359,49.040913],[2.228355,49.040915],[2.228353,49.040917],[2.228353,49.04092],[2.228353,49.040923],[2.228355,49.040926],[2.228358,49.040928],[2.228362,49.040929],[2.228366,49.040929],[2.228371,49.040929],[2.228374,49.040928],[2.228377,49.040926],[2.228379,49.040923],[2.22838,49.04092],[2.228379,49.040918]]],[[[2.21969,49.042043],[2.219765,49.042041],[2.219841,49.042039],[2.219925,49.042037],[2.21995,49.042251],[2.219993,49.042256],[2.220139,49.042245],[2.220255,49.042234],[2.220372,49.04222],[2.220421,49.042214],[2.220486,49.042205],[2.220591,49.042191],[2.220667,49.042181],[2.220742,49.042171],[2.220751,49.042158],[2.220788,49.04213],[2.22083,49.042106],[2.220884,49.042084],[2.220911,49.042076],[2.22104,49.04205],[2.221149,49.042034],[2.221194,49.042028],[2.221195,49.042009],[2.221291,49.041917],[2.22129,49.041785],[2.22129,49.04163],[2.221376,49.041615],[2.221428,49.041607],[2.221466,49.041607],[2.221553,49.04161],[2.221742,49.041614],[2.221821,49.04162],[2.221927,49.041629],[2.221867,49.041849],[2.221941,49.041855],[2.221956,49.041876],[2.222011,49.04188],[2.222149,49.041891],[2.222179,49.041828],[2.222259,49.041837],[2.222347,49.041848],[2.222485,49.041503],[2.222627,49.04159],[2.222702,49.041633],[2.222816,49.041723],[2.22287,49.041765],[2.222952,49.04183],[2.22299,49.04186],[2.223064,49.041917],[2.223094,49.041991],[2.223108,49.042026],[2.22312,49.042073],[2.223141,49.042134],[2.223194,49.042263],[2.223283,49.042331],[2.223444,49.042437],[2.223457,49.042451],[2.223495,49.042447],[2.223618,49.042474],[2.223793,49.042503],[2.22383,49.042508],[2.223901,49.042514],[2.223991,49.042519],[2.224114,49.04252],[2.224558,49.042508],[2.224626,49.042506],[2.224856,49.042498],[2.225103,49.042492],[2.225191,49.042498],[2.225346,49.042522],[2.225524,49.042622],[2.225655,49.042695],[2.225677,49.04271],[2.225702,49.042744],[2.225718,49.042774],[2.225776,49.042875],[2.225814,49.042966],[2.225837,49.043032],[2.225898,49.04319],[2.225901,49.043196],[2.225946,49.043302],[2.226024,49.043466],[2.226106,49.043626],[2.225709,49.044036],[2.22555,49.044202],[2.225305,49.044454],[2.225182,49.044596],[2.225168,49.044625],[2.225159,49.044666],[2.225131,49.044854],[2.224586,49.04503],[2.224115,49.045179],[2.223575,49.045353],[2.223736,49.045492],[2.223925,49.045653],[2.224058,49.045771],[2.224204,49.045898],[2.22434,49.046016],[2.224493,49.046149],[2.224528,49.046179],[2.224537,49.046187],[2.224572,49.046178],[2.224631,49.046164],[2.224647,49.04616],[2.22474,49.046137],[2.224837,49.046365],[2.224935,49.046611],[2.224897,49.046579],[2.224901,49.046586],[2.224974,49.046757],[2.224986,49.046785],[2.224892,49.046804],[2.224923,49.046875],[2.225007,49.047063],[2.225095,49.047261],[2.225121,49.04732],[2.225025,49.047321],[2.224996,49.047321],[2.224967,49.04732],[2.224843,49.047311],[2.224759,49.047106],[2.224679,49.046916],[2.224602,49.046732],[2.224578,49.046677],[2.224271,49.046679],[2.224156,49.04668],[2.224088,49.046558],[2.223972,49.04635],[2.223939,49.04636],[2.223658,49.046447],[2.223276,49.046566],[2.222995,49.046653],[2.2228,49.046711],[2.22282,49.046742],[2.22291,49.046878],[2.222889,49.046908],[2.222927,49.046956],[2.222965,49.047008],[2.222998,49.047052],[2.22304,49.04711],[2.223124,49.047228],[2.223197,49.04733],[2.223235,49.047382],[2.223283,49.04745],[2.223336,49.04752],[2.223387,49.04759],[2.223414,49.047627],[2.223447,49.047671],[2.223209,49.047732],[2.223092,49.047762],[2.222971,49.047793],[2.22294,49.047801],[2.222874,49.047817],[2.222312,49.047753],[2.221715,49.047685],[2.221706,49.047684],[2.221405,49.04765],[2.221257,49.047633],[2.221159,49.047622],[2.220974,49.047601],[2.220796,49.04758],[2.220723,49.047572],[2.22057,49.047555],[2.220568,49.047554],[2.220308,49.047485],[2.220001,49.047403],[2.219924,49.047383],[2.219886,49.047373],[2.219797,49.047349],[2.219661,49.047312],[2.219588,49.047293],[2.219539,49.04728],[2.219467,49.047261],[2.219336,49.047226],[2.21926,49.047206],[2.219224,49.047196],[2.219183,49.047185],[2.219117,49.047168],[2.219093,49.047161],[2.219015,49.047141],[2.21891,49.047113],[2.218857,49.047099],[2.218831,49.047092],[2.218622,49.047036],[2.218441,49.046988],[2.218026,49.046877],[2.217677,49.046784],[2.217654,49.046778],[2.217303,49.046685],[2.216975,49.046598],[2.216937,49.046587],[2.216931,49.046586],[2.216356,49.046433],[2.216353,49.046432],[2.21545,49.046191],[2.215441,49.046189],[2.21543,49.046186],[2.214535,49.04592],[2.214521,49.045916],[2.214236,49.045832],[2.214139,49.045803],[2.214067,49.045782],[2.214055,49.045778],[2.213799,49.045702],[2.213722,49.045679],[2.213518,49.045619],[2.213505,49.045615],[2.212033,49.045178],[2.212022,49.045175],[2.211799,49.045109],[2.211576,49.045043],[2.211685,49.044763],[2.211576,49.045042],[2.211563,49.045039],[2.210716,49.044788],[2.210672,49.044775],[2.210612,49.044757],[2.210574,49.044746],[2.21054,49.044736],[2.210852,49.044483],[2.210896,49.044424],[2.210953,49.044449],[2.211195,49.044552],[2.211444,49.044659],[2.211673,49.044758],[2.211686,49.044761],[2.211775,49.044624],[2.211798,49.044582],[2.211802,49.044576],[2.211955,49.0443],[2.21196,49.044284],[2.211964,49.044251],[2.21195,49.044237],[2.211789,49.044103],[2.211773,49.044083],[2.211768,49.044068],[2.211776,49.044029],[2.21178,49.044014],[2.211968,49.044101],[2.212086,49.044006],[2.212278,49.044121],[2.212446,49.044222],[2.212463,49.044224],[2.212691,49.04409],[2.212703,49.044084],[2.21278,49.044051],[2.212815,49.044035],[2.212826,49.044031],[2.212841,49.044022],[2.212914,49.04397],[2.213093,49.04384],[2.213279,49.043706],[2.213383,49.043606],[2.213416,49.043582],[2.213555,49.043479],[2.213567,49.043456],[2.213459,49.043419],[2.213358,49.043382],[2.213244,49.04334],[2.213096,49.043264],[2.213018,49.043218],[2.212959,49.043184],[2.212857,49.043124],[2.213081,49.042957],[2.213156,49.042902],[2.213372,49.042741],[2.213417,49.042711],[2.213549,49.042624],[2.213628,49.042582],[2.213699,49.042549],[2.213754,49.042531],[2.213788,49.042522],[2.213833,49.042514],[2.214112,49.042663],[2.21417,49.042611],[2.214357,49.042696],[2.214405,49.042656],[2.214423,49.042654],[2.214581,49.04251],[2.214617,49.042478],[2.214693,49.042429],[2.21476,49.042468],[2.21498,49.042597],[2.21499,49.042603],[2.215052,49.042574],[2.215139,49.04253],[2.215177,49.042506],[2.215217,49.042481],[2.215272,49.042446],[2.215702,49.042758],[2.215659,49.042784],[2.215651,49.042792],[2.215659,49.042797],[2.216193,49.043112],[2.216245,49.043076],[2.21631,49.043028],[2.216349,49.043],[2.216752,49.04321],[2.216783,49.043188],[2.216848,49.043223],[2.217062,49.04335],[2.217171,49.043416],[2.217181,49.043423],[2.217213,49.043395],[2.217233,49.043375],[2.21727,49.043337],[2.217336,49.043266],[2.217385,49.043214],[2.217415,49.043182],[2.217439,49.043193],[2.217512,49.043126],[2.217648,49.043001],[2.217941,49.043155],[2.217984,49.043178],[2.217984,49.043179],[2.218017,49.043152],[2.218057,49.043129],[2.218133,49.043086],[2.218203,49.043046],[2.218334,49.042971],[2.21803,49.04273],[2.21811,49.042687],[2.21832,49.042578],[2.21849,49.042489],[2.218528,49.042477],[2.218384,49.042182],[2.218493,49.042154],[2.218593,49.042129],[2.218718,49.042096],[2.218794,49.042086],[2.219142,49.04204],[2.219148,49.04204],[2.219229,49.042045],[2.21926,49.042044],[2.219465,49.042039],[2.219529,49.042037],[2.219614,49.04204],[2.21969,49.042043]],[[2.212418,49.044247],[2.212173,49.044665],[2.212169,49.044672],[2.212418,49.044247]]],[[[2.209366,49.047164],[2.209383,49.047111],[2.209402,49.047041],[2.209413,49.047002],[2.209432,49.046914],[2.209447,49.046827],[2.209409,49.046781],[2.209423,49.046621],[2.209449,49.046324],[2.209451,49.046273],[2.209463,49.046223],[2.209475,49.046182],[2.209517,49.046039],[2.209588,49.045804],[2.20962,49.045697],[2.210281,49.045667],[2.210879,49.045522],[2.210988,49.045529],[2.211425,49.045587],[2.211438,49.04559],[2.211434,49.045494],[2.211444,49.045497],[2.212116,49.045696],[2.212133,49.045701],[2.212922,49.045935],[2.212956,49.045945],[2.213308,49.04605],[2.213319,49.046053],[2.213677,49.046159],[2.214033,49.046264],[2.214082,49.046279],[2.214155,49.046301],[2.214169,49.046305],[2.21424,49.046326],[2.214269,49.046334],[2.214346,49.046357],[2.21451,49.046406],[2.214558,49.04642],[2.214566,49.046423],[2.214615,49.046437],[2.214959,49.046539],[2.215175,49.046603],[2.215187,49.046607],[2.215187,49.046607],[2.215414,49.046667],[2.215551,49.046703],[2.215615,49.04672],[2.215623,49.046723],[2.21563,49.046724],[2.215748,49.046756],[2.215781,49.046765],[2.215813,49.046773],[2.215935,49.046806],[2.216141,49.046861],[2.216192,49.046874],[2.216284,49.046899],[2.216363,49.04692],[2.216477,49.04695],[2.216706,49.047011],[2.216885,49.047059],[2.217052,49.047103],[2.217736,49.047285],[2.217858,49.047318],[2.217944,49.047341],[2.217992,49.047353],[2.218014,49.047359],[2.218073,49.047375],[2.218115,49.047386],[2.218141,49.047393],[2.218356,49.04745],[2.218435,49.047471],[2.218524,49.047495],[2.218572,49.047508],[2.218611,49.047518],[2.218763,49.047558],[2.218803,49.047569],[2.218867,49.047586],[2.218931,49.047603],[2.219012,49.047625],[2.219064,49.047639],[2.219186,49.047671],[2.219288,49.047698],[2.219372,49.047721],[2.219413,49.047732],[2.219476,49.047748],[2.219546,49.047767],[2.219572,49.047774],[2.219836,49.047844],[2.219838,49.047845],[2.219871,49.047853],[2.220006,49.047889],[2.220058,49.047903],[2.220144,49.047926],[2.220181,49.047936],[2.220236,49.047951],[2.220347,49.04798],[2.220361,49.047983],[2.220417,49.047993],[2.220686,49.048024],[2.220707,49.048026],[2.220752,49.048032],[2.220792,49.048036],[2.220828,49.04804],[2.220883,49.048047],[2.220958,49.048055],[2.220969,49.048056],[2.221293,49.048093],[2.221536,49.048121],[2.221639,49.048133],[2.221547,49.048156],[2.221464,49.048177],[2.221464,49.048258],[2.221467,49.048501],[2.221467,49.048659],[2.221468,49.04869],[2.221469,49.048885],[2.22147,49.048944],[2.221472,49.04908],[2.221375,49.049088],[2.221275,49.049095],[2.221129,49.049107],[2.22111,49.049108],[2.221004,49.049117],[2.220848,49.049129],[2.220719,49.049138],[2.22075,49.049041],[2.220789,49.048935],[2.220842,49.04878],[2.220858,49.048737],[2.220881,49.048673],[2.220903,49.048601],[2.220917,49.048569],[2.220951,49.048503],[2.220876,49.04851],[2.220741,49.048525],[2.220444,49.048561],[2.220183,49.048592],[2.219947,49.048619],[2.219794,49.048637],[2.219539,49.048667],[2.219184,49.048709],[2.219145,49.048713],[2.219189,49.048851],[2.219215,49.048926],[2.219246,49.049022],[2.219283,49.049131],[2.219327,49.049266],[2.219335,49.049289],[2.219379,49.049414],[2.219384,49.049426],[2.219469,49.049426],[2.219482,49.049532],[2.219495,49.049652],[2.219503,49.049715],[2.219506,49.049758],[2.219506,49.049768],[2.219399,49.049773],[2.219408,49.049809],[2.219416,49.049844],[2.219424,49.04988],[2.219438,49.049947],[2.21944,49.049957],[2.219452,49.05001],[2.219467,49.05007],[2.219481,49.050134],[2.219368,49.050153],[2.219225,49.050175],[2.219136,49.05019],[2.219018,49.05021],[2.218853,49.050236],[2.218725,49.050256],[2.218546,49.050285],[2.218424,49.050304],[2.218406,49.050242],[2.218403,49.050232],[2.218389,49.050178],[2.218371,49.050114],[2.218356,49.050117],[2.218245,49.050134],[2.218039,49.050167],[2.217888,49.050189],[2.217731,49.050214],[2.217585,49.050237],[2.217431,49.050262],[2.217408,49.050265],[2.217397,49.050241],[2.217377,49.050194],[2.217336,49.050101],[2.217311,49.050044],[2.217288,49.049994],[2.217285,49.049984],[2.21726,49.04993],[2.217229,49.049862],[2.2172,49.049864],[2.216893,49.049923],[2.216694,49.04996],[2.216374,49.05002],[2.216217,49.05005],[2.216062,49.050079],[2.215817,49.050126],[2.215783,49.050076],[2.215713,49.050087],[2.215472,49.050119],[2.215202,49.050155],[2.214925,49.050191],[2.214685,49.050223],[2.21467,49.050225],[2.214615,49.050228],[2.214618,49.050251],[2.21462,49.050262],[2.214621,49.050309],[2.214625,49.050372],[2.214626,49.050418],[2.214628,49.050533],[2.214506,49.05054],[2.214295,49.05055],[2.214104,49.050556],[2.21404,49.050558],[2.213976,49.050561],[2.213907,49.050563],[2.213885,49.050564],[2.213801,49.050567],[2.213667,49.050572],[2.213577,49.050576],[2.213544,49.05058],[2.213504,49.050583],[2.213463,49.050588],[2.213396,49.050591],[2.213359,49.050589],[2.213265,49.050584],[2.213196,49.05058],[2.213096,49.050575],[2.213013,49.050571],[2.212975,49.050568],[2.212956,49.050568],[2.212883,49.050565],[2.212809,49.050561],[2.21279,49.050561],[2.212799,49.050543],[2.212831,49.050473],[2.212853,49.050422],[2.212862,49.050403],[2.212783,49.050406],[2.21271,49.05041],[2.212645,49.050413],[2.212632,49.050414],[2.21255,49.050418],[2.212451,49.050422],[2.212414,49.050424],[2.212418,49.050404],[2.212428,49.050355],[2.212443,49.050283],[2.212445,49.050269],[2.21222,49.050254],[2.212215,49.05028],[2.2122,49.050359],[2.212193,49.050403],[2.212187,49.050437],[2.212162,49.050439],[2.212073,49.050448],[2.211947,49.050461],[2.211912,49.050465],[2.211761,49.050484],[2.2116,49.050504],[2.211451,49.050521],[2.211388,49.050526],[2.211249,49.050515],[2.211181,49.05051],[2.211129,49.050504],[2.211103,49.0505],[2.210975,49.050486],[2.210861,49.050474],[2.210823,49.050471],[2.210802,49.050467],[2.210735,49.05045],[2.210548,49.050404],[2.21056,49.050373],[2.210593,49.05028],[2.210629,49.050177],[2.210651,49.050117],[2.21067,49.050062],[2.210686,49.050018],[2.210697,49.049984],[2.210774,49.049999],[2.210779,49.049987],[2.210811,49.049895],[2.210864,49.049745],[2.21091,49.04961],[2.21098,49.049409],[2.210979,49.049398],[2.210918,49.049402],[2.210834,49.049408],[2.210684,49.049422],[2.210635,49.049427],[2.210597,49.049429],[2.21062,49.049334],[2.210644,49.049242],[2.21052,49.049228],[2.210503,49.049292],[2.21047,49.049433],[2.21028,49.049436],[2.210127,49.049436],[2.210031,49.049436],[2.209995,49.049436],[2.209983,49.049442],[2.209973,49.049451],[2.209947,49.049483],[2.209934,49.049525],[2.209899,49.049656],[2.209878,49.049739],[2.209744,49.049709],[2.209594,49.049674],[2.209577,49.049672],[2.209568,49.049673],[2.209486,49.049699],[2.209303,49.049757],[2.209012,49.049848],[2.208979,49.04983],[2.208949,49.049813],[2.208954,49.04976],[2.208962,49.049699],[2.20897,49.049652],[2.208975,49.049615],[2.208981,49.049595],[2.208986,49.04958],[2.208997,49.049559],[2.209013,49.049534],[2.209035,49.049506],[2.209089,49.049451],[2.209187,49.049342],[2.209232,49.049289],[2.209258,49.04925],[2.209281,49.049212],[2.209299,49.049174],[2.209341,49.049075],[2.20936,49.049032],[2.209386,49.048985],[2.209422,49.048931],[2.20945,49.048894],[2.209494,49.048849],[2.209536,49.048814],[2.209571,49.04879],[2.20962,49.048761],[2.209648,49.048689],[2.209646,49.048686],[2.209654,49.048634],[2.209714,49.048636],[2.209722,49.048549],[2.209664,49.048547],[2.209679,49.048401],[2.209685,49.048341],[2.209687,49.048267],[2.209681,49.048248],[2.209661,49.048215],[2.209597,49.048113],[2.209504,49.047964],[2.209464,49.047897],[2.209421,49.047819],[2.209393,49.047753],[2.209369,49.047679],[2.209345,49.047573],[2.209339,49.047504],[2.209337,49.047423],[2.209338,49.04736],[2.209342,49.047301],[2.209348,49.047261],[2.20936,49.047191],[2.209366,49.047164]],[[2.211011,49.049396],[2.210979,49.049398],[2.211097,49.049393],[2.211083,49.049393],[2.211011,49.049396]]],[[[2.224248,49.058494],[2.22397,49.058468],[2.223905,49.058511],[2.223765,49.058604],[2.223749,49.058622],[2.223657,49.058677],[2.223475,49.0588],[2.223352,49.05888],[2.223344,49.058879],[2.223339,49.058891],[2.223365,49.058994],[2.223458,49.059351],[2.223375,49.059537],[2.223404,49.059701],[2.223445,49.059933],[2.223465,49.06005],[2.223486,49.060141],[2.223546,49.06014],[2.223584,49.060139],[2.223587,49.060342],[2.2235,49.060603],[2.223298,49.06066],[2.222544,49.059911],[2.222389,49.059765],[2.222196,49.059585],[2.222008,49.059405],[2.221894,49.059292],[2.22177,49.05917],[2.221698,49.059098],[2.221654,49.059054],[2.221605,49.058998],[2.221567,49.058958],[2.221528,49.058912],[2.22178,49.058853],[2.222318,49.05873],[2.222308,49.058712],[2.222276,49.058672],[2.222242,49.058622],[2.222198,49.058564],[2.222182,49.05854],[2.22213,49.058469],[2.222124,49.058461],[2.222096,49.058425],[2.222088,49.058413],[2.222066,49.05838],[2.222025,49.058322],[2.222002,49.058291],[2.221714,49.058364],[2.22167,49.058285],[2.221947,49.058216],[2.221921,49.05818],[2.222104,49.058129],[2.222383,49.058047],[2.22225,49.057845],[2.222357,49.057816],[2.222442,49.057793],[2.222573,49.057758],[2.222356,49.05741],[2.222261,49.057436],[2.222291,49.057486],[2.222165,49.057522],[2.222062,49.05755],[2.221659,49.057663],[2.221454,49.057423],[2.221274,49.057486],[2.221308,49.057522],[2.221336,49.057551],[2.221452,49.057602],[2.221186,49.057675],[2.220866,49.057762],[2.220834,49.057704],[2.220815,49.057647],[2.220768,49.057533],[2.220725,49.057431],[2.220669,49.057258],[2.220656,49.057222],[2.220642,49.057183],[2.220615,49.057103],[2.220971,49.056929],[2.221091,49.05705],[2.221307,49.056987],[2.220849,49.056587],[2.22099,49.056497],[2.221062,49.056452],[2.221181,49.056339],[2.2212,49.056325],[2.221188,49.056321],[2.220977,49.056308],[2.220983,49.056285],[2.221112,49.056182],[2.221358,49.056075],[2.221544,49.056044],[2.221696,49.056018],[2.221646,49.055904],[2.221399,49.055954],[2.221356,49.055883],[2.221553,49.05571],[2.221568,49.055706],[2.221858,49.055666],[2.222028,49.055662],[2.222506,49.055653],[2.222855,49.055645],[2.222923,49.055841],[2.222995,49.056055],[2.223171,49.056052],[2.223259,49.056042],[2.223484,49.056018],[2.223718,49.055995],[2.223916,49.055973],[2.223924,49.05602],[2.223933,49.056075],[2.223942,49.056122],[2.223961,49.056224],[2.224006,49.056476],[2.22402,49.056546],[2.224029,49.056604],[2.224174,49.05659],[2.224435,49.056565],[2.224667,49.056542],[2.224832,49.056527],[2.225048,49.056505],[2.225221,49.056499],[2.225488,49.05649],[2.225803,49.056481],[2.226015,49.056473],[2.226065,49.056579],[2.226188,49.056564],[2.226243,49.056555],[2.226264,49.056552],[2.226344,49.056542],[2.226558,49.056516],[2.226845,49.056478],[2.226907,49.05647],[2.226895,49.056433],[2.227164,49.056385],[2.227301,49.056361],[2.227468,49.05633],[2.227336,49.056081],[2.227236,49.05589],[2.227147,49.055724],[2.227169,49.055718],[2.22723,49.055705],[2.22725,49.0557],[2.227203,49.055559],[2.227158,49.055423],[2.227216,49.05541],[2.227347,49.055384],[2.227425,49.05537],[2.227486,49.055356],[2.227536,49.055489],[2.227584,49.055623],[2.227625,49.055616],[2.227642,49.055609],[2.22771,49.055599],[2.227898,49.055552],[2.227967,49.055536],[2.228007,49.055532],[2.228169,49.055512],[2.228201,49.055508],[2.228225,49.055506],[2.228401,49.055486],[2.228526,49.055471],[2.228566,49.055466],[2.228693,49.055453],[2.228724,49.055449],[2.228777,49.055182],[2.228794,49.055083],[2.229132,49.055148],[2.229221,49.055166],[2.229323,49.055187],[2.229407,49.055203],[2.229443,49.055212],[2.229633,49.055249],[2.22964,49.055243],[2.229772,49.055138],[2.229814,49.055102],[2.229845,49.055081],[2.229852,49.055075],[2.229485,49.055006],[2.229496,49.054975],[2.229575,49.05486],[2.229619,49.054796],[2.229657,49.054737],[2.229696,49.054682],[2.230042,49.054713],[2.230165,49.054693],[2.2302,49.054688],[2.230231,49.054679],[2.230298,49.054674],[2.230253,49.054621],[2.230168,49.05453],[2.230069,49.054425],[2.230294,49.054344],[2.230499,49.05427],[2.2307,49.054198],[2.230878,49.054134],[2.230913,49.05412],[2.230953,49.054107],[2.231086,49.054061],[2.231144,49.054037],[2.230871,49.053687],[2.230994,49.053656],[2.231538,49.053513],[2.231568,49.053453],[2.23363,49.055586],[2.233842,49.055751],[2.233922,49.055814],[2.234014,49.055861],[2.234168,49.055934],[2.234307,49.055896],[2.234469,49.055852],[2.234597,49.055821],[2.234648,49.055812],[2.234742,49.055805],[2.234921,49.055783],[2.235038,49.055773],[2.235252,49.05576],[2.23546,49.055747],[2.235579,49.055741],[2.235552,49.05586],[2.235534,49.055901],[2.235497,49.05601],[2.23547,49.056104],[2.235391,49.056404],[2.235315,49.056691],[2.235273,49.056867],[2.235239,49.057012],[2.235193,49.05721],[2.235184,49.057249],[2.235242,49.057249],[2.235796,49.05726],[2.236489,49.057274],[2.236477,49.057517],[2.236472,49.05764],[2.235828,49.057625],[2.235497,49.057616],[2.235485,49.057866],[2.235366,49.057874],[2.235321,49.057873],[2.235071,49.057854],[2.235014,49.057851],[2.234472,49.057828],[2.234464,49.057846],[2.234427,49.057944],[2.234403,49.058014],[2.23438,49.058076],[2.234367,49.058133],[2.234237,49.058155],[2.233937,49.058212],[2.23368,49.058265],[2.233388,49.058306],[2.233276,49.058321],[2.233178,49.058334],[2.233108,49.058348],[2.233186,49.05851],[2.232859,49.058561],[2.232299,49.058645],[2.232289,49.058625],[2.232244,49.058536],[2.232217,49.058512],[2.232162,49.058462],[2.232106,49.058416],[2.232076,49.058381],[2.232047,49.058333],[2.232036,49.058309],[2.23202,49.058246],[2.231998,49.058158],[2.231977,49.058113],[2.231946,49.058065],[2.231865,49.057986],[2.231798,49.057922],[2.231772,49.057893],[2.23179,49.057734],[2.231812,49.057546],[2.231727,49.057299],[2.23153,49.05728],[2.231493,49.057223],[2.231659,49.057142],[2.232157,49.056897],[2.232632,49.056662],[2.233053,49.056456],[2.233306,49.056333],[2.233521,49.056225],[2.233894,49.056078],[2.23405,49.056019],[2.233976,49.05602],[2.233804,49.05602],[2.233659,49.056019],[2.233543,49.056013],[2.233303,49.055992],[2.23307,49.055981],[2.23285,49.055969],[2.232735,49.055973],[2.232539,49.055989],[2.232407,49.056006],[2.232166,49.056048],[2.232092,49.056063],[2.231994,49.056081],[2.23182,49.05612],[2.231675,49.056182],[2.231594,49.056218],[2.231485,49.056298],[2.231385,49.05637],[2.231197,49.056472],[2.230952,49.056608],[2.230894,49.056656],[2.230644,49.056882],[2.230579,49.056942],[2.230478,49.057007],[2.23023,49.057164],[2.229884,49.057032],[2.229832,49.057013],[2.229813,49.05701],[2.229756,49.056753],[2.229741,49.056706],[2.229658,49.056509],[2.22964,49.056466],[2.229609,49.056466],[2.22904,49.05657],[2.229083,49.056646],[2.229185,49.056818],[2.229032,49.057115],[2.228793,49.057226],[2.22869,49.057273],[2.22841,49.057371],[2.228289,49.057411],[2.228029,49.057488],[2.227469,49.057386],[2.22744,49.05715],[2.227341,49.057022],[2.227264,49.056921],[2.227243,49.056897],[2.227024,49.056962],[2.226946,49.056981],[2.226809,49.057017],[2.226727,49.057037],[2.226576,49.057077],[2.226477,49.057103],[2.226387,49.057127],[2.226336,49.057139],[2.226295,49.057151],[2.226202,49.057174],[2.226184,49.057202],[2.22619,49.057436],[2.22619,49.057666],[2.226068,49.057708],[2.225923,49.057762],[2.225791,49.057807],[2.225694,49.057844],[2.225587,49.057883],[2.22551,49.057914],[2.225375,49.057602],[2.225301,49.057435],[2.225225,49.057456],[2.225039,49.057497],[2.225211,49.057812],[2.225313,49.057995],[2.225225,49.058039],[2.225141,49.058086],[2.22503,49.058152],[2.224907,49.058221],[2.224712,49.057951],[2.224443,49.057576],[2.224371,49.057586],[2.22429,49.057614],[2.224217,49.057636],[2.22418,49.057651],[2.224257,49.057766],[2.224448,49.058067],[2.224629,49.058354],[2.224502,49.05841],[2.224399,49.058445],[2.224261,49.058497],[2.224248,49.058494]]],[[[2.223912,49.061497],[2.223895,49.061499],[2.22384,49.061506],[2.223651,49.061529],[2.223443,49.061546],[2.223296,49.061556],[2.223174,49.061558],[2.222971,49.061552],[2.222331,49.061505],[2.221566,49.061457],[2.221605,49.061383],[2.221741,49.061126],[2.221905,49.060818],[2.222039,49.060565],[2.222122,49.060406],[2.222149,49.06032],[2.222169,49.060274],[2.222272,49.060187],[2.22246,49.060027],[2.222539,49.05996],[2.222572,49.059942],[2.223298,49.06066],[2.223376,49.060723],[2.22343,49.060781],[2.223469,49.060836],[2.22352,49.060685],[2.223645,49.060721],[2.223963,49.060811],[2.224045,49.060835],[2.224141,49.060816],[2.224402,49.060653],[2.224562,49.060556],[2.224717,49.060671],[2.225043,49.060776],[2.2254,49.060892],[2.22535,49.06101],[2.225261,49.061116],[2.225061,49.061351],[2.224893,49.061362],[2.224879,49.061363],[2.224871,49.061364],[2.224556,49.061407],[2.223912,49.061497]]],[[[2.264071,49.019548],[2.264087,49.02009],[2.264109,49.020723],[2.264109,49.020943],[2.264095,49.021038],[2.264079,49.021062],[2.26406,49.02109],[2.264015,49.021129],[2.263955,49.021167],[2.263757,49.02125],[2.263675,49.021285],[2.262428,49.021828],[2.262202,49.021927],[2.261846,49.022084],[2.261631,49.022177],[2.260437,49.022701],[2.259658,49.023043],[2.259612,49.023063],[2.259182,49.023251],[2.2581,49.023726],[2.258031,49.023757],[2.257952,49.023791],[2.257559,49.023965],[2.257464,49.023728],[2.257748,49.023519],[2.257821,49.023489],[2.257361,49.022873],[2.256688,49.021969],[2.257024,49.021862],[2.257956,49.021566],[2.257245,49.020591],[2.258571,49.020166],[2.259767,49.019783],[2.260112,49.019674],[2.260851,49.019443],[2.261493,49.019244],[2.261492,49.019239],[2.262193,49.019004],[2.262513,49.01891],[2.263526,49.01858],[2.263842,49.018481],[2.263941,49.01845],[2.263968,49.018465],[2.263984,49.018481],[2.264028,49.018595],[2.264041,49.018729],[2.264063,49.01926],[2.264071,49.019548]]],[[[2.249303,49.023793],[2.249339,49.023619],[2.24985,49.02387],[2.249879,49.02388],[2.25014,49.024071],[2.250158,49.024062],[2.25019,49.024045],[2.250335,49.024114],[2.250371,49.024128],[2.250405,49.024138],[2.250945,49.024068],[2.251461,49.023999],[2.251567,49.023989],[2.25204,49.023949],[2.252039,49.023953],[2.252023,49.024001],[2.252014,49.02405],[2.25201,49.0241],[2.252012,49.024149],[2.252021,49.024198],[2.252035,49.024247],[2.252054,49.024294],[2.25208,49.024341],[2.25211,49.024386],[2.252147,49.024429],[2.252188,49.024471],[2.252234,49.02451],[2.252284,49.024546],[2.252339,49.02458],[2.252397,49.024611],[2.25246,49.024639],[2.252525,49.024664],[2.252593,49.024685],[2.252663,49.024702],[2.252735,49.024716],[2.252809,49.024726],[2.252883,49.024733],[2.252958,49.024735],[2.253033,49.024734],[2.253108,49.024728],[2.253182,49.024719],[2.253254,49.024706],[2.253325,49.024689],[2.253394,49.024669],[2.25346,49.024645],[2.253523,49.024618],[2.253582,49.024588],[2.253638,49.024555],[2.253689,49.024519],[2.253736,49.02448],[2.253779,49.02444],[2.253816,49.024397],[2.253848,49.024352],[2.253875,49.024306],[2.253896,49.024258],[2.253911,49.02421],[2.253921,49.024161],[2.253924,49.024118],[2.254161,49.024136],[2.254309,49.024093],[2.25452,49.024032],[2.254904,49.023919],[2.254996,49.023892],[2.255199,49.023833],[2.255472,49.024197],[2.255757,49.024222],[2.255898,49.02429],[2.255949,49.024331],[2.256225,49.024564],[2.255445,49.024894],[2.25472,49.0252],[2.254614,49.025244],[2.254332,49.025363],[2.254327,49.025365],[2.253726,49.025636],[2.253525,49.025726],[2.253445,49.025762],[2.252028,49.026394],[2.251609,49.026581],[2.25011,49.027249],[2.249895,49.027346],[2.249329,49.027583],[2.249322,49.027586],[2.249076,49.027698],[2.249032,49.027678],[2.248873,49.027646],[2.248729,49.027646],[2.248594,49.027669],[2.248505,49.027703],[2.248416,49.027752],[2.248351,49.027816],[2.248298,49.027899],[2.248279,49.027997],[2.248308,49.028082],[2.248318,49.028096],[2.248329,49.028113],[2.248351,49.028147],[2.248608,49.02803],[2.248613,49.028041],[2.248629,49.028061],[2.24865,49.028083],[2.248401,49.028194],[2.248431,49.028215],[2.248455,49.02823],[2.248483,49.02825],[2.248601,49.028294],[2.248751,49.028322],[2.248873,49.028316],[2.248919,49.02836],[2.24968,49.029102],[2.249704,49.029126],[2.251365,49.030734],[2.251377,49.030744],[2.251398,49.030761],[2.251405,49.030766],[2.251419,49.03078],[2.251794,49.031144],[2.251771,49.031202],[2.251768,49.031254],[2.251792,49.031307],[2.251828,49.031352],[2.251869,49.031384],[2.251894,49.031398],[2.251926,49.031411],[2.251985,49.031428],[2.252028,49.031433],[2.252069,49.031437],[2.252092,49.031436],[2.252095,49.031436],[2.254112,49.033388],[2.254909,49.034155],[2.256139,49.035339],[2.25626,49.035466],[2.256378,49.03559],[2.256411,49.035624],[2.256418,49.035631],[2.256635,49.035832],[2.256644,49.03584],[2.256756,49.035929],[2.25678,49.035945],[2.256856,49.035988],[2.256884,49.036001],[2.257132,49.036098],[2.257159,49.036107],[2.257414,49.036175],[2.257558,49.036214],[2.257957,49.038338],[2.258277,49.040007],[2.25756,49.036215],[2.257603,49.036226],[2.257611,49.036228],[2.257868,49.036289],[2.258172,49.03636],[2.258405,49.036429],[2.258836,49.036573],[2.260237,49.037118],[2.261291,49.037523],[2.261832,49.03774],[2.261999,49.037809],[2.262124,49.037884],[2.262293,49.037988],[2.262633,49.038262],[2.262636,49.038265],[2.262984,49.03853],[2.263085,49.038626],[2.263143,49.038695],[2.26315,49.038703],[2.263153,49.038707],[2.263158,49.038713],[2.263163,49.038721],[2.26317,49.038729],[2.263175,49.038736],[2.263179,49.038741],[2.26318,49.038741],[2.263213,49.038783],[2.263243,49.038847],[2.263278,49.039011],[2.263259,49.039162],[2.26322,49.039249],[2.263177,49.039316],[2.263027,49.039512],[2.262897,49.03966],[2.262706,49.039878],[2.262457,49.040161],[2.262452,49.040167],[2.262283,49.040384],[2.260313,49.040919],[2.260287,49.040927],[2.255875,49.042417],[2.255849,49.042425],[2.255837,49.042429],[2.255807,49.042439],[2.254896,49.042747],[2.251745,49.043807],[2.249179,49.044671],[2.249179,49.044671],[2.243822,49.04648],[2.242939,49.046775],[2.241169,49.047367],[2.241128,49.047301],[2.241095,49.047234],[2.241065,49.047151],[2.240977,49.046871],[2.240945,49.046775],[2.24092,49.04671],[2.24131,49.046247],[2.241542,49.045977],[2.241622,49.045903],[2.241718,49.045826],[2.24183,49.045739],[2.242125,49.045539],[2.242494,49.045289],[2.242624,49.045222],[2.242662,49.04521],[2.242842,49.045219],[2.243165,49.045102],[2.243408,49.045012],[2.243471,49.044989],[2.243285,49.04478],[2.243012,49.044485],[2.242968,49.044429],[2.242981,49.044358],[2.243,49.044123],[2.242981,49.044349],[2.242921,49.044347],[2.242902,49.044344],[2.242885,49.044336],[2.242874,49.044326],[2.242865,49.044316],[2.242851,49.044311],[2.242841,49.04431],[2.242826,49.044312],[2.24281,49.044321],[2.242794,49.044333],[2.242773,49.044356],[2.242759,49.044367],[2.242741,49.044373],[2.242722,49.044377],[2.242702,49.044377],[2.242666,49.044373],[2.242634,49.04437],[2.242614,49.044371],[2.242584,49.044376],[2.242568,49.044377],[2.242531,49.044375],[2.242467,49.044374],[2.242444,49.044375],[2.242415,49.044379],[2.242394,49.044389],[2.242375,49.044394],[2.242335,49.044397],[2.242316,49.044394],[2.242288,49.044389],[2.242262,49.044387],[2.242243,49.044388],[2.242213,49.044396],[2.242182,49.044398],[2.242162,49.044395],[2.242131,49.044384],[2.24211,49.044374],[2.242087,49.044361],[2.242077,49.044359],[2.242049,49.044357],[2.241983,49.044352],[2.241928,49.044343],[2.241895,49.044337],[2.241869,49.044331],[2.241851,49.044333],[2.241834,49.044338],[2.241818,49.044344],[2.241801,49.044356],[2.241783,49.044375],[2.24171,49.044445],[2.241675,49.044474],[2.241641,49.044501],[2.241621,49.04451],[2.241592,49.044521],[2.24154,49.044524],[2.241477,49.044521],[2.241403,49.044512],[2.24137,49.04451],[2.241334,49.044514],[2.241302,49.044519],[2.241274,49.044521],[2.24124,49.044522],[2.241212,49.04452],[2.241183,49.044523],[2.241143,49.044532],[2.241047,49.044565],[2.240971,49.044592],[2.240893,49.044624],[2.240865,49.044601],[2.240828,49.044618],[2.240726,49.044674],[2.240592,49.044753],[2.24047,49.044829],[2.240355,49.04488],[2.240254,49.044929],[2.240147,49.044988],[2.240077,49.045028],[2.239897,49.045126],[2.23975,49.045038],[2.239382,49.044823],[2.239422,49.044794],[2.239667,49.044616],[2.239759,49.044548],[2.239066,49.044168],[2.239353,49.043942],[2.239661,49.043702],[2.239918,49.043505],[2.23994,49.043482],[2.239877,49.043435],[2.239832,49.043406],[2.239792,49.043382],[2.239748,49.043357],[2.239691,49.043327],[2.239645,49.043307],[2.239576,49.04328],[2.239517,49.043258],[2.239462,49.043238],[2.239386,49.043211],[2.239372,49.043205],[2.239331,49.043192],[2.239159,49.043141],[2.239052,49.043109],[2.238883,49.043062],[2.238689,49.043008],[2.238614,49.042987],[2.238473,49.043089],[2.237993,49.04346],[2.237669,49.043293],[2.237589,49.043252],[2.237318,49.043111],[2.237217,49.043072],[2.237123,49.043038],[2.236908,49.04298],[2.236888,49.042961],[2.236868,49.042936],[2.236796,49.042939],[2.236679,49.042944],[2.236595,49.042947],[2.236439,49.042926],[2.236309,49.042885],[2.236254,49.042869],[2.23615,49.042832],[2.235998,49.042777],[2.235891,49.042683],[2.235748,49.042462],[2.235642,49.0423],[2.235555,49.042165],[2.235406,49.041911],[2.235311,49.041903],[2.235245,49.041899],[2.235187,49.041898],[2.235104,49.0419],[2.235026,49.041906],[2.234965,49.041913],[2.234918,49.04192],[2.234847,49.041913],[2.234636,49.041794],[2.234506,49.041722],[2.234407,49.041667],[2.234323,49.041621],[2.234258,49.04159],[2.234213,49.041569],[2.234159,49.041545],[2.234014,49.041481],[2.233988,49.041469],[2.233962,49.041462],[2.233945,49.041465],[2.233769,49.041526],[2.233794,49.041563],[2.233637,49.041616],[2.233275,49.041737],[2.233152,49.041778],[2.232518,49.041991],[2.232239,49.042084],[2.232181,49.042103],[2.231782,49.042237],[2.231467,49.042343],[2.231458,49.042407],[2.231292,49.042511],[2.231223,49.042559],[2.231044,49.042673],[2.23093,49.042743],[2.230874,49.042785],[2.230854,49.042776],[2.230836,49.042761],[2.230823,49.042735],[2.230766,49.042587],[2.230749,49.042544],[2.230737,49.042494],[2.23073,49.042448],[2.230734,49.042346],[2.230739,49.042316],[2.230764,49.042275],[2.230811,49.042244],[2.230982,49.042154],[2.231069,49.042112],[2.231182,49.04207],[2.231238,49.04205],[2.23124,49.04201],[2.231251,49.041972],[2.231147,49.041748],[2.230994,49.041437],[2.230966,49.04144],[2.230444,49.041542],[2.229552,49.041722],[2.229025,49.041822],[2.228882,49.041512],[2.228848,49.041443],[2.228773,49.041271],[2.229222,49.04124],[2.229293,49.041234],[2.229315,49.041232],[2.229356,49.041229],[2.229381,49.041227],[2.2296,49.04121],[2.230021,49.041177],[2.231316,49.041076],[2.23147,49.040902],[2.23164,49.040708],[2.231561,49.040611],[2.231109,49.040645],[2.231206,49.040058],[2.2313,49.039473],[2.23099,49.039499],[2.230384,49.039551],[2.229055,49.03966],[2.228823,49.039677],[2.22877,49.039616],[2.228747,49.039588],[2.228914,49.039424],[2.229055,49.039233],[2.229321,49.03901],[2.229489,49.038868],[2.22956,49.03878],[2.229685,49.038624],[2.229554,49.038488],[2.229523,49.038457],[2.229432,49.038495],[2.229135,49.038618],[2.228326,49.038952],[2.227627,49.039242],[2.227476,49.039147],[2.226975,49.038826],[2.226921,49.038775],[2.226774,49.038608],[2.226602,49.038409],[2.226456,49.038207],[2.226408,49.038142],[2.226389,49.038113],[2.226353,49.038061],[2.226298,49.037952],[2.226241,49.037833],[2.22623,49.03781],[2.226214,49.037763],[2.22663,49.037623],[2.227018,49.037492],[2.226969,49.037335],[2.226871,49.037031],[2.226511,49.03712],[2.226151,49.03721],[2.226151,49.037118],[2.226901,49.036963],[2.227345,49.03707],[2.227841,49.037187],[2.230184,49.036161],[2.230905,49.035843],[2.231853,49.035415],[2.232957,49.034924],[2.232959,49.034884],[2.233002,49.034865],[2.233781,49.034588],[2.233724,49.034549],[2.234077,49.034391],[2.233945,49.03418],[2.2328,49.033834],[2.231796,49.033508],[2.231341,49.03358],[2.231076,49.033306],[2.230389,49.033071],[2.229841,49.032898],[2.229706,49.032878],[2.229605,49.032924],[2.229344,49.033039],[2.229305,49.033049],[2.229286,49.033044],[2.229268,49.03303],[2.229219,49.032925],[2.229191,49.032878],[2.229183,49.032868],[2.229134,49.032812],[2.228939,49.032458],[2.228796,49.032199],[2.228668,49.031981],[2.228558,49.03178],[2.228528,49.031719],[2.228716,49.031851],[2.228845,49.031946],[2.228904,49.031985],[2.229039,49.032045],[2.229128,49.032077],[2.229305,49.032132],[2.229344,49.032083],[2.230157,49.031755],[2.229653,49.031336],[2.229462,49.031166],[2.22905,49.030802],[2.228666,49.030461],[2.228614,49.030413],[2.228512,49.030319],[2.229001,49.03008],[2.229201,49.029981],[2.229531,49.029677],[2.229675,49.029535],[2.229811,49.029439],[2.23005,49.029397],[2.230278,49.029385],[2.230331,49.029373],[2.230595,49.029268],[2.230635,49.029248],[2.23066,49.029238],[2.230902,49.029088],[2.231181,49.028905],[2.231458,49.028742],[2.231778,49.028552],[2.231823,49.028533],[2.231886,49.028519],[2.232034,49.028502],[2.232173,49.028499],[2.232455,49.028562],[2.232923,49.028704],[2.233332,49.028812],[2.233831,49.02893],[2.233996,49.028923],[2.234104,49.028918],[2.23414,49.028911],[2.234493,49.028842],[2.234651,49.028771],[2.234726,49.028739],[2.234908,49.02867],[2.235073,49.028611],[2.23517,49.028562],[2.235253,49.028519],[2.235383,49.028453],[2.235426,49.028437],[2.235471,49.028421],[2.235515,49.028405],[2.235799,49.028326],[2.235975,49.028277],[2.235995,49.028276],[2.236202,49.028214],[2.236291,49.028176],[2.236378,49.028118],[2.236475,49.028032],[2.236648,49.028411],[2.23681,49.028784],[2.236807,49.028795],[2.236452,49.028773],[2.236856,49.028799],[2.237005,49.028809],[2.237097,49.028815],[2.237214,49.028816],[2.237251,49.028814],[2.237455,49.02877],[2.237671,49.028721],[2.237659,49.028705],[2.23733,49.028252],[2.237496,49.028195],[2.237402,49.028067],[2.237347,49.027995],[2.237296,49.027928],[2.237361,49.027907],[2.237404,49.027893],[2.237454,49.027958],[2.237505,49.02803],[2.237541,49.028018],[2.237537,49.028012],[2.237278,49.027671],[2.23739,49.027631],[2.237397,49.027605],[2.237434,49.027442],[2.23746,49.027321],[2.237468,49.027286],[2.237499,49.027236],[2.237738,49.026988],[2.238072,49.027289],[2.238545,49.027068],[2.238448,49.027015],[2.238189,49.026881],[2.238276,49.026816],[2.238349,49.026763],[2.238389,49.026729],[2.23835,49.026715],[2.238185,49.026658],[2.238151,49.026639],[2.23813,49.026621],[2.238118,49.026599],[2.238123,49.026582],[2.238131,49.026566],[2.238159,49.026544],[2.238349,49.026384],[2.238441,49.026336],[2.238566,49.026268],[2.238705,49.02618],[2.238774,49.026135],[2.238877,49.026063],[2.239093,49.025904],[2.239206,49.02587],[2.239238,49.025861],[2.239407,49.025838],[2.239933,49.025775],[2.240277,49.025634],[2.240546,49.02554],[2.241004,49.025463],[2.24101,49.025462],[2.241023,49.025474],[2.241365,49.025552],[2.241859,49.025676],[2.241895,49.025682],[2.24207,49.025711],[2.242603,49.025566],[2.242737,49.025753],[2.242788,49.025825],[2.242852,49.025803],[2.242983,49.025759],[2.24309,49.025723],[2.243144,49.025705],[2.243307,49.025655],[2.243663,49.025982],[2.243698,49.026134],[2.24372,49.026175],[2.243739,49.026241],[2.243757,49.026231],[2.24387,49.026152],[2.244086,49.026],[2.244183,49.025932],[2.244439,49.02575],[2.244454,49.025739],[2.244443,49.025715],[2.244381,49.025581],[2.244449,49.025545],[2.244526,49.025502],[2.244701,49.025653],[2.244783,49.025574],[2.244989,49.025648],[2.245292,49.025057],[2.245486,49.024429],[2.245601,49.024351],[2.245675,49.024268],[2.24579,49.02419],[2.246073,49.024037],[2.24723,49.023976],[2.247232,49.023985],[2.247549,49.023963],[2.247723,49.023951],[2.247774,49.024067],[2.247874,49.024295],[2.2483,49.024268],[2.248442,49.024259],[2.248631,49.024195],[2.248851,49.024073],[2.248858,49.02407],[2.249052,49.023939],[2.24911,49.023915],[2.249161,49.023908],[2.249244,49.023909],[2.249277,49.023917],[2.249303,49.023793]],[[2.230124,49.032691],[2.229706,49.032878],[2.230497,49.032529],[2.230376,49.032582],[2.230124,49.032691]],[[2.25081,49.025494],[2.250033,49.024518],[2.249685,49.024081],[2.250865,49.025566],[2.250834,49.025524],[2.250826,49.025514],[2.25081,49.025494]],[[2.230991,49.032309],[2.230877,49.032361],[2.233016,49.031415],[2.232491,49.031646],[2.23171,49.031991],[2.230991,49.032309]]],[[[2.250341,49.027471],[2.251839,49.026804],[2.252258,49.026618],[2.253957,49.025859],[2.254299,49.025705],[2.254331,49.025691],[2.254556,49.025589],[2.254564,49.025586],[2.254609,49.025588],[2.254632,49.025572],[2.254646,49.025551],[2.254835,49.025471],[2.25494,49.025427],[2.255667,49.025121],[2.255736,49.025092],[2.256461,49.024785],[2.256746,49.024664],[2.256753,49.024661],[2.257293,49.024412],[2.257688,49.024233],[2.258197,49.024008],[2.259886,49.023267],[2.261858,49.022402],[2.262008,49.022337],[2.262046,49.02232],[2.262073,49.022309],[2.26243,49.022151],[2.262655,49.022052],[2.263899,49.021511],[2.263978,49.021477],[2.264193,49.021388],[2.264213,49.021378],[2.264225,49.021371],[2.264311,49.021316],[2.264324,49.021307],[2.264332,49.021301],[2.264401,49.021241],[2.264415,49.021227],[2.264426,49.021213],[2.264455,49.02117],[2.264484,49.021127],[2.264494,49.021107],[2.2645,49.021086],[2.264501,49.02108],[2.264538,49.021059],[2.265192,49.020755],[2.265498,49.020616],[2.265538,49.020604],[2.26563,49.02058],[2.265667,49.020568],[2.265825,49.020505],[2.267313,49.019845],[2.267311,49.019844],[2.267275,49.019819],[2.267288,49.019803],[2.267288,49.019784],[2.266831,49.018979],[2.26666,49.018689],[2.266203,49.017936],[2.266272,49.017924],[2.266625,49.017862],[2.266732,49.017847],[2.266791,49.017843],[2.266845,49.017843],[2.266976,49.017854],[2.267113,49.017874],[2.267169,49.017882],[2.267261,49.017884],[2.267333,49.01788],[2.267458,49.017865],[2.267565,49.017841],[2.267662,49.017811],[2.267763,49.017769],[2.267848,49.017727],[2.267982,49.01764],[2.268055,49.017601],[2.268154,49.017558],[2.268294,49.017511],[2.268504,49.017428],[2.268968,49.017283],[2.269404,49.01715],[2.269894,49.017004],[2.270201,49.016947],[2.270663,49.016868],[2.270962,49.016847],[2.270964,49.016894],[2.270973,49.016943],[2.270986,49.016992],[2.270996,49.017014],[2.271006,49.017039],[2.271032,49.017086],[2.271062,49.017131],[2.271099,49.017174],[2.27114,49.017216],[2.271186,49.017255],[2.271236,49.017291],[2.271291,49.017325],[2.271349,49.017356],[2.271381,49.01737],[2.271412,49.017384],[2.271477,49.017409],[2.271545,49.01743],[2.271615,49.017447],[2.271687,49.017461],[2.271761,49.017471],[2.271835,49.017477],[2.27191,49.01748],[2.271985,49.017478],[2.27206,49.017473],[2.272134,49.017464],[2.272206,49.017451],[2.272277,49.017434],[2.272346,49.017414],[2.272369,49.017405],[2.272411,49.01739],[2.272474,49.017363],[2.272495,49.017353],[2.272528,49.017336],[2.272534,49.017333],[2.272589,49.0173],[2.272641,49.017264],[2.272688,49.017225],[2.27273,49.017184],[2.272768,49.017141],[2.2728,49.017097],[2.272826,49.01705],[2.272847,49.017003],[2.272863,49.016955],[2.272872,49.016906],[2.272876,49.016856],[2.272874,49.016807],[2.272866,49.016758],[2.272852,49.016709],[2.272832,49.016661],[2.272806,49.016615],[2.272776,49.01657],[2.27274,49.016527],[2.272698,49.016485],[2.272652,49.016446],[2.27264,49.016437],[2.272683,49.016417],[2.272872,49.016301],[2.273196,49.016158],[2.274095,49.01585],[2.274132,49.015834],[2.274387,49.015731],[2.274705,49.015581],[2.275457,49.01529],[2.275523,49.015264],[2.275569,49.015238],[2.275608,49.015212],[2.27566,49.01517],[2.275687,49.015143],[2.275717,49.015104],[2.27594,49.014734],[2.276097,49.014465],[2.276114,49.014447],[2.276127,49.01444],[2.276164,49.014426],[2.276202,49.014416],[2.276224,49.01442],[2.276765,49.014571],[2.277154,49.014682],[2.277229,49.014704],[2.277308,49.014737],[2.277368,49.014767],[2.277852,49.01505],[2.277951,49.015109],[2.278025,49.015161],[2.278087,49.015213],[2.278145,49.015277],[2.278206,49.015353],[2.278364,49.01563],[2.27848,49.015815],[2.277299,49.016419],[2.277734,49.016826],[2.277937,49.017016],[2.2778,49.017091],[2.277996,49.017237],[2.2781,49.017315],[2.277875,49.017435],[2.277616,49.017574],[2.27741,49.017684],[2.277222,49.017785],[2.277032,49.017886],[2.276833,49.017993],[2.276385,49.018235],[2.277652,49.0196],[2.277146,49.019951],[2.277105,49.020115],[2.277038,49.020284],[2.277009,49.020329],[2.276942,49.020411],[2.276885,49.020479],[2.276723,49.020673],[2.276623,49.020831],[2.276583,49.020911],[2.276564,49.020953],[2.276541,49.02102],[2.276529,49.021076],[2.276497,49.021251],[2.276436,49.021531],[2.276376,49.021708],[2.276296,49.021947],[2.276278,49.021974],[2.276238,49.022022],[2.276214,49.022044],[2.276186,49.022069],[2.276156,49.022089],[2.276136,49.022103],[2.276087,49.022132],[2.276048,49.022151],[2.275994,49.022173],[2.275833,49.02222],[2.27564,49.022276],[2.275157,49.022412],[2.274712,49.022536],[2.27468,49.022547],[2.274672,49.022587],[2.274505,49.023043],[2.275464,49.023305],[2.275708,49.023001],[2.276035,49.023184],[2.277895,49.022455],[2.277989,49.022413],[2.278098,49.022364],[2.278306,49.022271],[2.278502,49.022183],[2.279052,49.02194],[2.279206,49.021892],[2.279015,49.02172],[2.278651,49.021338],[2.278463,49.02114],[2.278575,49.021132],[2.278627,49.021125],[2.278666,49.021115],[2.2787,49.021101],[2.278774,49.021062],[2.2788,49.021051],[2.278846,49.021041],[2.278867,49.021031],[2.278893,49.020993],[2.278911,49.020972],[2.278923,49.020965],[2.278915,49.020957],[2.278526,49.020598],[2.278974,49.020382],[2.279891,49.01994],[2.28027,49.019757],[2.280824,49.020149],[2.280841,49.02016],[2.280856,49.020135],[2.280871,49.0201],[2.280869,49.020051],[2.28085,49.01999],[2.280849,49.019965],[2.280859,49.019942],[2.280874,49.019925],[2.280915,49.019902],[2.281048,49.019807],[2.281076,49.019791],[2.28122,49.019742],[2.28126,49.019727],[2.281294,49.019711],[2.281806,49.019443],[2.28205,49.019311],[2.282101,49.01929],[2.282139,49.019281],[2.282224,49.019276],[2.282279,49.019271],[2.282307,49.019264],[2.282324,49.019256],[2.282356,49.01923],[2.28238,49.019214],[2.282502,49.019177],[2.282584,49.019148],[2.282936,49.018937],[2.282964,49.018917],[2.282981,49.018899],[2.28303,49.018825],[2.283046,49.018807],[2.283072,49.018786],[2.283306,49.01895],[2.283772,49.01933],[2.284035,49.01955],[2.284113,49.019611],[2.284429,49.019809],[2.284856,49.020078],[2.284905,49.020108],[2.284948,49.020129],[2.284991,49.020145],[2.285066,49.020166],[2.286031,49.020393],[2.286066,49.020404],[2.286082,49.020416],[2.286119,49.020431],[2.286447,49.020492],[2.286449,49.020495],[2.286456,49.020501],[2.286465,49.020506],[2.286476,49.02051],[2.286577,49.020541],[2.286746,49.020643],[2.286747,49.020644],[2.286752,49.020646],[2.286826,49.02068],[2.286831,49.020683],[2.286839,49.020685],[2.287038,49.02074],[2.28704,49.020741],[2.287121,49.020761],[2.287133,49.020763],[2.287145,49.020764],[2.287156,49.020763],[2.287164,49.020762],[2.287238,49.020782],[2.287612,49.020898],[2.287744,49.020939],[2.287756,49.020946],[2.288205,49.021271],[2.288571,49.021533],[2.288782,49.021702],[2.288818,49.021731],[2.28882,49.021732],[2.289322,49.0221],[2.289632,49.022337],[2.289857,49.022517],[2.290091,49.022713],[2.290305,49.022911],[2.290457,49.023071],[2.290712,49.023366],[2.291022,49.023756],[2.2908,49.023795],[2.29079,49.023797],[2.290781,49.0238],[2.290772,49.023805],[2.290765,49.02381],[2.290759,49.023816],[2.290754,49.023822],[2.290751,49.023829],[2.29075,49.023836],[2.29075,49.023843],[2.290752,49.02385],[2.290754,49.023854],[2.290767,49.023886],[2.290767,49.023887],[2.290771,49.023894],[2.290776,49.0239],[2.290782,49.023906],[2.29079,49.02391],[2.290799,49.023914],[2.290809,49.023918],[2.290819,49.02392],[2.29083,49.02392],[2.29084,49.02392],[2.290851,49.023919],[2.291122,49.023871],[2.291142,49.023873],[2.291159,49.023877],[2.291282,49.023975],[2.29129,49.02398],[2.291299,49.023984],[2.291308,49.023988],[2.291319,49.02399],[2.29133,49.023991],[2.291341,49.023991],[2.291351,49.02399],[2.29136,49.023988],[2.291362,49.023987],[2.291371,49.023984],[2.291376,49.023982],[2.291392,49.023975],[2.291441,49.023955],[2.291451,49.02395],[2.291459,49.023945],[2.291465,49.023938],[2.29147,49.023931],[2.291472,49.023924],[2.291473,49.023916],[2.291472,49.023909],[2.291469,49.023901],[2.291464,49.023894],[2.291457,49.023888],[2.291434,49.02387],[2.291427,49.023859],[2.292141,49.023732],[2.292306,49.023703],[2.292639,49.023643],[2.29297,49.023629],[2.293098,49.023623],[2.293295,49.023612],[2.293603,49.023614],[2.29374,49.023612],[2.293877,49.023609],[2.294088,49.023601],[2.294385,49.023587],[2.294585,49.023582],[2.294849,49.023581],[2.295052,49.023576],[2.295253,49.023556],[2.295262,49.023571],[2.295278,49.023585],[2.295302,49.023618],[2.295346,49.023649],[2.295357,49.023657],[2.295405,49.023693],[2.295404,49.023695],[2.295408,49.023694],[2.295486,49.023727],[2.295575,49.02375],[2.295669,49.023761],[2.295765,49.02376],[2.295852,49.023823],[2.295896,49.023875],[2.295387,49.023952],[2.295316,49.023988],[2.295325,49.024033],[2.295306,49.024227],[2.296148,49.024558],[2.296179,49.02457],[2.296227,49.024589],[2.296471,49.024522],[2.296569,49.02461],[2.296577,49.024617],[2.296582,49.024621],[2.296681,49.024694],[2.296658,49.024709],[2.296646,49.024717],[2.296634,49.024726],[2.296624,49.024736],[2.296614,49.024746],[2.296606,49.024756],[2.296598,49.024767],[2.296592,49.024777],[2.296586,49.024789],[2.296582,49.0248],[2.296579,49.024812],[2.296577,49.024823],[2.296576,49.024835],[2.296577,49.024847],[2.296578,49.024859],[2.296581,49.02487],[2.296585,49.024882],[2.29659,49.024893],[2.296596,49.024904],[2.296604,49.024915],[2.296612,49.024925],[2.296621,49.024935],[2.296631,49.024945],[2.296643,49.024954],[2.296655,49.024963],[2.296668,49.024971],[2.29668,49.024978],[2.296717,49.024997],[2.296718,49.024998],[2.296733,49.025005],[2.296748,49.025011],[2.296763,49.025016],[2.29678,49.025021],[2.296796,49.025026],[2.296813,49.025029],[2.296831,49.025032],[2.296848,49.025034],[2.296866,49.025035],[2.296884,49.025036],[2.296902,49.025035],[2.29692,49.025034],[2.296938,49.025033],[2.296955,49.02503],[2.296972,49.025027],[2.296989,49.025023],[2.297005,49.025018],[2.297021,49.025012],[2.297036,49.025006],[2.297051,49.025],[2.297065,49.024992],[2.297078,49.024984],[2.29708,49.024983],[2.297102,49.024968],[2.297256,49.025064],[2.297264,49.025068],[2.297277,49.025075],[2.297388,49.025128],[2.297402,49.025133],[2.297534,49.025186],[2.297539,49.025188],[2.297818,49.02529],[2.297835,49.025295],[2.298191,49.025397],[2.298197,49.025399],[2.298456,49.025466],[2.29847,49.025469],[2.2986,49.025495],[2.298617,49.025498],[2.298739,49.025514],[2.298743,49.025515],[2.298751,49.025516],[2.298993,49.025539],[2.299013,49.02554],[2.299225,49.025547],[2.299233,49.025547],[2.299242,49.025547],[2.299459,49.025542],[2.29947,49.025542],[2.300243,49.025498],[2.300249,49.025497],[2.301009,49.025441],[2.301775,49.025383],[2.303059,49.025288],[2.303314,49.025274],[2.303467,49.025269],[2.303473,49.025269],[2.303551,49.025273],[2.303668,49.02528],[2.303862,49.025299],[2.303885,49.025302],[2.305007,49.025428],[2.306111,49.025559],[2.306605,49.025614],[2.307187,49.02568],[2.307837,49.025754],[2.308577,49.025842],[2.309358,49.025931],[2.309455,49.025942],[2.309851,49.025989],[2.310473,49.026055],[2.310605,49.026073],[2.310711,49.026095],[2.310716,49.026096],[2.310817,49.026116],[2.310942,49.026158],[2.310954,49.026162],[2.311095,49.026211],[2.31121,49.026267],[2.311338,49.026337],[2.311427,49.026406],[2.31154,49.026505],[2.311603,49.026579],[2.311654,49.026648],[2.311717,49.026767],[2.311754,49.026872],[2.311778,49.026941],[2.311791,49.027021],[2.311802,49.027158],[2.311797,49.027267],[2.311778,49.027361],[2.311739,49.027483],[2.311699,49.027565],[2.311653,49.027651],[2.311608,49.02771],[2.311554,49.027782],[2.311495,49.027845],[2.31143,49.027901],[2.311343,49.02796],[2.311259,49.028013],[2.311102,49.028096],[2.310717,49.028255],[2.310428,49.02837],[2.310405,49.028381],[2.310401,49.028384],[2.310156,49.028523],[2.310137,49.028535],[2.310039,49.028608],[2.310017,49.028628],[2.310013,49.028632],[2.309915,49.028749],[2.309911,49.028755],[2.309735,49.028993],[2.309645,49.029097],[2.309219,49.029496],[2.308702,49.029925],[2.308556,49.030036],[2.308543,49.030047],[2.308339,49.03024],[2.30824,49.030336],[2.308233,49.030343],[2.308131,49.030454],[2.308123,49.030465],[2.308057,49.030555],[2.30805,49.030566],[2.308042,49.030583],[2.307994,49.030719],[2.307993,49.030725],[2.30799,49.030736],[2.307961,49.03092],[2.30796,49.030933],[2.307962,49.030949],[2.307964,49.030961],[2.307972,49.03101],[2.30799,49.031114],[2.307992,49.031121],[2.307997,49.031137],[2.308056,49.03127],[2.308059,49.031277],[2.308062,49.031282],[2.308111,49.031363],[2.30812,49.031375],[2.308153,49.031418],[2.308178,49.03145],[2.308182,49.031454],[2.308187,49.031459],[2.308275,49.031553],[2.308285,49.031562],[2.3084,49.031663],[2.308406,49.031668],[2.308409,49.03167],[2.308546,49.031774],[2.308559,49.031783],[2.309426,49.032324],[2.309609,49.032444],[2.309734,49.032535],[2.309849,49.032623],[2.310106,49.032842],[2.310246,49.032984],[2.310396,49.03316],[2.310589,49.033435],[2.310642,49.033535],[2.310675,49.033598],[2.310799,49.03389],[2.310839,49.033992],[2.310852,49.034033],[2.310787,49.03399],[2.309965,49.034341],[2.310546,49.034736],[2.310505,49.034757],[2.31042,49.034801],[2.31038,49.034822],[2.310336,49.034845],[2.310331,49.034848],[2.310292,49.034868],[2.310244,49.034893],[2.310219,49.034907],[2.310172,49.034931],[2.310075,49.034982],[2.309904,49.035071],[2.30981,49.03512],[2.309758,49.035147],[2.309733,49.03516],[2.309706,49.035174],[2.309645,49.035206],[2.309556,49.035252],[2.309472,49.035296],[2.309379,49.035345],[2.309281,49.035396],[2.309308,49.035434],[2.308957,49.03561],[2.30794,49.036131],[2.30775,49.037528],[2.307777,49.037544],[2.307827,49.038046],[2.307837,49.038062],[2.307842,49.038065],[2.307916,49.038114],[2.3095,49.03916],[2.309898,49.039423],[2.310133,49.039578],[2.310259,49.039661],[2.310222,49.03972],[2.310132,49.039841],[2.310096,49.039892],[2.309401,49.039403],[2.308785,49.038966],[2.308325,49.038596],[2.307593,49.038297],[2.306789,49.038766],[2.306702,49.038894],[2.306678,49.038927],[2.306641,49.038955],[2.306515,49.039016],[2.306334,49.039112],[2.306228,49.039166],[2.30621,49.039206],[2.306215,49.039233],[2.306248,49.039286],[2.306315,49.039391],[2.306335,49.039424],[2.306338,49.039463],[2.306328,49.039492],[2.306287,49.039538],[2.306236,49.039575],[2.306149,49.039621],[2.306077,49.039652],[2.305951,49.039684],[2.305881,49.039712],[2.305829,49.039739],[2.305726,49.039806],[2.305641,49.039856],[2.305574,49.039902],[2.305397,49.04003],[2.305331,49.040065],[2.305274,49.040079],[2.305219,49.040118],[2.305107,49.040201],[2.305001,49.040282],[2.304889,49.040388],[2.304805,49.040445],[2.304807,49.040479],[2.304805,49.040517],[2.304792,49.040557],[2.30479,49.040558],[2.30477,49.040571],[2.30454,49.04071],[2.304409,49.040828],[2.304401,49.040837],[2.304254,49.041088],[2.30419,49.041181],[2.304146,49.041223],[2.304111,49.041238],[2.304035,49.04125],[2.303949,49.04128],[2.303833,49.041388],[2.303841,49.041647],[2.303752,49.042048],[2.303307,49.042087],[2.302984,49.042115],[2.302748,49.042184],[2.302381,49.042162],[2.302296,49.042172],[2.302232,49.042181],[2.302203,49.042191],[2.302305,49.042335],[2.302301,49.042349],[2.301837,49.042251],[2.301704,49.041739],[2.301751,49.041736],[2.301737,49.041718],[2.301686,49.041646],[2.301677,49.04163],[2.301676,49.041615],[2.301681,49.041596],[2.301689,49.041579],[2.301698,49.041561],[2.301707,49.04153],[2.301709,49.041502],[2.301722,49.041469],[2.301729,49.04143],[2.301728,49.041406],[2.301723,49.041373],[2.30171,49.041307],[2.301686,49.041221],[2.301673,49.041229],[2.300885,49.041763],[2.300883,49.041562],[2.300855,49.041539],[2.300452,49.04156],[2.300172,49.041572],[2.300091,49.041573],[2.299971,49.041552],[2.299864,49.041525],[2.299669,49.04149],[2.299483,49.041464],[2.299441,49.041451],[2.29934,49.041402],[2.299315,49.041394],[2.299173,49.041371],[2.299069,49.041358],[2.29902,49.041343],[2.298802,49.041276],[2.298738,49.041296],[2.29871,49.041315],[2.29868,49.041364],[2.298644,49.041431],[2.29861,49.041487],[2.298539,49.041579],[2.298475,49.041625],[2.298444,49.04168],[2.298416,49.041724],[2.298386,49.041748],[2.298272,49.041773],[2.298175,49.04179],[2.29802,49.041818],[2.297905,49.041848],[2.297583,49.041991],[2.297589,49.042099],[2.297575,49.042114],[2.297547,49.042142],[2.297521,49.042127],[2.297501,49.042118],[2.297474,49.042109],[2.297447,49.042105],[2.297412,49.042105],[2.297393,49.042108],[2.297373,49.042113],[2.297352,49.042123],[2.297345,49.042133],[2.29734,49.042146],[2.297342,49.042174],[2.297328,49.042186],[2.297316,49.042196],[2.297249,49.042217],[2.297194,49.042246],[2.297048,49.042266],[2.297006,49.042293],[2.296629,49.042123],[2.296045,49.041887],[2.29588,49.041838],[2.295805,49.041853],[2.295603,49.041724],[2.295538,49.041736],[2.29498,49.041838],[2.294993,49.041808],[2.29542,49.041302],[2.294467,49.041221],[2.294442,49.041218],[2.292821,49.041077],[2.292763,49.041386],[2.292756,49.041427],[2.292751,49.041453],[2.292783,49.041539],[2.292941,49.041662],[2.293274,49.041978],[2.293238,49.041985],[2.293326,49.042055],[2.293338,49.042091],[2.293342,49.042105],[2.29329,49.042122],[2.29325,49.042124],[2.293063,49.042193],[2.292834,49.042296],[2.292808,49.042296],[2.292604,49.042298],[2.292765,49.042593],[2.29296,49.042539],[2.293,49.042605],[2.293011,49.042655],[2.292991,49.04266],[2.292888,49.042684],[2.29282,49.042701],[2.292693,49.042731],[2.292771,49.042841],[2.292672,49.042873],[2.292687,49.042891],[2.29223,49.042938],[2.292062,49.042978],[2.292008,49.043057],[2.291886,49.043227],[2.291653,49.04344],[2.291663,49.043444],[2.291655,49.043446],[2.291613,49.043419],[2.291606,49.043415],[2.291535,49.043378],[2.291496,49.04336],[2.29146,49.043344],[2.29138,49.043314],[2.291298,49.043289],[2.291213,49.043267],[2.291125,49.043251],[2.291036,49.043238],[2.290945,49.043231],[2.290854,49.043228],[2.290763,49.04323],[2.290672,49.043236],[2.290582,49.043247],[2.290494,49.043263],[2.290422,49.04328],[2.290408,49.043283],[2.290325,49.043308],[2.290245,49.043337],[2.290168,49.04337],[2.290096,49.043407],[2.290029,49.043447],[2.289966,49.043491],[2.289909,49.043537],[2.289858,49.043587],[2.289812,49.043639],[2.289773,49.043693],[2.289741,49.043749],[2.289715,49.043807],[2.289697,49.043866],[2.289685,49.043925],[2.289681,49.043985],[2.289683,49.044028],[2.289656,49.044025],[2.289645,49.044024],[2.289615,49.044022],[2.289607,49.044021],[2.289603,49.044021],[2.289377,49.044002],[2.289352,49.044],[2.289257,49.044001],[2.289224,49.044002],[2.289147,49.044011],[2.289136,49.044012],[2.289039,49.044026],[2.289015,49.044031],[2.289,49.044035],[2.288892,49.044066],[2.288874,49.044072],[2.288859,49.044078],[2.288577,49.044206],[2.288568,49.04421],[2.288365,49.044313],[2.288358,49.044317],[2.287966,49.044537],[2.287549,49.044766],[2.287209,49.044952],[2.287091,49.045017],[2.285367,49.045973],[2.284814,49.046264],[2.284801,49.046272],[2.284631,49.04638],[2.284569,49.046414],[2.284539,49.046431],[2.284522,49.04644],[2.284506,49.046449],[2.284482,49.046462],[2.28436,49.046502],[2.284214,49.046537],[2.283311,49.046728],[2.282388,49.046931],[2.281881,49.047039],[2.281696,49.047081],[2.281022,49.046572],[2.280344,49.046058],[2.279539,49.045449],[2.279352,49.045307],[2.279328,49.045289],[2.279198,49.04519],[2.278999,49.04504],[2.278915,49.044976],[2.278903,49.044967],[2.278878,49.044948],[2.278118,49.044373],[2.278078,49.044347],[2.27482,49.042582],[2.271489,49.04077],[2.271468,49.040758],[2.271428,49.040737],[2.271058,49.040536],[2.270691,49.040336],[2.270677,49.040329],[2.2706,49.040297],[2.270593,49.040296],[2.270513,49.04028],[2.264961,49.039693],[2.264867,49.039692],[2.264776,49.039708],[2.262876,49.040223],[2.263061,49.040013],[2.263253,49.039795],[2.263385,49.039644],[2.263391,49.039637],[2.263547,49.039433],[2.263553,49.039424],[2.263603,49.039346],[2.263606,49.039341],[2.26361,49.039332],[2.263658,49.039226],[2.263663,49.039212],[2.263666,49.039199],[2.263689,49.039019],[2.26369,49.039009],[2.263688,49.038989],[2.263647,49.038799],[2.263646,49.038795],[2.26364,49.038777],[2.263599,49.038691],[2.263597,49.038687],[2.263585,49.03867],[2.263578,49.03866],[2.263506,49.038569],[2.263504,49.038566],[2.263464,49.038519],[2.263439,49.038489],[2.263433,49.038483],[2.263428,49.038478],[2.263315,49.038371],[2.263305,49.038362],[2.263302,49.03836],[2.263013,49.03814],[2.262949,49.03809],[2.262769,49.037945],[2.262769,49.037945],[2.262602,49.03781],[2.262584,49.037797],[2.26244,49.037709],[2.262402,49.037686],[2.262261,49.037602],[2.262257,49.037599],[2.262233,49.037587],[2.262077,49.037523],[2.262048,49.037511],[2.261983,49.037485],[2.261893,49.037449],[2.261501,49.037292],[2.260445,49.036886],[2.259039,49.036338],[2.259027,49.036334],[2.258586,49.036187],[2.258577,49.036184],[2.258332,49.036112],[2.258319,49.036108],[2.258006,49.036035],[2.257755,49.035976],[2.257569,49.035925],[2.257503,49.035908],[2.257503,49.035908],[2.257328,49.035861],[2.257109,49.035775],[2.257061,49.035748],[2.256965,49.035672],[2.256756,49.035478],[2.256664,49.035381],[2.256634,49.03535],[2.256484,49.035193],[2.25648,49.035189],[2.255248,49.034003],[2.254451,49.033236],[2.252397,49.031249],[2.252399,49.031242],[2.252395,49.031194],[2.252381,49.031153],[2.25236,49.031124],[2.252311,49.031071],[2.252241,49.03104],[2.252165,49.031024],[2.252153,49.031013],[2.252107,49.030968],[2.251742,49.030612],[2.251734,49.030606],[2.251721,49.030594],[2.25172,49.030593],[2.251708,49.030584],[2.251698,49.030576],[2.250035,49.028966],[2.249258,49.028209],[2.249221,49.028173],[2.249271,49.028124],[2.24931,49.02803],[2.249309,49.027926],[2.249307,49.027921],[2.249553,49.027809],[2.250118,49.027573],[2.250125,49.02757],[2.250341,49.027471]],[[2.256219,49.028939],[2.256523,49.030632],[2.256206,49.028858],[2.256219,49.028939]],[[2.276045,49.020425],[2.275853,49.020503],[2.276053,49.020428],[2.276045,49.020425]]],[[[2.240238,49.04689],[2.240264,49.046868],[2.240274,49.046845],[2.240273,49.046816],[2.240254,49.046775],[2.240301,49.046746],[2.240346,49.046721],[2.240449,49.046663],[2.240774,49.047062],[2.240861,49.04703],[2.240867,49.047047],[2.24093,49.047196],[2.240961,49.047264],[2.241034,49.047383],[2.241051,49.047406],[2.241003,49.047422],[2.240737,49.047511],[2.239845,49.047809],[2.239734,49.04782],[2.239782,49.047772],[2.239844,49.047713],[2.239897,49.047642],[2.239964,49.047556],[2.240041,49.047484],[2.240112,49.047424],[2.240181,49.047372],[2.240138,49.047331],[2.239873,49.047079],[2.240238,49.04689]]],[[[2.242716,49.048942],[2.242523,49.048788],[2.242368,49.048663],[2.24215,49.048489],[2.241806,49.048103],[2.241781,49.048075],[2.241502,49.04776],[2.242928,49.047283],[2.244132,49.04688],[2.244134,49.04688],[2.249491,49.045071],[2.251486,49.0444],[2.255208,49.043147],[2.255208,49.043147],[2.256571,49.042687],[2.256595,49.042679],[2.256604,49.042676],[2.256636,49.042665],[2.257039,49.042529],[2.257122,49.042501],[2.260587,49.041331],[2.262125,49.040913],[2.26213,49.040932],[2.26213,49.040936],[2.26224,49.04135],[2.262318,49.041698],[2.262344,49.041857],[2.262339,49.041974],[2.262313,49.042101],[2.262309,49.042122],[2.262297,49.042188],[2.262241,49.042483],[2.26224,49.042498],[2.26224,49.042504],[2.262251,49.042716],[2.262252,49.04273],[2.262252,49.04273],[2.262252,49.042731],[2.262254,49.042743],[2.262281,49.04288],[2.262282,49.042885],[2.262284,49.042892],[2.262422,49.043314],[2.262822,49.044531],[2.263029,49.045178],[2.263201,49.0457],[2.263332,49.046102],[2.263453,49.046469],[2.26346,49.046492],[2.263202,49.04654],[2.263079,49.046565],[2.263092,49.046606],[2.263158,49.046797],[2.263193,49.046905],[2.263459,49.046855],[2.26357,49.046834],[2.263585,49.04688],[2.263679,49.047173],[2.263775,49.04747],[2.263809,49.04761],[2.263802,49.047729],[2.263748,49.047854],[2.263706,49.047928],[2.26361,49.04808],[2.263607,49.048085],[2.263551,49.048183],[2.263548,49.048188],[2.263491,49.048303],[2.263484,49.048321],[2.26346,49.048411],[2.263458,49.048427],[2.263452,49.048492],[2.263452,49.048498],[2.263453,49.048514],[2.263467,49.048595],[2.263479,49.048677],[2.263481,49.048687],[2.263489,49.048709],[2.263533,49.048792],[2.263546,49.048811],[2.263605,49.048885],[2.263608,49.048888],[2.263611,49.048891],[2.26375,49.049044],[2.263768,49.049061],[2.263868,49.049139],[2.263878,49.049147],[2.264018,49.049241],[2.264023,49.049245],[2.264241,49.049381],[2.264249,49.049386],[2.264935,49.049766],[2.265097,49.049861],[2.264977,49.049912],[2.264923,49.049933],[2.264987,49.050025],[2.265069,49.050149],[2.265144,49.05026],[2.265185,49.050321],[2.265248,49.050417],[2.265317,49.050529],[2.265366,49.050611],[2.265422,49.050704],[2.265442,49.050739],[2.265488,49.050818],[2.265507,49.050853],[2.265519,49.050883],[2.265528,49.050909],[2.265531,49.050949],[2.265538,49.051047],[2.265547,49.051131],[2.265551,49.051188],[2.265518,49.051238],[2.265463,49.051328],[2.265419,49.051396],[2.265383,49.051453],[2.265348,49.051505],[2.265337,49.051529],[2.265315,49.051595],[2.265283,49.051708],[2.265255,49.051798],[2.265208,49.051828],[2.265101,49.051907],[2.265043,49.051948],[2.265014,49.051971],[2.26492,49.052041],[2.264898,49.052057],[2.264901,49.05208],[2.264906,49.052177],[2.264915,49.052298],[2.26492,49.052388],[2.264923,49.052445],[2.265013,49.052499],[2.265054,49.052525],[2.26513,49.052572],[2.265195,49.052613],[2.265206,49.052621],[2.265202,49.052668],[2.265092,49.052757],[2.26501,49.052819],[2.265015,49.052822],[2.264998,49.052835],[2.264923,49.052886],[2.264852,49.052936],[2.264808,49.052963],[2.264745,49.053013],[2.264714,49.053041],[2.264692,49.053066],[2.264658,49.053114],[2.264621,49.053168],[2.264574,49.053239],[2.264541,49.053283],[2.264509,49.053321],[2.26447,49.053351],[2.264401,49.053392],[2.264306,49.053444],[2.264261,49.053476],[2.264191,49.053532],[2.264111,49.0536],[2.264048,49.053646],[2.264024,49.053657],[2.263984,49.053669],[2.263894,49.053682],[2.26376,49.0537],[2.263655,49.053715],[2.263614,49.053721],[2.2636,49.053739],[2.263578,49.053774],[2.263552,49.053817],[2.263518,49.053873],[2.263503,49.053892],[2.263486,49.053946],[2.263454,49.054041],[2.263416,49.054167],[2.26339,49.054254],[2.263374,49.054306],[2.263359,49.054351],[2.263339,49.054387],[2.263309,49.054413],[2.263256,49.054456],[2.263203,49.054486],[2.263157,49.054506],[2.263116,49.054518],[2.26306,49.054527],[2.263017,49.054534],[2.262996,49.054546],[2.262961,49.054569],[2.262933,49.054604],[2.262872,49.054678],[2.262802,49.054774],[2.26275,49.054854],[2.262706,49.054918],[2.262651,49.054999],[2.262615,49.055055],[2.262552,49.055128],[2.262494,49.055187],[2.262431,49.055245],[2.262361,49.055313],[2.262291,49.055373],[2.262233,49.055405],[2.262234,49.055405],[2.262022,49.055525],[2.262006,49.055532],[2.261922,49.055451],[2.261542,49.055653],[2.261674,49.055791],[2.261635,49.055804],[2.261607,49.055829],[2.261602,49.055837],[2.261621,49.05583],[2.261664,49.055877],[2.261717,49.055929],[2.261787,49.056001],[2.261824,49.056038],[2.2618,49.056048],[2.261673,49.056079],[2.261568,49.056106],[2.261543,49.056103],[2.261536,49.056061],[2.261465,49.056064],[2.260779,49.056085],[2.26013,49.056093],[2.259641,49.05608],[2.25942,49.056076],[2.259154,49.056065],[2.258961,49.056047],[2.258759,49.056018],[2.258479,49.055975],[2.258163,49.055931],[2.257942,49.055902],[2.257785,49.055898],[2.257464,49.055891],[2.257334,49.05589],[2.25718,49.055883],[2.257087,49.055872],[2.256969,49.055854],[2.25689,49.055834],[2.256814,49.055812],[2.256744,49.05579],[2.256678,49.055762],[2.256608,49.055728],[2.256544,49.055686],[2.256469,49.055631],[2.25639,49.055548],[2.25616,49.055291],[2.256114,49.055226],[2.256089,49.055178],[2.256072,49.055135],[2.256072,49.055098],[2.256037,49.055091],[2.255899,49.055074],[2.255894,49.055072],[2.255682,49.054959],[2.255507,49.054899],[2.255303,49.054829],[2.255124,49.054775],[2.255038,49.054748],[2.25478,49.054681],[2.254681,49.054654],[2.255068,49.054233],[2.254777,49.054147],[2.254755,49.05414],[2.254505,49.054067],[2.254256,49.053993],[2.253724,49.05381],[2.253548,49.054029],[2.253307,49.054194],[2.253238,49.054168],[2.253178,49.054144],[2.253143,49.054131],[2.253079,49.054083],[2.253029,49.054],[2.252964,49.053854],[2.252952,49.05383],[2.252833,49.053621],[2.252792,49.05355],[2.25272,49.053463],[2.252698,49.053439],[2.252679,49.053414],[2.25266,49.053381],[2.252648,49.053357],[2.252636,49.05332],[2.252632,49.053296],[2.252629,49.05327],[2.252629,49.053243],[2.252636,49.053206],[2.252643,49.053183],[2.252656,49.05316],[2.252674,49.053139],[2.252697,49.053116],[2.252724,49.053094],[2.252763,49.053068],[2.252811,49.053044],[2.252738,49.053046],[2.252608,49.05305],[2.252588,49.053019],[2.252571,49.0529],[2.25254,49.052869],[2.252512,49.052857],[2.252511,49.052652],[2.252485,49.052335],[2.252422,49.052272],[2.252281,49.052132],[2.252162,49.052061],[2.252074,49.05201],[2.251792,49.051872],[2.251615,49.051878],[2.251538,49.051883],[2.251541,49.051874],[2.251536,49.051874],[2.251646,49.051397],[2.25138,49.050593],[2.251188,49.050661],[2.250938,49.050827],[2.250861,49.050828],[2.25086,49.050778],[2.250861,49.050819],[2.250797,49.050812],[2.250695,49.050253],[2.250675,49.050143],[2.250413,49.050097],[2.250415,49.050073],[2.250246,49.050054],[2.24938,49.04997],[2.249382,49.050012],[2.249335,49.050007],[2.249152,49.049913],[2.249086,49.049885],[2.248993,49.049857],[2.248929,49.04984],[2.248864,49.049829],[2.248809,49.049826],[2.248744,49.049828],[2.248319,49.049897],[2.247701,49.049837],[2.247518,49.050602],[2.246389,49.050508],[2.24617,49.050734],[2.245824,49.050478],[2.245714,49.050394],[2.245638,49.050347],[2.245575,49.050315],[2.245441,49.050269],[2.245292,49.050227],[2.245199,49.050204],[2.245091,49.050186],[2.244919,49.050169],[2.244708,49.050161],[2.244547,49.05016],[2.244294,49.050033],[2.244048,49.049856],[2.244003,49.049822],[2.243912,49.049755],[2.243891,49.04974],[2.243856,49.04973],[2.2438,49.049714],[2.243609,49.049647],[2.24352,49.049578],[2.243435,49.049511],[2.243208,49.049334],[2.243063,49.049218],[2.242942,49.049121],[2.242814,49.04902],[2.242716,49.048942]],[[2.250035,49.049061],[2.249105,49.049174],[2.249081,49.04934],[2.249072,49.049457],[2.249076,49.049547],[2.249389,49.049597],[2.249453,49.04965],[2.249578,49.049682],[2.250069,49.049781],[2.2501,49.049773],[2.250035,49.049061]]],[[[2.230873,49.052741],[2.230862,49.05267],[2.230871,49.052632],[2.231019,49.052581],[2.231653,49.052503],[2.232199,49.052438],[2.232406,49.05239],[2.232638,49.052333],[2.23287,49.052239],[2.233135,49.052138],[2.233564,49.051905],[2.233632,49.051861],[2.233897,49.051655],[2.234121,49.051456],[2.234417,49.051193],[2.234531,49.051239],[2.234586,49.051239],[2.235084,49.050574],[2.235545,49.04996],[2.235918,49.050107],[2.236411,49.050334],[2.236576,49.050409],[2.236724,49.050477],[2.236949,49.050581],[2.237018,49.050514],[2.237423,49.050543],[2.23773,49.050565],[2.237864,49.050575],[2.238005,49.050454],[2.237391,49.050185],[2.237416,49.050163],[2.236583,49.049665],[2.236849,49.049498],[2.237277,49.049159],[2.237694,49.049364],[2.237497,49.049536],[2.23825,49.049846],[2.238539,49.04962],[2.238817,49.049701],[2.238591,49.049943],[2.238316,49.050186],[2.239264,49.050236],[2.239466,49.050247],[2.240677,49.050388],[2.240671,49.050356],[2.240667,49.050334],[2.240562,49.049721],[2.240542,49.0496],[2.240533,49.049543],[2.240068,49.049592],[2.239007,49.049474],[2.239376,49.049043],[2.239476,49.048977],[2.239536,49.048933],[2.239558,49.048913],[2.239581,49.04888],[2.239586,49.048866],[2.239547,49.048811],[2.239529,49.048767],[2.239319,49.048407],[2.239309,49.048363],[2.239312,49.048321],[2.239315,49.048316],[2.24,49.048249],[2.240105,49.048227],[2.24138,49.047801],[2.24154,49.047978],[2.241585,49.048028],[2.241701,49.048153],[2.242062,49.048544],[2.242184,49.048659],[2.242509,49.048917],[2.242675,49.04905],[2.242797,49.049147],[2.242924,49.049249],[2.243059,49.049357],[2.243455,49.049671],[2.243507,49.049702],[2.243559,49.04973],[2.243753,49.049837],[2.243805,49.049866],[2.243865,49.049899],[2.243917,49.049928],[2.244092,49.050022],[2.244348,49.050161],[2.244445,49.050231],[2.244394,49.050284],[2.244176,49.0503],[2.243972,49.050352],[2.243857,49.050349],[2.243586,49.050514],[2.243512,49.050654],[2.243459,49.050774],[2.243344,49.050805],[2.242982,49.050846],[2.242664,49.050862],[2.242254,49.05087],[2.242126,49.051547],[2.242065,49.051616],[2.241992,49.051626],[2.241886,49.051626],[2.241812,49.051626],[2.241712,49.051621],[2.24167,49.051624],[2.241456,49.051616],[2.241381,49.051693],[2.241172,49.052362],[2.241162,49.052376],[2.24069,49.053046],[2.240123,49.053983],[2.239786,49.05444],[2.23961,49.054815],[2.239531,49.054991],[2.239508,49.055034],[2.23926,49.055027],[2.239211,49.055028],[2.239083,49.055382],[2.238899,49.055885],[2.238829,49.056078],[2.238217,49.055998],[2.23724,49.05588],[2.236144,49.055774],[2.235798,49.055742],[2.23564,49.05574],[2.235579,49.055739],[2.235708,49.05543],[2.235933,49.054949],[2.236049,49.054704],[2.236161,49.054546],[2.23641,49.054252],[2.236708,49.0539],[2.236897,49.053684],[2.237045,49.05354],[2.23696,49.053496],[2.236261,49.053138],[2.235496,49.052746],[2.235463,49.052764],[2.2354,49.052801],[2.235345,49.052835],[2.235317,49.052851],[2.235787,49.0531],[2.236303,49.053371],[2.236467,49.053474],[2.2364,49.053574],[2.235065,49.054604],[2.234318,49.055205],[2.23422,49.055129],[2.233476,49.055427],[2.231568,49.053453],[2.231451,49.053404],[2.231379,49.053376],[2.231304,49.053345],[2.231219,49.0533],[2.231174,49.053272],[2.231125,49.053237],[2.231081,49.053201],[2.231053,49.053168],[2.231021,49.053132],[2.230991,49.053073],[2.230926,49.052895],[2.230885,49.052783],[2.230873,49.052741]]],[[[2.262418,49.055331],[2.262465,49.055281],[2.262579,49.055163],[2.262707,49.055016],[2.26278,49.054926],[2.262819,49.054874],[2.262875,49.05479],[2.262945,49.054691],[2.262973,49.054653],[2.263001,49.054621],[2.263026,49.054601],[2.263059,49.05458],[2.263098,49.054561],[2.263177,49.054531],[2.263234,49.054507],[2.263275,49.054482],[2.263319,49.054457],[2.26336,49.054424],[2.263368,49.054455],[2.263369,49.054473],[2.263362,49.054498],[2.26334,49.054537],[2.263269,49.054657],[2.263202,49.054763],[2.263139,49.054855],[2.263087,49.054931],[2.263033,49.05492],[2.263014,49.054992],[2.263009,49.055014],[2.262999,49.055059],[2.262972,49.055141],[2.262961,49.055158],[2.262944,49.055177],[2.2629,49.055222],[2.262847,49.055269],[2.262808,49.055308],[2.262793,49.055321],[2.262776,49.055331],[2.262753,49.055341],[2.262717,49.055354],[2.262644,49.055375],[2.26262,49.055384],[2.262593,49.055399],[2.262563,49.05542],[2.262501,49.055469],[2.262431,49.055529],[2.262423,49.055516],[2.262412,49.055477],[2.262402,49.055423],[2.262403,49.055409],[2.262403,49.055394],[2.262402,49.055382],[2.262409,49.05535],[2.262418,49.055331]]],[[[2.254129,49.056205],[2.254188,49.05616],[2.254211,49.056142],[2.254262,49.056103],[2.25434,49.056052],[2.254393,49.056022],[2.254446,49.055992],[2.254511,49.05596],[2.254581,49.055931],[2.254735,49.055872],[2.254719,49.055841],[2.254688,49.055783],[2.254784,49.05576],[2.254919,49.05573],[2.254965,49.055719],[2.254996,49.055707],[2.255031,49.05569],[2.255059,49.055673],[2.255081,49.055656],[2.255106,49.055633],[2.25513,49.055608],[2.255136,49.055601],[2.255188,49.055544],[2.255241,49.055488],[2.255265,49.055441],[2.255309,49.055354],[2.255444,49.055385],[2.255492,49.055421],[2.255539,49.055455],[2.255632,49.055522],[2.255796,49.055642],[2.2558,49.055646],[2.255967,49.055769],[2.256058,49.055838],[2.256096,49.055837],[2.256227,49.055724],[2.256208,49.055712],[2.256308,49.055652],[2.256327,49.055669],[2.255745,49.056196],[2.255767,49.056302],[2.255786,49.0564],[2.255792,49.056449],[2.255801,49.056528],[2.255802,49.056647],[2.255825,49.056703],[2.255709,49.056869],[2.255622,49.057073],[2.255783,49.057105],[2.255614,49.057604],[2.255214,49.057526],[2.255165,49.057668],[2.255132,49.057763],[2.255077,49.057923],[2.254306,49.057729],[2.254301,49.057781],[2.254291,49.057859],[2.25429,49.057867],[2.254285,49.057891],[2.254272,49.057932],[2.254258,49.057968],[2.254252,49.057978],[2.254236,49.058008],[2.254222,49.05803],[2.254196,49.058064],[2.25395,49.058001],[2.253624,49.057919],[2.25342,49.05785],[2.253431,49.057832],[2.253476,49.05776],[2.253543,49.057658],[2.253571,49.057619],[2.253617,49.057554],[2.253665,49.05749],[2.253712,49.05743],[2.25375,49.057366],[2.253755,49.057358],[2.253819,49.05725],[2.25405,49.057296],[2.25433,49.056845],[2.254188,49.056785],[2.25411,49.056752],[2.254032,49.056857],[2.254007,49.056898],[2.253666,49.05678],[2.253635,49.056818],[2.253432,49.056751],[2.253279,49.0567],[2.253305,49.056654],[2.253345,49.056583],[2.253438,49.056469],[2.253489,49.056286],[2.253528,49.056148],[2.253553,49.056152],[2.253686,49.056173],[2.253698,49.056175],[2.253725,49.056199],[2.253754,49.056206],[2.253828,49.056223],[2.253892,49.056237],[2.254043,49.056272],[2.254129,49.056205]]],[[[2.336765,49.000592],[2.336766,49.000934],[2.336913,49.000929],[2.337064,49.000925],[2.33714,49.001801],[2.337181,49.001834],[2.337182,49.002022],[2.337172,49.002052],[2.336724,49.002052],[2.33668,49.002392],[2.336698,49.002633],[2.336619,49.002927],[2.336755,49.003225],[2.337267,49.003126],[2.337321,49.003236],[2.337503,49.0032],[2.337546,49.003285],[2.337668,49.003262],[2.337793,49.003497],[2.337671,49.003525],[2.337591,49.003543],[2.337522,49.003559],[2.337419,49.003582],[2.337205,49.003627],[2.337128,49.003639],[2.337089,49.003648],[2.337051,49.003658],[2.337144,49.003694],[2.33732,49.003839],[2.337387,49.003896],[2.33769,49.004243],[2.337702,49.004261],[2.337718,49.004294],[2.337786,49.004376],[2.337896,49.004506],[2.338168,49.00482],[2.338293,49.004906],[2.338781,49.005188],[2.338826,49.005224],[2.338864,49.005256],[2.338905,49.0053],[2.339109,49.005528],[2.339283,49.00573],[2.339374,49.005877],[2.339775,49.006549],[2.339798,49.006572],[2.339797,49.006592],[2.339784,49.00661],[2.339762,49.00662],[2.339695,49.006627],[2.339553,49.006647],[2.339321,49.006686],[2.339101,49.006729],[2.338965,49.006762],[2.338766,49.006811],[2.338489,49.006889],[2.338331,49.00694],[2.338312,49.006946],[2.337984,49.007044],[2.337619,49.007157],[2.336966,49.007306],[2.336778,49.00736],[2.336292,49.007508],[2.335922,49.007639],[2.336023,49.007676],[2.336346,49.007914],[2.336769,49.008056],[2.336916,49.008108],[2.33703,49.008165],[2.33723,49.008305],[2.33729,49.008366],[2.337381,49.00851],[2.337392,49.008561],[2.337413,49.008797],[2.337457,49.009011],[2.337346,49.009485],[2.337328,49.009557],[2.337665,49.00995],[2.337722,49.010153],[2.337859,49.010388],[2.337581,49.010495],[2.338196,49.011189],[2.338958,49.012126],[2.33898,49.012135],[2.338961,49.012135],[2.33882,49.012146],[2.33881,49.012147],[2.338802,49.012148],[2.338665,49.012167],[2.338639,49.012172],[2.338634,49.012173],[2.338461,49.012217],[2.338445,49.012221],[2.338317,49.012262],[2.338307,49.012266],[2.338079,49.012349],[2.338075,49.012351],[2.337516,49.012569],[2.33708,49.012726],[2.336568,49.012909],[2.336313,49.012984],[2.336194,49.013012],[2.336092,49.013025],[2.335975,49.01303],[2.33582,49.013027],[2.335302,49.013007],[2.335292,49.013007],[2.335283,49.013007],[2.334985,49.013014],[2.33495,49.013017],[2.334917,49.013024],[2.334885,49.013034],[2.334778,49.013077],[2.334747,49.01309],[2.334729,49.013098],[2.334565,49.013182],[2.33456,49.013184],[2.334545,49.013194],[2.334337,49.013332],[2.334206,49.01341],[2.334082,49.013476],[2.334014,49.013509],[2.333974,49.01352],[2.333882,49.013534],[2.333781,49.013548],[2.333672,49.01355],[2.333498,49.013544],[2.33349,49.013544],[2.333479,49.013545],[2.333279,49.013551],[2.333255,49.013552],[2.333246,49.013554],[2.333132,49.01357],[2.33311,49.013574],[2.33287,49.013627],[2.332774,49.013643],[2.332677,49.013647],[2.332607,49.013636],[2.332591,49.013631],[2.332532,49.013579],[2.332428,49.013479],[2.332367,49.01344],[2.332308,49.013411],[2.332248,49.013396],[2.332138,49.013386],[2.332017,49.013387],[2.331947,49.013391],[2.331905,49.013385],[2.331867,49.013383],[2.331618,49.013382],[2.331588,49.013383],[2.330911,49.013446],[2.330905,49.013446],[2.330476,49.013494],[2.330449,49.013498],[2.329997,49.013592],[2.329988,49.013592],[2.329857,49.013575],[2.329747,49.013557],[2.32959,49.013561],[2.329495,49.013571],[2.329494,49.013571],[2.329483,49.013571],[2.329329,49.013576],[2.329303,49.013578],[2.329121,49.013599],[2.329103,49.013602],[2.328777,49.013661],[2.328421,49.013726],[2.328165,49.013765],[2.328153,49.013767],[2.32733,49.013925],[2.326735,49.014027],[2.326473,49.014072],[2.326303,49.014076],[2.326083,49.014056],[2.326062,49.014054],[2.32599,49.014041],[2.325975,49.014039],[2.325864,49.014006],[2.325688,49.013947],[2.325586,49.013912],[2.324632,49.013589],[2.323627,49.013239],[2.323618,49.013236],[2.323419,49.013174],[2.323403,49.013169],[2.323398,49.013168],[2.323256,49.013136],[2.323226,49.013131],[2.323124,49.013118],[2.323097,49.013115],[2.323061,49.013113],[2.323057,49.013113],[2.323049,49.013113],[2.322973,49.013113],[2.322955,49.013114],[2.32283,49.013123],[2.322817,49.013124],[2.322793,49.013127],[2.32269,49.013147],[2.322679,49.01315],[2.322672,49.013151],[2.322661,49.013154],[2.322508,49.013194],[2.322491,49.013199],[2.322039,49.013351],[2.32175,49.013448],[2.321742,49.01345],[2.321736,49.013453],[2.321698,49.013468],[2.321691,49.013464],[2.321682,49.013475],[2.321648,49.013488],[2.321581,49.013516],[2.321587,49.013465],[2.321723,49.013426],[2.321762,49.013385],[2.321609,49.013427],[2.321624,49.013312],[2.321666,49.013121],[2.321692,49.012997],[2.321686,49.012905],[2.321656,49.012813],[2.321636,49.012835],[2.321295,49.012746],[2.321266,49.012738],[2.32138,49.013267],[2.321306,49.013656],[2.321304,49.013698],[2.321277,49.013687],[2.321352,49.013326],[2.321349,49.013233],[2.321247,49.012757],[2.320894,49.012692],[2.320721,49.012695],[2.320563,49.012719],[2.320414,49.012765],[2.320113,49.012911],[2.32001,49.012942],[2.319692,49.012944],[2.319609,49.012973],[2.319454,49.013074],[2.319405,49.013126],[2.319407,49.013305],[2.319269,49.013416],[2.319171,49.013482],[2.31868,49.012857],[2.318629,49.012649],[2.318535,49.01251],[2.318383,49.012389],[2.318147,49.012325],[2.318035,49.012317],[2.317937,49.012311],[2.317882,49.012286],[2.317662,49.012203],[2.317222,49.012172],[2.317008,49.012246],[2.316914,49.012405],[2.316932,49.012535],[2.31677,49.012651],[2.316554,49.012523],[2.316445,49.0126],[2.315629,49.01251],[2.31558,49.012963],[2.315509,49.013789],[2.315194,49.01413],[2.314586,49.014591],[2.314402,49.014642],[2.312943,49.014705],[2.312936,49.014623],[2.312934,49.014609],[2.3129,49.014473],[2.312898,49.014464],[2.312865,49.014372],[2.312858,49.014356],[2.312757,49.014181],[2.312751,49.014171],[2.312514,49.013842],[2.312245,49.013471],[2.312017,49.013172],[2.312299,49.013107],[2.312141,49.012883],[2.312063,49.012849],[2.31201,49.012793],[2.311916,49.01264],[2.311774,49.012668],[2.31163,49.012152],[2.311581,49.011927],[2.311584,49.011856],[2.311601,49.011782],[2.311625,49.011739],[2.311645,49.011704],[2.311707,49.011623],[2.311783,49.011555],[2.311871,49.011492],[2.311876,49.011488],[2.311882,49.011483],[2.312032,49.011357],[2.312044,49.011345],[2.312112,49.011273],[2.312115,49.01127],[2.312128,49.011254],[2.312191,49.011154],[2.312194,49.011149],[2.312198,49.011141],[2.312244,49.011041],[2.312249,49.011029],[2.312291,49.010893],[2.312313,49.010819],[2.31377,49.010833],[2.315321,49.010867],[2.316191,49.010882],[2.318129,49.010934],[2.319155,49.010966],[2.319217,49.010968],[2.319272,49.010969],[2.319416,49.010975],[2.319884,49.010422],[2.32031,49.009837],[2.320357,49.009816],[2.320357,49.009787],[2.320366,49.009755],[2.320533,49.009461],[2.320565,49.009431],[2.320629,49.00939],[2.320657,49.009355],[2.320666,49.009251],[2.320685,49.009136],[2.320736,49.008972],[2.320868,49.008635],[2.320914,49.008492],[2.320941,49.008382],[2.320985,49.008117],[2.320999,49.007912],[2.320994,49.007788],[2.320973,49.007717],[2.320918,49.007484],[2.320895,49.007294],[2.320834,49.00712],[2.320779,49.007123],[2.320778,49.007123],[2.32074,49.007125],[2.320738,49.007125],[2.320684,49.007128],[2.319965,49.007175],[2.319617,49.005546],[2.319766,49.005492],[2.319892,49.005446],[2.319905,49.005441],[2.319986,49.005401],[2.320119,49.005334],[2.320472,49.005131],[2.320521,49.005106],[2.320534,49.0051],[2.320551,49.005103],[2.320563,49.005114],[2.32059,49.005386],[2.320575,49.005454],[2.320565,49.005528],[2.320621,49.005559],[2.320672,49.005589],[2.320712,49.005574],[2.320802,49.005544],[2.32185,49.005214],[2.322097,49.005102],[2.322114,49.005058],[2.322227,49.004983],[2.322416,49.004867],[2.322701,49.00474],[2.323249,49.004511],[2.323618,49.004352],[2.324073,49.0042],[2.324287,49.004127],[2.324765,49.003945],[2.325077,49.003816],[2.325159,49.003782],[2.325224,49.003754],[2.32551,49.003639],[2.325649,49.003583],[2.325747,49.003554],[2.325829,49.003527],[2.325985,49.003481],[2.326285,49.003398],[2.32672,49.003273],[2.326934,49.003203],[2.327305,49.003069],[2.327625,49.002948],[2.327706,49.0029],[2.327704,49.002898],[2.327667,49.00292],[2.327662,49.002893],[2.32761,49.002394],[2.32756,49.001916],[2.327805,49.001856],[2.327843,49.001583],[2.327979,49.001221],[2.328017,49.001115],[2.328069,49.000954],[2.328144,49.00072],[2.328209,49.00051],[2.327826,49.000435],[2.328442,48.999551],[2.328621,48.999403],[2.328646,48.999382],[2.328523,48.999233],[2.328656,48.999107],[2.329024,48.998755],[2.329111,48.998671],[2.329487,48.998769],[2.329489,48.998772],[2.329638,48.999174],[2.329809,48.999653],[2.329885,48.999865],[2.329913,48.999854],[2.332917,48.999426],[2.332781,48.998637],[2.332631,48.998251],[2.332504,48.998277],[2.332257,48.998329],[2.332087,48.997635],[2.332041,48.997449],[2.332506,48.997394],[2.332994,48.997335],[2.333044,48.997329],[2.333108,48.997551],[2.333271,48.997538],[2.333517,48.997518],[2.333547,48.997624],[2.333574,48.997721],[2.333627,48.997907],[2.33456,48.997773],[2.335948,48.997574],[2.336068,48.997556],[2.336287,48.997525],[2.3363,48.997568],[2.336317,48.997623],[2.337288,48.997607],[2.337322,48.997798],[2.337351,48.997977],[2.337342,48.997988],[2.338251,48.997863],[2.338319,48.998075],[2.338438,48.998456],[2.337454,48.998595],[2.337458,48.998611],[2.337269,48.998635],[2.337289,48.998907],[2.33729,48.998918],[2.336649,48.999065],[2.3367,48.999195],[2.336756,48.99934],[2.336157,48.999466],[2.336054,48.999486],[2.335993,48.999499],[2.335853,48.999526],[2.335934,48.999806],[2.336001,49.000039],[2.336066,49.000267],[2.335779,49.000295],[2.335182,49.000364],[2.335186,49.000399],[2.335191,49.000433],[2.335196,49.000461],[2.335219,49.000614],[2.335248,49.000614],[2.335269,49.000614],[2.336765,49.000592]]],[[[2.303556,49.008621],[2.303485,49.008491],[2.303436,49.008402],[2.30303,49.008495],[2.302828,49.008493],[2.302721,49.008493],[2.302318,49.008268],[2.302381,49.008204],[2.302525,49.008067],[2.302712,49.007919],[2.303074,49.007657],[2.303065,49.007643],[2.303024,49.007649],[2.302949,49.007518],[2.302837,49.007552],[2.30275,49.007579],[2.302474,49.007662],[2.302469,49.007648],[2.30244,49.007648],[2.302403,49.00765],[2.302362,49.007655],[2.302306,49.007667],[2.302249,49.007686],[2.302169,49.007719],[2.302174,49.0077],[2.302183,49.007665],[2.302237,49.007474],[2.302307,49.007374],[2.302372,49.007265],[2.302399,49.007214],[2.302424,49.007146],[2.302456,49.007047],[2.302462,49.007013],[2.302462,49.006978],[2.302455,49.006918],[2.302438,49.006823],[2.302485,49.006823],[2.302502,49.006806],[2.302535,49.006779],[2.302573,49.006753],[2.302605,49.006732],[2.302643,49.006712],[2.30269,49.006692],[2.302736,49.006675],[2.302787,49.006659],[2.302843,49.006645],[2.302893,49.006632],[2.302942,49.006621],[2.302974,49.006613],[2.302999,49.006603],[2.303014,49.006597],[2.303021,49.006591],[2.303028,49.006583],[2.303034,49.006574],[2.303039,49.006564],[2.30304,49.006553],[2.30304,49.006544],[2.303037,49.006535],[2.303033,49.006526],[2.30303,49.006518],[2.303026,49.006506],[2.303027,49.006493],[2.30303,49.006484],[2.303036,49.006472],[2.303042,49.006465],[2.303058,49.00645],[2.30307,49.006441],[2.303088,49.006432],[2.303108,49.006427],[2.303131,49.006422],[2.303153,49.006419],[2.303173,49.006418],[2.3032,49.006416],[2.30323,49.006415],[2.303259,49.006415],[2.303284,49.006416],[2.303576,49.006399],[2.30372,49.006375],[2.303782,49.006359],[2.303797,49.006352],[2.303826,49.006336],[2.303849,49.006318],[2.303868,49.006303],[2.303939,49.00624],[2.303995,49.006192],[2.304045,49.006148],[2.30409,49.00611],[2.304142,49.006069],[2.304185,49.006037],[2.304282,49.005964],[2.304365,49.005919],[2.30438,49.005907],[2.304513,49.005924],[2.304585,49.00593],[2.304634,49.005934],[2.304691,49.005935],[2.304746,49.005934],[2.304766,49.005933],[2.304811,49.005925],[2.304835,49.00592],[2.304864,49.005912],[2.304891,49.005891],[2.304924,49.005862],[2.304957,49.005832],[2.304987,49.005797],[2.305037,49.005741],[2.305106,49.005659],[2.305149,49.005601],[2.305179,49.005553],[2.305194,49.005524],[2.30521,49.005485],[2.30522,49.005456],[2.305226,49.005423],[2.305229,49.005384],[2.305229,49.005345],[2.305221,49.005286],[2.304804,49.005204],[2.304808,49.0052],[2.304888,49.00512],[2.304941,49.005064],[2.305,49.005],[2.30513,49.00483],[2.305175,49.004762],[2.305204,49.00471],[2.305226,49.00467],[2.305251,49.004599],[2.305283,49.004505],[2.305309,49.00438],[2.305331,49.004243],[2.305336,49.004173],[2.305381,49.00417],[2.305627,49.004199],[2.30563,49.004207],[2.305778,49.004263],[2.306026,49.004356],[2.306206,49.004422],[2.306485,49.004524],[2.306582,49.004522],[2.306631,49.004517],[2.306621,49.004461],[2.306615,49.004426],[2.3066,49.00423],[2.30658,49.004004],[2.306567,49.003881],[2.306561,49.003859],[2.306529,49.003789],[2.306872,49.003591],[2.307321,49.003333],[2.307581,49.003182],[2.307507,49.003052],[2.307311,49.00271],[2.307434,49.002718],[2.307463,49.002711],[2.307482,49.002702],[2.307501,49.002685],[2.30751,49.002649],[2.307594,49.002235],[2.307616,49.00223],[2.307726,49.002197],[2.307783,49.002177],[2.307834,49.002155],[2.307898,49.002123],[2.307931,49.002107],[2.308105,49.002004],[2.308208,49.001941],[2.30828,49.001893],[2.308336,49.001868],[2.308365,49.001854],[2.308419,49.001841],[2.308586,49.001811],[2.308589,49.001823],[2.308649,49.002063],[2.308708,49.002302],[2.308827,49.002288],[2.308845,49.002278],[2.308893,49.002251],[2.308937,49.002239],[2.308982,49.002228],[2.309517,49.002182],[2.309704,49.002164],[2.309922,49.002126],[2.30994,49.002123],[2.309955,49.002118],[2.309967,49.002113],[2.309976,49.002108],[2.309987,49.002102],[2.309999,49.002093],[2.310006,49.002084],[2.310012,49.002074],[2.310017,49.002066],[2.310019,49.002056],[2.310019,49.002048],[2.310018,49.002041],[2.31002,49.002038],[2.309992,49.001966],[2.310121,49.001987],[2.310414,49.002036],[2.310754,49.0021],[2.310757,49.002136],[2.310977,49.002153],[2.311431,49.002124],[2.311845,49.002096],[2.312179,49.002073],[2.312832,49.001954],[2.312966,49.00193],[2.313122,49.001902],[2.313138,49.001894],[2.313265,49.001838],[2.313439,49.001761],[2.313967,49.00137],[2.314184,49.001272],[2.315322,49.001053],[2.315411,49.001022],[2.315493,49.000984],[2.315547,49.000954],[2.315676,49.000116],[2.31675,49.000302],[2.317608,49.00045],[2.31807,49.00053],[2.317931,49.000882],[2.317825,49.001158],[2.318554,49.001082],[2.318409,49.00132],[2.318335,49.001535],[2.318244,49.001801],[2.318177,49.002065],[2.318156,49.002115],[2.318126,49.002163],[2.318062,49.00223],[2.31787,49.002365],[2.317862,49.00237],[2.317861,49.002364],[2.317847,49.002315],[2.317827,49.002268],[2.317802,49.002221],[2.317771,49.002176],[2.317735,49.002133],[2.317694,49.002091],[2.317648,49.002052],[2.317597,49.002016],[2.317542,49.001982],[2.317484,49.001951],[2.317422,49.001923],[2.317356,49.001899],[2.317288,49.001877],[2.317218,49.00186],[2.317146,49.001846],[2.317073,49.001836],[2.316998,49.00183],[2.316923,49.001827],[2.316848,49.001829],[2.316773,49.001834],[2.316699,49.001844],[2.316627,49.001857],[2.316556,49.001873],[2.316488,49.001894],[2.316422,49.001917],[2.316359,49.001945],[2.3163,49.001975],[2.316244,49.002008],[2.316193,49.002044],[2.316146,49.002083],[2.316103,49.002123],[2.316095,49.002133],[2.316066,49.002166],[2.316034,49.002211],[2.316007,49.002257],[2.315986,49.002305],[2.315971,49.002353],[2.315962,49.002402],[2.315958,49.002451],[2.31596,49.002501],[2.315969,49.00255],[2.315983,49.002599],[2.316002,49.002646],[2.316028,49.002693],[2.316059,49.002738],[2.316095,49.002781],[2.316136,49.002822],[2.316163,49.002845],[2.316054,49.002854],[2.31601,49.002857],[2.31606,49.003039],[2.316086,49.003172],[2.315982,49.003283],[2.3153,49.003629],[2.314248,49.003982],[2.314097,49.004063],[2.314061,49.004083],[2.313927,49.00414],[2.313782,49.004201],[2.313638,49.004259],[2.313474,49.004324],[2.313309,49.004391],[2.313165,49.004449],[2.31311,49.004467],[2.313054,49.00445],[2.312984,49.004432],[2.312912,49.004418],[2.312838,49.004408],[2.312764,49.004402],[2.312689,49.0044],[2.312614,49.004401],[2.312539,49.004407],[2.312535,49.004407],[2.312465,49.004416],[2.312426,49.004423],[2.312439,49.004404],[2.312465,49.004358],[2.312484,49.004316],[2.312486,49.004311],[2.312502,49.004262],[2.312511,49.004213],[2.312515,49.004164],[2.312512,49.004115],[2.312504,49.004065],[2.312501,49.004053],[2.312512,49.004056],[2.312583,49.004074],[2.312655,49.004088],[2.312728,49.004098],[2.312803,49.004104],[2.312878,49.004106],[2.312953,49.004105],[2.313028,49.004099],[2.313101,49.00409],[2.313174,49.004077],[2.313245,49.00406],[2.313313,49.00404],[2.313379,49.004016],[2.313442,49.003989],[2.313501,49.003959],[2.313557,49.003926],[2.313608,49.00389],[2.313655,49.003851],[2.313698,49.00381],[2.313735,49.003768],[2.313767,49.003723],[2.313793,49.003677],[2.313814,49.003629],[2.31383,49.003581],[2.313839,49.003532],[2.313843,49.003482],[2.313841,49.003433],[2.313832,49.003384],[2.313818,49.003335],[2.313799,49.003288],[2.313773,49.003241],[2.313742,49.003196],[2.313706,49.003153],[2.313665,49.003111],[2.313619,49.003072],[2.313569,49.003036],[2.313514,49.003002],[2.313455,49.002971],[2.313393,49.002943],[2.313328,49.002919],[2.31326,49.002897],[2.31319,49.00288],[2.313118,49.002866],[2.313044,49.002856],[2.31297,49.00285],[2.312895,49.002847],[2.312819,49.002849],[2.312745,49.002854],[2.312671,49.002864],[2.312598,49.002877],[2.312528,49.002893],[2.312459,49.002914],[2.312393,49.002937],[2.312331,49.002964],[2.312271,49.002995],[2.312216,49.003028],[2.312164,49.003064],[2.312117,49.003102],[2.312075,49.003143],[2.312048,49.003174],[2.312038,49.003186],[2.312006,49.003231],[2.311979,49.003277],[2.311958,49.003325],[2.311943,49.003373],[2.311933,49.003422],[2.31193,49.003471],[2.311932,49.003521],[2.31194,49.00357],[2.311944,49.003583],[2.311932,49.003579],[2.311862,49.003562],[2.31179,49.003548],[2.311716,49.003538],[2.311641,49.003531],[2.311566,49.003529],[2.311491,49.003531],[2.311417,49.003536],[2.311343,49.003545],[2.31127,49.003558],[2.3112,49.003575],[2.311131,49.003595],[2.311065,49.003619],[2.311003,49.003646],[2.310947,49.003674],[2.310943,49.003676],[2.310929,49.003685],[2.310887,49.00371],[2.310836,49.003746],[2.310789,49.003784],[2.310747,49.003825],[2.310709,49.003868],[2.310677,49.003913],[2.310651,49.003959],[2.31063,49.004006],[2.310614,49.004055],[2.310605,49.004104],[2.310601,49.004153],[2.310604,49.004202],[2.310612,49.004252],[2.310626,49.0043],[2.310646,49.004348],[2.310671,49.004394],[2.310702,49.004439],[2.310738,49.004483],[2.310779,49.004524],[2.310825,49.004563],[2.310876,49.0046],[2.31093,49.004634],[2.310989,49.004665],[2.311051,49.004692],[2.311116,49.004717],[2.311184,49.004738],[2.311255,49.004755],[2.311327,49.004769],[2.3114,49.004779],[2.311475,49.004786],[2.31155,49.004788],[2.311625,49.004786],[2.3117,49.004781],[2.311773,49.004772],[2.311813,49.004765],[2.3118,49.004783],[2.311773,49.004829],[2.311752,49.004877],[2.311737,49.004925],[2.311727,49.004974],[2.311724,49.005024],[2.311726,49.005073],[2.311734,49.005122],[2.311748,49.005171],[2.311768,49.005218],[2.311793,49.005265],[2.311824,49.00531],[2.311833,49.00532],[2.311855,49.005347],[2.311578,49.005103],[2.311141,49.005378],[2.310911,49.005522],[2.311238,49.005764],[2.311388,49.005873],[2.311427,49.005901],[2.311404,49.005916],[2.311338,49.005962],[2.311227,49.006039],[2.311144,49.006093],[2.311007,49.006169],[2.310933,49.006211],[2.31077,49.006303],[2.31047,49.006473],[2.31014,49.006649],[2.309927,49.006764],[2.309587,49.006948],[2.309145,49.007178],[2.309086,49.007207],[2.308975,49.007259],[2.308544,49.007465],[2.308498,49.007486],[2.308446,49.007511],[2.308473,49.007548],[2.308439,49.007525],[2.308168,49.007641],[2.307875,49.007766],[2.307579,49.00789],[2.306932,49.008111],[2.305938,49.00845],[2.305971,49.008534],[2.306098,49.008876],[2.306182,49.009105],[2.306021,49.009132],[2.305606,49.0092],[2.305515,49.009215],[2.305487,49.009219],[2.30531,49.009246],[2.305058,49.009286],[2.30492,49.009127],[2.304786,49.008973],[2.303982,49.009],[2.303995,49.009166],[2.304011,49.009371],[2.303969,49.009372],[2.303799,49.00937],[2.303514,49.009319],[2.303383,49.009294],[2.302995,49.00914],[2.302803,49.009064],[2.30302,49.009018],[2.303668,49.008879],[2.303687,49.008856],[2.303632,49.008757],[2.303556,49.008621]],[[2.315618,49.000829],[2.315602,49.000859],[2.315648,49.000871],[2.315665,49.00084],[2.315618,49.000829]]],[[[2.298186,49.010008],[2.298143,49.010025],[2.29785,49.010107],[2.297551,49.010188],[2.29752,49.010197],[2.29752,49.010236],[2.297133,49.010233],[2.296666,49.010233],[2.296467,49.010231],[2.296154,49.010229],[2.295521,49.010226],[2.295518,49.010258],[2.295352,49.012587],[2.296238,49.012917],[2.296291,49.012937],[2.296411,49.012981],[2.298014,49.013573],[2.298521,49.014453],[2.298911,49.015185],[2.299113,49.015064],[2.299131,49.015053],[2.299135,49.01505],[2.299154,49.01504],[2.299839,49.014628],[2.300006,49.014935],[2.300531,49.01515],[2.300725,49.015231],[2.300875,49.015318],[2.301068,49.015447],[2.301216,49.015553],[2.301352,49.01567],[2.301451,49.015771],[2.301548,49.015878],[2.30167,49.016036],[2.301033,49.016716],[2.301081,49.016753],[2.301128,49.016792],[2.301155,49.016814],[2.301202,49.016849],[2.301252,49.016888],[2.301311,49.016936],[2.301419,49.017023],[2.301483,49.017076],[2.301733,49.016986],[2.301826,49.016953],[2.30188,49.016934],[2.302242,49.016804],[2.302402,49.016747],[2.302456,49.016728],[2.302539,49.016697],[2.302683,49.016645],[2.302798,49.016604],[2.302844,49.016587],[2.302889,49.016572],[2.302934,49.016555],[2.302992,49.016533],[2.303041,49.016515],[2.30341,49.016385],[2.303504,49.016476],[2.303504,49.016477],[2.30358,49.01656],[2.303592,49.016577],[2.303592,49.016578],[2.303636,49.016646],[2.303646,49.016674],[2.303647,49.016675],[2.303663,49.016717],[2.303682,49.016764],[2.3037,49.01681],[2.303721,49.016861],[2.303738,49.016905],[2.303766,49.016975],[2.303788,49.017031],[2.303789,49.017032],[2.303797,49.01706],[2.303815,49.017121],[2.30383,49.017172],[2.303845,49.017221],[2.303845,49.017222],[2.303854,49.017266],[2.303884,49.01741],[2.303884,49.01741],[2.303887,49.017461],[2.30389,49.017521],[2.303896,49.017635],[2.303896,49.017636],[2.303897,49.017691],[2.303897,49.017692],[2.303892,49.017738],[2.30388,49.01777],[2.303913,49.017812],[2.304017,49.017782],[2.3047,49.017583],[2.304766,49.017567],[2.30481,49.017561],[2.304851,49.017564],[2.304879,49.01757],[2.304927,49.017592],[2.305317,49.017787],[2.305784,49.017692],[2.306912,49.017599],[2.307202,49.017535],[2.307302,49.017512],[2.30742,49.017481],[2.307475,49.017468],[2.307557,49.017436],[2.307623,49.017404],[2.307995,49.017221],[2.308381,49.017115],[2.308445,49.017104],[2.308988,49.017092],[2.309085,49.017086],[2.30933,49.017051],[2.309432,49.017025],[2.309433,49.017043],[2.309441,49.017092],[2.309455,49.017141],[2.309475,49.017189],[2.309501,49.017235],[2.309531,49.01728],[2.309568,49.017324],[2.309609,49.017365],[2.309655,49.017404],[2.309705,49.017441],[2.30976,49.017474],[2.309819,49.017505],[2.309881,49.017533],[2.309946,49.017558],[2.310014,49.017579],[2.310084,49.017596],[2.310156,49.01761],[2.31023,49.01762],[2.310304,49.017626],[2.310379,49.017629],[2.310455,49.017627],[2.310529,49.017622],[2.310603,49.017613],[2.310674,49.0176],[2.310425,49.01772],[2.309929,49.017965],[2.305854,49.019953],[2.304239,49.020734],[2.304178,49.020759],[2.304178,49.020784],[2.304167,49.020822],[2.304107,49.020988],[2.304085,49.021051],[2.304027,49.021213],[2.30398,49.021353],[2.303946,49.021435],[2.303893,49.021523],[2.303825,49.021585],[2.303768,49.021641],[2.303739,49.021674],[2.303717,49.02171],[2.303668,49.021797],[2.303548,49.021922],[2.303507,49.021966],[2.303498,49.021975],[2.303489,49.021985],[2.303474,49.022001],[2.303451,49.022025],[2.303345,49.022136],[2.303209,49.022285],[2.30315,49.022346],[2.302981,49.022293],[2.302907,49.022272],[2.302829,49.022273],[2.302775,49.022278],[2.302713,49.022289],[2.302615,49.022329],[2.302564,49.022354],[2.302562,49.022404],[2.30255,49.022631],[2.30243,49.022825],[2.302401,49.022856],[2.302362,49.022876],[2.302285,49.022894],[2.302193,49.022916],[2.30197,49.022994],[2.301813,49.023039],[2.301775,49.023054],[2.301693,49.02311],[2.301636,49.023114],[2.301634,49.023124],[2.301615,49.023126],[2.300139,49.023293],[2.299115,49.023344],[2.299071,49.023353],[2.298369,49.023387],[2.297558,49.023243],[2.29681,49.02337],[2.296777,49.023334],[2.296848,49.023304],[2.296857,49.023299],[2.296865,49.023294],[2.296871,49.023287],[2.296876,49.02328],[2.296879,49.023272],[2.296879,49.023264],[2.296878,49.023257],[2.296874,49.023249],[2.296869,49.023242],[2.29659,49.022949],[2.296563,49.02292],[2.296544,49.0229],[2.296495,49.022848],[2.296488,49.022842],[2.296481,49.022837],[2.296472,49.022833],[2.296462,49.02283],[2.296451,49.022828],[2.29644,49.022827],[2.29643,49.022827],[2.296419,49.022829],[2.29618,49.022872],[2.295788,49.022943],[2.295783,49.022941],[2.295768,49.022906],[2.295679,49.022729],[2.295674,49.022661],[2.295663,49.022586],[2.295575,49.022331],[2.295581,49.022328],[2.29559,49.022323],[2.295593,49.022321],[2.295598,49.022319],[2.295604,49.022313],[2.29561,49.022307],[2.295613,49.0223],[2.295615,49.022293],[2.295616,49.022285],[2.295614,49.022278],[2.295549,49.022089],[2.295547,49.022084],[2.295543,49.022078],[2.295275,49.021739],[2.295269,49.021733],[2.295265,49.02173],[2.295262,49.021727],[2.295253,49.021723],[2.295243,49.021719],[2.295233,49.021716],[2.295222,49.021715],[2.295211,49.021715],[2.2952,49.021716],[2.29519,49.021718],[2.295181,49.02172],[2.295024,49.021512],[2.294784,49.02141],[2.294734,49.021389],[2.294351,49.021229],[2.293947,49.021083],[2.293796,49.021021],[2.292766,49.020587],[2.2926,49.020517],[2.292583,49.020524],[2.292753,49.020594],[2.292377,49.020763],[2.29235,49.02074],[2.292258,49.020646],[2.292238,49.020622],[2.292529,49.020494],[2.292593,49.020467],[2.29349,49.020074],[2.293389,49.019903],[2.293334,49.019848],[2.293295,49.019866],[2.293232,49.019756],[2.293097,49.019521],[2.292961,49.019284],[2.292826,49.01905],[2.292794,49.018995],[2.292327,49.019063],[2.292261,49.018881],[2.292337,49.018428],[2.292241,49.018428],[2.292186,49.018375],[2.292242,49.018356],[2.291998,49.018167],[2.291953,49.018132],[2.291821,49.018029],[2.291657,49.017909],[2.292571,49.017316],[2.292513,49.017252],[2.292436,49.01716],[2.292377,49.017086],[2.292336,49.017029],[2.292304,49.016984],[2.292282,49.016938],[2.292271,49.016895],[2.292271,49.016846],[2.29228,49.01681],[2.292297,49.016772],[2.292329,49.016718],[2.292357,49.016675],[2.292293,49.01658],[2.292238,49.0165],[2.292155,49.016374],[2.292108,49.0163],[2.292059,49.016225],[2.292019,49.016163],[2.291442,49.016314],[2.291753,49.016893],[2.290749,49.017258],[2.290495,49.01735],[2.290391,49.017287],[2.290768,49.01714],[2.290652,49.016976],[2.290797,49.016923],[2.290737,49.016825],[2.290697,49.01676],[2.290677,49.016727],[2.290675,49.016724],[2.290567,49.016548],[2.290551,49.016522],[2.290521,49.016476],[2.290349,49.016217],[2.290283,49.016116],[2.290206,49.016],[2.29014,49.015887],[2.290033,49.015917],[2.290014,49.015891],[2.290303,49.01581],[2.291675,49.015452],[2.291592,49.01538],[2.291547,49.01532],[2.291506,49.015265],[2.291446,49.015185],[2.291368,49.015089],[2.291304,49.015019],[2.291183,49.014886],[2.291143,49.014843],[2.291116,49.014812],[2.291098,49.014792],[2.291033,49.014717],[2.290949,49.014614],[2.290944,49.014607],[2.290924,49.014584],[2.290878,49.014525],[2.290855,49.01449],[2.290828,49.014446],[2.290771,49.014352],[2.290699,49.014236],[2.290651,49.014157],[2.290751,49.014093],[2.290837,49.014039],[2.290897,49.013998],[2.290836,49.013931],[2.290793,49.013883],[2.290788,49.013868],[2.290774,49.013821],[2.290749,49.013739],[2.290734,49.013693],[2.290718,49.013638],[2.290692,49.013557],[2.290673,49.013497],[2.290642,49.013398],[2.290617,49.013317],[2.29059,49.013231],[2.290579,49.0132],[2.290629,49.013168],[2.290913,49.013223],[2.290934,49.013153],[2.291006,49.012813],[2.29049,49.012586],[2.290066,49.012569],[2.28997,49.011762],[2.289525,49.011783],[2.289555,49.011702],[2.289574,49.011324],[2.28967,49.011021],[2.289725,49.010998],[2.290046,49.011128],[2.290141,49.011035],[2.29014,49.010977],[2.290201,49.010932],[2.290311,49.010843],[2.290361,49.010813],[2.290414,49.010781],[2.290555,49.010695],[2.29065,49.010613],[2.290363,49.009521],[2.290376,49.009109],[2.290347,49.009053],[2.290186,49.008838],[2.290139,49.008728],[2.290119,49.008591],[2.290124,49.008567],[2.290139,49.008542],[2.290206,49.00846],[2.290462,49.008418],[2.290156,49.007636],[2.289994,49.007296],[2.28988,49.007047],[2.289783,49.006622],[2.289804,49.00658],[2.29003,49.006545],[2.290416,49.006528],[2.290638,49.006536],[2.29092,49.006587],[2.290983,49.006586],[2.291172,49.006556],[2.291225,49.00654],[2.291555,49.006407],[2.291532,49.006373],[2.291663,49.006349],[2.291847,49.006315],[2.292203,49.006245],[2.292404,49.006209],[2.292647,49.006167],[2.29272,49.006156],[2.292843,49.00614],[2.29312,49.006115],[2.293218,49.006101],[2.293357,49.006074],[2.29348,49.006052],[2.293869,49.005992],[2.294142,49.005954],[2.29444,49.005913],[2.294658,49.00592],[2.29474,49.005925],[2.29474,49.005927],[2.2948,49.006155],[2.294802,49.00616],[2.294905,49.006471],[2.294907,49.006477],[2.294929,49.006531],[2.294934,49.006541],[2.294938,49.006549],[2.29494,49.006551],[2.29495,49.006568],[2.294957,49.006579],[2.294967,49.006594],[2.294977,49.006608],[2.294995,49.006625],[2.295068,49.006686],[2.295073,49.006689],[2.295171,49.006764],[2.295246,49.006901],[2.295247,49.006903],[2.295345,49.007084],[2.295362,49.007115],[2.295416,49.007204],[2.295701,49.007253],[2.295701,49.007254],[2.296032,49.007287],[2.296078,49.007124],[2.29611,49.007126],[2.296329,49.007159],[2.296548,49.007204],[2.296736,49.007266],[2.296904,49.007332],[2.2971,49.007423],[2.297248,49.007509],[2.297353,49.007586],[2.29737,49.007597],[2.297501,49.007674],[2.297521,49.007684],[2.297634,49.007734],[2.297645,49.007739],[2.29766,49.007744],[2.297773,49.00778],[2.29779,49.007785],[2.297803,49.007788],[2.29793,49.007813],[2.297953,49.007816],[2.298344,49.00786],[2.298382,49.007864],[2.298783,49.007907],[2.298946,49.007925],[2.299452,49.007988],[2.29956,49.008006],[2.299097,49.008067],[2.298655,49.008128],[2.298427,49.008157],[2.298425,49.008158],[2.297962,49.008249],[2.297819,49.00817],[2.297733,49.008121],[2.29765,49.008089],[2.297566,49.008059],[2.297549,49.008058],[2.297512,49.008062],[2.297085,49.008158],[2.296916,49.008195],[2.296784,49.008225],[2.296485,49.008297],[2.296481,49.008425],[2.29648,49.008912],[2.29648,49.008944],[2.296838,49.008948],[2.297539,49.008958],[2.29757,49.008958],[2.297571,49.008933],[2.297794,49.008686],[2.298096,49.008348],[2.298085,49.008317],[2.297997,49.008327],[2.297992,49.008279],[2.298066,49.008265],[2.298168,49.008246],[2.298431,49.008196],[2.298434,49.008196],[2.298687,49.008163],[2.298858,49.008141],[2.298861,49.008218],[2.298867,49.00836],[2.298875,49.008564],[2.298885,49.008853],[2.298889,49.008946],[2.2989,49.009251],[2.298902,49.009313],[2.29891,49.009596],[2.298798,49.009616],[2.298753,49.009624],[2.298666,49.009649],[2.29861,49.009692],[2.2985,49.009786],[2.298484,49.009799],[2.298392,49.009878],[2.298295,49.009941],[2.298186,49.010008]],[[2.291936,49.013331],[2.291844,49.013384],[2.291797,49.013413],[2.291693,49.013456],[2.291656,49.013482],[2.29163,49.013502],[2.291597,49.013531],[2.291569,49.013559],[2.291544,49.013587],[2.29152,49.013616],[2.291499,49.013646],[2.291481,49.013677],[2.291463,49.013711],[2.291445,49.013753],[2.291435,49.013785],[2.291426,49.013834],[2.291422,49.013883],[2.291424,49.013933],[2.291433,49.013982],[2.291447,49.01403],[2.291466,49.014078],[2.291492,49.014124],[2.291523,49.014169],[2.291559,49.014213],[2.2916,49.014254],[2.291646,49.014293],[2.291696,49.01433],[2.291751,49.014364],[2.29181,49.014395],[2.291872,49.014422],[2.291937,49.014447],[2.292005,49.014468],[2.292075,49.014486],[2.292147,49.014499],[2.292221,49.01451],[2.292295,49.014516],[2.29237,49.014518],[2.292446,49.014517],[2.29252,49.014511],[2.292594,49.014502],[2.292667,49.014489],[2.292737,49.014472],[2.292806,49.014452],[2.292872,49.014428],[2.292935,49.014401],[2.292994,49.014371],[2.29305,49.014338],[2.293101,49.014302],[2.293148,49.014263],[2.29319,49.014222],[2.293228,49.01418],[2.29326,49.014135],[2.293286,49.014089],[2.293307,49.014041],[2.293323,49.013993],[2.29333,49.013957],[2.293336,49.013887],[2.293334,49.013845],[2.293325,49.013796],[2.293311,49.013747],[2.293292,49.0137],[2.293266,49.013653],[2.293254,49.013636],[2.293236,49.013608],[2.293204,49.013571],[2.293199,49.013565],[2.293158,49.013523],[2.293112,49.013484],[2.293062,49.013448],[2.293007,49.013414],[2.292948,49.013383],[2.292886,49.013355],[2.29286,49.013345],[2.292821,49.013331],[2.292758,49.013311],[2.292753,49.013309],[2.292683,49.013292],[2.292611,49.013278],[2.292537,49.013268],[2.292463,49.013262],[2.292388,49.013259],[2.292313,49.013261],[2.292238,49.013266],[2.292164,49.013275],[2.292092,49.013288],[2.292021,49.013305],[2.291952,49.013325],[2.291936,49.013331]]],[[[2.310362,49.011899],[2.310623,49.012014],[2.310888,49.012105],[2.311098,49.012153],[2.311219,49.01217],[2.311224,49.012193],[2.311225,49.012197],[2.311386,49.012773],[2.311388,49.012779],[2.31145,49.012953],[2.311457,49.012968],[2.311556,49.013147],[2.311581,49.01319],[2.310881,49.013369],[2.31056,49.013448],[2.309844,49.012946],[2.309111,49.013183],[2.309019,49.013214],[2.309781,49.014029],[2.309947,49.014206],[2.308794,49.014541],[2.308694,49.014485],[2.307843,49.014004],[2.307355,49.013724],[2.308783,49.01288],[2.308454,49.012553],[2.310347,49.011889],[2.310362,49.011899]]],[[[2.334794,49.017622],[2.334752,49.017645],[2.334716,49.017658],[2.33455,49.017658],[2.334359,49.017642],[2.33414,49.017712],[2.334092,49.017769],[2.33407,49.017843],[2.33442,49.017953],[2.334594,49.017898],[2.334621,49.01795],[2.33463,49.017967],[2.334632,49.017971],[2.334885,49.018429],[2.335112,49.018847],[2.335006,49.018915],[2.334957,49.018946],[2.3349,49.018989],[2.334736,49.019036],[2.334467,49.019113],[2.334219,49.019177],[2.33408,49.019215],[2.33399,49.019234],[2.333773,49.019284],[2.333618,49.019319],[2.333532,49.019382],[2.333476,49.01947],[2.333477,49.019476],[2.333481,49.019515],[2.333545,49.019837],[2.333548,49.019862],[2.333291,49.019849],[2.33323,49.020007],[2.332968,49.020045],[2.333146,49.020374],[2.333259,49.020736],[2.333132,49.021096],[2.333131,49.0211],[2.333127,49.021113],[2.333113,49.021159],[2.333103,49.021191],[2.3331,49.021198],[2.333096,49.021211],[2.333215,49.021233],[2.333496,49.021502],[2.333597,49.021678],[2.333909,49.021864],[2.333953,49.021945],[2.333926,49.022044],[2.334072,49.022149],[2.33408,49.022152],[2.334309,49.022228],[2.334333,49.022299],[2.334352,49.022351],[2.334361,49.022375],[2.334366,49.02239],[2.334362,49.022406],[2.334346,49.022474],[2.334312,49.022554],[2.334254,49.022653],[2.334208,49.022714],[2.33403,49.022926],[2.332129,49.02242],[2.332098,49.022464],[2.331878,49.022392],[2.331767,49.022357],[2.331738,49.022338],[2.331498,49.022191],[2.331458,49.022209],[2.331102,49.022371],[2.330935,49.022244],[2.330088,49.022612],[2.33003,49.022501],[2.330004,49.022461],[2.329907,49.022369],[2.329613,49.022077],[2.329245,49.021707],[2.329188,49.02169],[2.329038,49.021674],[2.328605,49.021633],[2.328317,49.021496],[2.328073,49.02144],[2.327529,49.021365],[2.327353,49.021481],[2.327349,49.021483],[2.327043,49.021712],[2.326528,49.021597],[2.325984,49.021509],[2.32557,49.021815],[2.324555,49.021161],[2.324467,49.02112],[2.324257,49.021105],[2.324216,49.020879],[2.325273,49.020734],[2.325125,49.020291],[2.325438,49.020241],[2.325498,49.02022],[2.325585,49.020164],[2.325681,49.020081],[2.325726,49.020012],[2.325747,49.019962],[2.325861,49.019194],[2.325892,49.019087],[2.325924,49.019064],[2.326052,49.018791],[2.326045,49.018797],[2.326157,49.018214],[2.32621,49.017967],[2.326197,49.017883],[2.326124,49.017793],[2.325933,49.017709],[2.325711,49.017612],[2.325542,49.017546],[2.325006,49.017451],[2.323997,49.017278],[2.323332,49.01717],[2.322408,49.017024],[2.322361,49.017017],[2.322169,49.01699],[2.32211,49.016977],[2.322039,49.016939],[2.321919,49.01681],[2.321804,49.016672],[2.321651,49.016574],[2.321502,49.016502],[2.320969,49.016258],[2.320608,49.016096],[2.320521,49.016048],[2.320519,49.016043],[2.32052,49.016042],[2.32054,49.016012],[2.320585,49.015945],[2.320619,49.015896],[2.320774,49.015666],[2.320779,49.015659],[2.320867,49.015506],[2.320869,49.015501],[2.320933,49.015375],[2.321033,49.015182],[2.321035,49.015179],[2.321233,49.01476],[2.321408,49.014385],[2.321578,49.014026],[2.321651,49.013903],[2.321667,49.013875],[2.321676,49.013861],[2.321777,49.013759],[2.321803,49.013743],[2.321944,49.013685],[2.322225,49.013591],[2.322668,49.013443],[2.322814,49.013404],[2.322827,49.013402],[2.322891,49.01339],[2.322912,49.013388],[2.322988,49.013383],[2.323042,49.013383],[2.323137,49.013394],[2.323254,49.013421],[2.323439,49.013478],[2.324442,49.013828],[2.325398,49.014152],[2.3255,49.014186],[2.325681,49.014248],[2.325692,49.014251],[2.325825,49.01429],[2.325836,49.014293],[2.325858,49.014298],[2.325919,49.014307],[2.325994,49.014365],[2.325995,49.014366],[2.326004,49.014373],[2.326014,49.014379],[2.326024,49.014385],[2.32603,49.014387],[2.326192,49.014465],[2.32658,49.014662],[2.32659,49.014667],[2.326601,49.014672],[2.326613,49.014676],[2.326625,49.014679],[2.326638,49.014683],[2.32665,49.014685],[2.326663,49.014687],[2.326677,49.014689],[2.32669,49.01469],[2.326703,49.01469],[2.326717,49.01469],[2.32673,49.014689],[2.326743,49.014688],[2.326757,49.014686],[2.326769,49.014683],[2.326782,49.01468],[2.326794,49.014677],[2.326806,49.014673],[2.326818,49.014668],[2.326829,49.014663],[2.326839,49.014657],[2.326849,49.014651],[2.326858,49.014645],[2.326867,49.014638],[2.326875,49.014631],[2.326882,49.014624],[2.326888,49.014616],[2.326894,49.014608],[2.326899,49.0146],[2.326903,49.014591],[2.326906,49.014583],[2.326908,49.014574],[2.32691,49.014565],[2.32691,49.014556],[2.32691,49.014548],[2.326909,49.014539],[2.326907,49.01453],[2.326904,49.014521],[2.3269,49.014513],[2.326895,49.014505],[2.32689,49.014497],[2.326884,49.014489],[2.326877,49.014481],[2.326869,49.014474],[2.32686,49.014467],[2.326851,49.014461],[2.326842,49.014455],[2.326831,49.014449],[2.326831,49.014449],[2.326597,49.01433],[2.326687,49.014314],[2.326802,49.014294],[2.327436,49.014186],[2.327442,49.014185],[2.328263,49.014027],[2.328518,49.013988],[2.328527,49.013987],[2.328563,49.01398],[2.329204,49.013864],[2.329361,49.013845],[2.329487,49.013841],[2.329903,49.013867],[2.329921,49.013868],[2.329947,49.013867],[2.330064,49.013858],[2.330074,49.013857],[2.330102,49.013853],[2.330558,49.013758],[2.330971,49.013713],[2.331631,49.013651],[2.331844,49.013652],[2.331955,49.013667],[2.332092,49.013714],[2.332317,49.01384],[2.332346,49.013854],[2.332366,49.013861],[2.332457,49.013887],[2.332469,49.013891],[2.332492,49.013895],[2.33261,49.013914],[2.33264,49.013917],[2.332671,49.013918],[2.332818,49.013912],[2.332839,49.01391],[2.332856,49.013908],[2.332979,49.013887],[2.332994,49.013884],[2.33323,49.013832],[2.333316,49.01382],[2.333488,49.013814],[2.333661,49.01382],[2.333669,49.01382],[2.333677,49.01382],[2.333812,49.013817],[2.333839,49.013815],[2.333847,49.013814],[2.333967,49.013798],[2.333972,49.013797],[2.334085,49.01378],[2.334108,49.013776],[2.334122,49.013772],[2.334199,49.01375],[2.334217,49.013744],[2.334234,49.013736],[2.334326,49.013693],[2.334336,49.013688],[2.33447,49.013616],[2.334478,49.013612],[2.334616,49.01353],[2.334625,49.013524],[2.334827,49.013389],[2.334971,49.013316],[2.335054,49.013283],[2.335288,49.013277],[2.335799,49.013296],[2.335804,49.013296],[2.335972,49.0133],[2.335977,49.0133],[2.335993,49.0133],[2.336132,49.013294],[2.336154,49.013292],[2.336286,49.013275],[2.336317,49.01327],[2.336458,49.013237],[2.336472,49.013233],[2.336743,49.013154],[2.336757,49.013149],[2.337277,49.012963],[2.337717,49.012804],[2.337722,49.012802],[2.338282,49.012584],[2.338501,49.012503],[2.338616,49.012466],[2.338766,49.012429],[2.338877,49.012413],[2.338992,49.012405],[2.339229,49.012412],[2.339437,49.013541],[2.339418,49.013545],[2.33944,49.013542],[2.339697,49.013491],[2.33974,49.013731],[2.339761,49.013899],[2.339767,49.014018],[2.339764,49.014074],[2.339757,49.014118],[2.339746,49.014152],[2.339723,49.014192],[2.339717,49.014201],[2.339648,49.014286],[2.339614,49.014313],[2.339476,49.014385],[2.339263,49.014492],[2.339219,49.014545],[2.339081,49.014742],[2.338945,49.014946],[2.338908,49.015003],[2.33886,49.01522],[2.33882,49.015336],[2.338762,49.015454],[2.338667,49.015638],[2.33849,49.015787],[2.338261,49.015975],[2.33822,49.016014],[2.338037,49.016082],[2.337186,49.016148],[2.336813,49.016233],[2.33633,49.016341],[2.336146,49.016383],[2.335595,49.016575],[2.335147,49.016735],[2.334749,49.016876],[2.33447,49.01697],[2.335251,49.017355],[2.334794,49.017622]],[[2.330056,49.021297],[2.329188,49.02169],[2.33006,49.021299],[2.330056,49.021297]]],[[[2.311269,49.017245],[2.311295,49.017199],[2.311316,49.017152],[2.311332,49.017103],[2.311341,49.017054],[2.311345,49.017005],[2.311342,49.016956],[2.311334,49.016906],[2.31132,49.016858],[2.311317,49.016849],[2.311467,49.016779],[2.312071,49.016478],[2.312232,49.016517],[2.312357,49.016564],[2.312594,49.016664],[2.312602,49.016668],[2.312613,49.016672],[2.311684,49.017121],[2.311166,49.017366],[2.311199,49.017333],[2.311237,49.01729],[2.311269,49.017245]]],[[[2.304222,49.02104],[2.304224,49.021064],[2.304099,49.021101],[2.304108,49.021076],[2.304158,49.02094],[2.304182,49.020895],[2.304207,49.020872],[2.304211,49.020894],[2.304222,49.02104]]],[[[2.32339,49.022375],[2.323383,49.02237],[2.323086,49.022151],[2.322924,49.022037],[2.322839,49.02194],[2.322833,49.021935],[2.322791,49.021894],[2.322418,49.021535],[2.322334,49.021569],[2.322063,49.021331],[2.321591,49.020911],[2.321584,49.020906],[2.32158,49.020903],[2.321335,49.020718],[2.321317,49.020704],[2.32143,49.02072],[2.321662,49.020744],[2.321948,49.020746],[2.322213,49.020747],[2.323968,49.020475],[2.324147,49.021155],[2.324148,49.021704],[2.323907,49.022262],[2.323703,49.022636],[2.323633,49.022578],[2.32339,49.022375]]],[[[2.316455,49.025178],[2.316606,49.025523],[2.316728,49.025798],[2.316809,49.026021],[2.316838,49.026106],[2.316902,49.026427],[2.316953,49.026682],[2.316975,49.026793],[2.317001,49.026911],[2.31703,49.027018],[2.317035,49.027035],[2.317045,49.02707],[2.317051,49.027123],[2.317055,49.027234],[2.317055,49.027236],[2.317058,49.027321],[2.317061,49.027392],[2.317064,49.027404],[2.317079,49.027431],[2.317036,49.027426],[2.316454,49.027766],[2.316015,49.028031],[2.315722,49.028311],[2.315494,49.028476],[2.315034,49.028617],[2.314874,49.028663],[2.314618,49.028712],[2.314335,49.028775],[2.314239,49.02884],[2.3142,49.028893],[2.314129,49.028955],[2.314079,49.029019],[2.314042,49.029148],[2.31405,49.029229],[2.314174,49.029368],[2.314417,49.029567],[2.314499,49.02984],[2.314553,49.029988],[2.314688,49.030095],[2.314714,49.030123],[2.314431,49.030348],[2.314366,49.030413],[2.314136,49.030596],[2.313808,49.030804],[2.313716,49.030882],[2.313664,49.030927],[2.313508,49.031048],[2.313309,49.031162],[2.313108,49.031304],[2.3129,49.031449],[2.312746,49.031542],[2.312653,49.031608],[2.312471,49.031739],[2.312187,49.031944],[2.312129,49.031985],[2.311721,49.03228],[2.311286,49.032594],[2.310727,49.032996],[2.310601,49.032848],[2.310594,49.03284],[2.310445,49.03269],[2.310435,49.032682],[2.310171,49.032456],[2.310165,49.032452],[2.310044,49.032358],[2.31004,49.032355],[2.30991,49.032261],[2.309903,49.032256],[2.309715,49.032132],[2.309711,49.03213],[2.308849,49.031592],[2.308724,49.031497],[2.308619,49.031405],[2.308539,49.031321],[2.308489,49.031257],[2.308447,49.031188],[2.308396,49.031073],[2.308372,49.030933],[2.308397,49.030772],[2.308437,49.030658],[2.308489,49.030587],[2.308582,49.030485],[2.308677,49.030393],[2.308873,49.030207],[2.309016,49.030099],[2.309021,49.030095],[2.309545,49.02966],[2.309552,49.029654],[2.309986,49.029247],[2.309996,49.029237],[2.310095,49.029123],[2.310102,49.029115],[2.310277,49.028876],[2.310362,49.028775],[2.310435,49.028721],[2.310657,49.028595],[2.310932,49.028484],[2.31133,49.028321],[2.31135,49.028311],[2.311524,49.028218],[2.311536,49.028211],[2.311629,49.028153],[2.311635,49.028149],[2.311733,49.028083],[2.311742,49.028077],[2.311749,49.028071],[2.311827,49.028004],[2.311838,49.027993],[2.311908,49.027919],[2.311911,49.027916],[2.311918,49.027908],[2.311977,49.027829],[2.312026,49.027762],[2.312034,49.02775],[2.312087,49.027654],[2.312089,49.027649],[2.312133,49.027558],[2.312138,49.027545],[2.312181,49.027411],[2.312182,49.027408],[2.312183,49.027401],[2.312205,49.027296],[2.312206,49.027283],[2.312213,49.027161],[2.312213,49.027158],[2.312212,49.02715],[2.3122,49.027002],[2.312199,49.026995],[2.312184,49.026904],[2.312182,49.026896],[2.31218,49.026889],[2.312154,49.026813],[2.312115,49.0267],[2.312108,49.026686],[2.312038,49.026552],[2.312029,49.026537],[2.31197,49.026457],[2.311964,49.02645],[2.31189,49.026364],[2.311876,49.02635],[2.311752,49.026241],[2.311744,49.026235],[2.311639,49.026154],[2.311616,49.026138],[2.311533,49.026093],[2.311498,49.026065],[2.311363,49.025982],[2.312404,49.025682],[2.31329,49.025468],[2.313702,49.025383],[2.314287,49.025277],[2.315009,49.025221],[2.315965,49.025213],[2.31627,49.025204],[2.316409,49.025188],[2.316438,49.025141],[2.316455,49.025178]]],[[[2.262719,49.041637],[2.262646,49.041309],[2.262645,49.041305],[2.262535,49.040892],[2.262529,49.040865],[2.262522,49.040832],[2.262524,49.040805],[2.264948,49.040147],[2.269209,49.040597],[2.269309,49.040608],[2.269403,49.040618],[2.270313,49.040714],[2.271194,49.041193],[2.27122,49.041207],[2.271241,49.041219],[2.274384,49.042928],[2.274385,49.042928],[2.277621,49.044682],[2.278068,49.045021],[2.278075,49.045026],[2.278107,49.04505],[2.279731,49.04628],[2.280227,49.046655],[2.280377,49.046769],[2.280506,49.046866],[2.280506,49.046867],[2.280521,49.046878],[2.280992,49.047233],[2.28099,49.047234],[2.280829,49.047269],[2.2808,49.047275],[2.280777,49.04728],[2.279815,49.04749],[2.279776,49.047498],[2.279147,49.047634],[2.278339,49.047804],[2.278333,49.047806],[2.277808,49.047929],[2.277785,49.047935],[2.277574,49.048004],[2.277565,49.048007],[2.277561,49.048009],[2.277383,49.048079],[2.277033,49.048202],[2.276891,49.048237],[2.276707,49.048262],[2.276515,49.04828],[2.275953,49.048338],[2.275947,49.048339],[2.275732,49.048366],[2.275708,49.04837],[2.275492,49.048416],[2.275488,49.048417],[2.275303,49.04846],[2.275293,49.048462],[2.274673,49.048629],[2.274288,49.048723],[2.273681,49.048879],[2.273642,49.048889],[2.273004,49.049055],[2.272101,49.049279],[2.272081,49.049284],[2.271765,49.049388],[2.271755,49.049392],[2.271544,49.049472],[2.271518,49.049484],[2.271423,49.049534],[2.271412,49.04954],[2.271337,49.049587],[2.27132,49.049598],[2.27129,49.049622],[2.271211,49.049685],[2.271205,49.049691],[2.271202,49.049693],[2.271077,49.049804],[2.271066,49.049815],[2.271021,49.049813],[2.270747,49.049802],[2.270531,49.049793],[2.270243,49.049782],[2.270006,49.049773],[2.269864,49.049768],[2.269566,49.049758],[2.269128,49.049743],[2.26872,49.049731],[2.268501,49.049731],[2.268332,49.049735],[2.268258,49.04974],[2.268073,49.049762],[2.267853,49.04979],[2.26765,49.049816],[2.267474,49.049837],[2.26726,49.049863],[2.267197,49.049869],[2.26707,49.049877],[2.266913,49.049889],[2.266776,49.049901],[2.266786,49.049932],[2.266792,49.049954],[2.266816,49.050038],[2.266841,49.050118],[2.266854,49.050192],[2.266875,49.050305],[2.266876,49.050324],[2.266881,49.050339],[2.266946,49.050486],[2.266961,49.050517],[2.267,49.050582],[2.267025,49.050626],[2.267047,49.050685],[2.267088,49.050782],[2.267123,49.050875],[2.26714,49.050919],[2.266855,49.050636],[2.266813,49.050594],[2.2668,49.050583],[2.266662,49.050472],[2.266654,49.050466],[2.266543,49.050386],[2.266531,49.050378],[2.266524,49.050373],[2.266491,49.05035],[2.26644,49.050313],[2.266429,49.050306],[2.266382,49.050277],[2.266329,49.050245],[2.266304,49.050229],[2.266271,49.050209],[2.266161,49.050141],[2.266103,49.050105],[2.266041,49.050067],[2.265906,49.049984],[2.265828,49.049935],[2.265794,49.049914],[2.265781,49.049906],[2.265722,49.04987],[2.265653,49.049829],[2.26555,49.049767],[2.26546,49.049713],[2.265411,49.049684],[2.265205,49.049563],[2.265202,49.049562],[2.264519,49.049182],[2.264309,49.049051],[2.264178,49.048962],[2.264094,49.048896],[2.263965,49.048755],[2.263916,49.048694],[2.263885,49.048635],[2.263875,49.048567],[2.263863,49.048495],[2.263867,49.04845],[2.263886,49.048378],[2.263937,49.048275],[2.26399,49.048181],[2.264086,49.04803],[2.264089,49.048025],[2.264136,49.047942],[2.264141,49.047932],[2.264203,49.047786],[2.264207,49.047775],[2.264211,49.047756],[2.26422,49.047608],[2.26422,49.047603],[2.264218,49.047581],[2.26418,49.047423],[2.264178,49.047417],[2.264041,49.046994],[2.264021,49.046933],[2.263979,49.046803],[2.263971,49.046778],[2.263965,49.046759],[2.26389,49.046525],[2.263854,49.046413],[2.263774,49.04617],[2.26353,49.045423],[2.263482,49.045276],[2.263431,49.045122],[2.263224,49.044475],[2.262687,49.04284],[2.262662,49.042715],[2.262654,49.04257],[2.262651,49.042505],[2.262695,49.042268],[2.262706,49.042209],[2.262715,49.042161],[2.262719,49.042141],[2.26272,49.042135],[2.262724,49.042115],[2.262724,49.042114],[2.262729,49.042093],[2.262743,49.04202],[2.262747,49.042003],[2.262748,49.04199],[2.262755,49.041856],[2.262755,49.041853],[2.262754,49.041838],[2.262725,49.041666],[2.262724,49.041661],[2.262719,49.041637]]],[[[2.284484,49.048514],[2.284489,49.048567],[2.284499,49.048584],[2.284562,49.048695],[2.284671,49.048896],[2.284743,49.04901],[2.284795,49.049121],[2.284719,49.049126],[2.284665,49.049142],[2.284628,49.049174],[2.284553,49.04923],[2.284516,49.049203],[2.283834,49.048695],[2.282064,49.047358],[2.281987,49.0473],[2.282011,49.047295],[2.282516,49.047187],[2.282824,49.047119],[2.283439,49.046984],[2.284343,49.046794],[2.28435,49.046792],[2.284512,49.046753],[2.284533,49.046747],[2.284549,49.046742],[2.284543,49.046849],[2.284537,49.046955],[2.284519,49.047069],[2.284502,49.04718],[2.284495,49.047229],[2.28449,49.047265],[2.284503,49.047394],[2.284506,49.047515],[2.28451,49.047642],[2.284505,49.047789],[2.284494,49.047882],[2.284483,49.047918],[2.284459,49.047994],[2.284451,49.048022],[2.284459,49.048233],[2.284468,49.048383],[2.284484,49.048514]]],[[[2.280325,49.04812],[2.280306,49.048097],[2.280247,49.04803],[2.280197,49.047967],[2.280164,49.047924],[2.28013,49.047902],[2.280028,49.047941],[2.279849,49.048004],[2.279659,49.04807],[2.279458,49.048141],[2.279349,49.048182],[2.279306,49.048208],[2.279202,49.048281],[2.279158,49.048315],[2.279038,49.048398],[2.278948,49.048469],[2.278915,49.048492],[2.278812,49.048541],[2.278715,49.048621],[2.278598,49.048714],[2.278502,49.048792],[2.278437,49.048847],[2.278397,49.048884],[2.278332,49.048974],[2.278278,49.049049],[2.27819,49.049175],[2.278108,49.049284],[2.278034,49.049389],[2.277917,49.049549],[2.277762,49.049765],[2.277598,49.049993],[2.277479,49.050156],[2.277436,49.050217],[2.277323,49.050196],[2.277214,49.050175],[2.27716,49.050166],[2.277114,49.050243],[2.277001,49.050436],[2.276855,49.050688],[2.276686,49.050982],[2.276546,49.051222],[2.276487,49.051323],[2.27646,49.051371],[2.276414,49.051356],[2.276406,49.05131],[2.276382,49.051175],[2.27636,49.051054],[2.27634,49.05095],[2.276321,49.050797],[2.276311,49.050705],[2.276319,49.050664],[2.276362,49.05044],[2.276388,49.050297],[2.276146,49.050252],[2.276067,49.050239],[2.275925,49.050226],[2.275805,49.050212],[2.275699,49.050202],[2.275654,49.050199],[2.275547,49.050228],[2.275467,49.050249],[2.275344,49.050281],[2.275283,49.050299],[2.275137,49.050366],[2.274966,49.050441],[2.274853,49.05049],[2.274834,49.050503],[2.274761,49.050573],[2.274644,49.050689],[2.27453,49.050802],[2.27447,49.050858],[2.274456,49.050869],[2.274314,49.050905],[2.274265,49.050931],[2.274209,49.050963],[2.274145,49.051009],[2.274071,49.051065],[2.273992,49.051126],[2.273843,49.051223],[2.273744,49.051285],[2.27372,49.051294],[2.273695,49.0513],[2.273643,49.051296],[2.273573,49.051286],[2.27353,49.05128],[2.273493,49.051282],[2.273471,49.051285],[2.27344,49.051302],[2.273396,49.051329],[2.273339,49.051355],[2.273272,49.051382],[2.273197,49.051412],[2.273025,49.05132],[2.272997,49.051307],[2.272873,49.051252],[2.27279,49.051211],[2.272627,49.051144],[2.272588,49.051126],[2.272548,49.051101],[2.272383,49.051008],[2.272244,49.050928],[2.272175,49.050894],[2.272133,49.050871],[2.27207,49.050839],[2.271971,49.050791],[2.271913,49.050761],[2.271877,49.050737],[2.271842,49.050709],[2.271753,49.050631],[2.271681,49.050571],[2.271629,49.050525],[2.271602,49.050498],[2.271593,49.050482],[2.271578,49.050435],[2.271575,49.050395],[2.271574,49.050352],[2.271574,49.050321],[2.271567,49.050304],[2.271542,49.050267],[2.271474,49.050168],[2.27144,49.050119],[2.271415,49.05006],[2.271384,49.049997],[2.271416,49.049956],[2.271531,49.049854],[2.271627,49.049777],[2.271687,49.04974],[2.271763,49.049701],[2.271954,49.049628],[2.272255,49.049529],[2.272445,49.049482],[2.272458,49.049479],[2.272483,49.049473],[2.273152,49.049307],[2.273831,49.04913],[2.274434,49.048975],[2.274819,49.048882],[2.274826,49.04888],[2.275444,49.048713],[2.275621,49.048672],[2.275823,49.048629],[2.276021,49.048604],[2.276575,49.048547],[2.276771,49.048529],[2.276776,49.048528],[2.276784,49.048527],[2.27699,49.048499],[2.277017,49.048494],[2.277021,49.048493],[2.27719,49.048451],[2.277214,49.048444],[2.277581,49.048316],[2.277585,49.048314],[2.27759,49.048312],[2.277765,49.048243],[2.277957,49.04818],[2.278468,49.048061],[2.278706,49.04801],[2.278727,49.048006],[2.278777,49.047995],[2.279273,49.047891],[2.279905,49.047755],[2.279927,49.04775],[2.280938,49.047529],[2.280979,49.04752],[2.280982,49.04752],[2.281038,49.047507],[2.281118,49.04749],[2.281284,49.047454],[2.281426,49.047561],[2.283319,49.04899],[2.28332,49.048992],[2.284078,49.049556],[2.284107,49.049578],[2.284065,49.049611],[2.283918,49.049726],[2.283655,49.049808],[2.283314,49.049911],[2.28329,49.049918],[2.283135,49.049906],[2.2828,49.04988],[2.282578,49.049864],[2.282445,49.049852],[2.282448,49.049822],[2.282449,49.049803],[2.282192,49.049798],[2.282208,49.049671],[2.281922,49.049546],[2.281485,49.049351],[2.281379,49.049346],[2.28112,49.04933],[2.280934,49.04932],[2.28061,49.049302],[2.280582,49.049303],[2.280361,49.049318],[2.280362,49.049263],[2.280385,49.048962],[2.280392,49.048872],[2.280395,49.048847],[2.280392,49.04881],[2.280374,49.04858],[2.280362,49.048424],[2.280346,49.048257],[2.280338,49.04818],[2.280325,49.04812]]]]}}
]
}
