{
"type": "FeatureCollection",
"name": "BDTOPO_V3:foret_publique",
"xy_coordinate_resolution": 1e-06,
"features": [
{"type":"Feature","properties":{"nature":"Autre forêt publique","toponyme":"Forêt Régionale de Galluis","statut_du_toponyme":"Collecté","importance":"5","date_modification":"2021-12-01T15:34:38.327Z","sources":"ONF 2021"},"geometry":{"type":"MultiPolygon","coordinates":[[[[1.854445,49.062109],[1.854446,49.062108],[1.855568,49.062609],[1.854815,49.062825],[1.854956,49.062996],[1.855447,49.062879],[1.855803,49.062766],[1.855724,49.062626],[1.856458,49.062563],[1.857273,49.063771],[1.857372,49.063714],[1.857682,49.063503],[1.857804,49.063409],[1.858229,49.063058],[1.858511,49.062835],[1.859031,49.063006],[1.859052,49.062994],[1.859199,49.063073],[1.859282,49.063121],[1.859371,49.063177],[1.859433,49.063225],[1.859599,49.063368],[1.859795,49.063545],[1.860455,49.064169],[1.860485,49.064201],[1.860492,49.064231],[1.860485,49.064273],[1.860431,49.064376],[1.860289,49.064737],[1.860092,49.064786],[1.860077,49.064794],[1.859773,49.064979],[1.859385,49.065095],[1.858995,49.065216],[1.858893,49.065253],[1.858731,49.065326],[1.858469,49.065452],[1.857782,49.065768],[1.857606,49.065828],[1.857357,49.06589],[1.857086,49.065952],[1.856884,49.065985],[1.856689,49.065996],[1.855726,49.066009],[1.855233,49.066002],[1.854175,49.065959],[1.853849,49.065766],[1.854749,49.065126],[1.854707,49.065051],[1.853764,49.065713],[1.85348,49.065529],[1.853262,49.065416],[1.85295,49.065325],[1.852911,49.065319],[1.852361,49.06519],[1.851484,49.065122],[1.850325,49.065112],[1.850159,49.065099],[1.8501,49.065114],[1.85006,49.065096],[1.849737,49.064696],[1.849299,49.064228],[1.848931,49.063855],[1.848216,49.063516],[1.847914,49.063444],[1.847755,49.063369],[1.847221,49.063015],[1.846955,49.062869],[1.846825,49.062788],[1.846699,49.062719],[1.846609,49.06268],[1.846465,49.062564],[1.846317,49.062432],[1.845967,49.062172],[1.845819,49.062079],[1.845724,49.062041],[1.845589,49.062011],[1.845386,49.061971],[1.845244,49.06196],[1.846008,49.061467],[1.84611,49.061423],[1.846171,49.061388],[1.846278,49.06132],[1.846376,49.061254],[1.847365,49.062035],[1.848898,49.06188],[1.848957,49.06247],[1.850452,49.062155],[1.851546,49.062839],[1.853324,49.062418],[1.853939,49.062259],[1.854445,49.062109]]],[[[1.844974,49.062134],[1.84512,49.06204],[1.845488,49.062059],[1.845589,49.062085],[1.845815,49.062169],[1.846057,49.062323],[1.846419,49.062634],[1.846624,49.062784],[1.846836,49.062897],[1.847049,49.063002],[1.84767,49.063425],[1.84792,49.063536],[1.848315,49.063725],[1.848482,49.063745],[1.848857,49.063918],[1.849207,49.064352],[1.849601,49.064776],[1.850035,49.065139],[1.850186,49.065179],[1.850309,49.065193],[1.850461,49.065208],[1.850704,49.065209],[1.851793,49.065237],[1.852325,49.065258],[1.853208,49.065471],[1.854141,49.066012],[1.854821,49.066027],[1.855299,49.066055],[1.855515,49.066059],[1.856163,49.066044],[1.856785,49.066042],[1.85697,49.066033],[1.857152,49.065999],[1.85758,49.065897],[1.857797,49.065829],[1.857918,49.065777],[1.858175,49.065662],[1.858861,49.065903],[1.858997,49.065968],[1.85934,49.066121],[1.8597,49.066327],[1.859091,49.06689],[1.857553,49.068399],[1.857477,49.068464],[1.85734,49.068509],[1.857252,49.068532],[1.857185,49.068538],[1.856549,49.068536],[1.856294,49.068529],[1.855977,49.068513],[1.855777,49.068519],[1.855528,49.068532],[1.85532,49.068555],[1.855156,49.06858],[1.855028,49.068602],[1.854631,49.068646],[1.854456,49.068664],[1.854383,49.068679],[1.854007,49.068764],[1.853862,49.068781],[1.853761,49.068779],[1.853676,49.068766],[1.853589,49.068741],[1.85349,49.068695],[1.85338,49.068629],[1.853257,49.068552],[1.853181,49.068513],[1.853038,49.068484],[1.852781,49.068448],[1.852145,49.06837],[1.852007,49.068315],[1.85175,49.068216],[1.851639,49.068177],[1.851522,49.0681],[1.851382,49.068033],[1.851025,49.067872],[1.850819,49.067819],[1.85066,49.067784],[1.850624,49.067766],[1.850585,49.06775],[1.850456,49.067765],[1.850378,49.067756],[1.8503,49.067752],[1.849988,49.067785],[1.849319,49.067873],[1.849133,49.067921],[1.849102,49.067932],[1.849049,49.067963],[1.848999,49.067987],[1.848929,49.068011],[1.848848,49.068034],[1.848706,49.068069],[1.848535,49.068108],[1.848422,49.068139],[1.848246,49.068142],[1.848118,49.068157],[1.847996,49.068184],[1.847759,49.068241],[1.847381,49.068358],[1.847215,49.068413],[1.846981,49.068456],[1.846823,49.068492],[1.846702,49.068525],[1.846576,49.068562],[1.84635,49.06859],[1.846202,49.068611],[1.846113,49.068638],[1.845922,49.06869],[1.845677,49.068796],[1.845387,49.068878],[1.845146,49.068883],[1.845064,49.068892],[1.8449,49.068917],[1.844834,49.068936],[1.844762,49.068962],[1.844682,49.068988],[1.844612,49.069019],[1.844546,49.069042],[1.844058,49.069013],[1.843901,49.06899],[1.842007,49.068931],[1.841915,49.06894],[1.841765,49.068958],[1.842027,49.068583],[1.842038,49.068559],[1.842222,49.067944],[1.842182,49.067374],[1.84237,49.066996],[1.842521,49.066734],[1.842591,49.06637],[1.842636,49.066198],[1.842668,49.066088],[1.842736,49.065905],[1.842777,49.065785],[1.84286,49.065458],[1.842958,49.065294],[1.843066,49.06505],[1.843104,49.064949],[1.843118,49.06489],[1.843086,49.064885],[1.843138,49.064763],[1.843142,49.064721],[1.843093,49.064597],[1.843176,49.064248],[1.843231,49.064091],[1.843411,49.06384],[1.843488,49.063766],[1.8436,49.063703],[1.843895,49.06353],[1.844204,49.063358],[1.844329,49.063228],[1.844384,49.06315],[1.844413,49.063062],[1.844448,49.062938],[1.844475,49.062801],[1.844517,49.062712],[1.844601,49.062576],[1.844739,49.06238],[1.844974,49.062134]],[[1.854564,49.066482],[1.854243,49.066638],[1.854321,49.066722],[1.85469,49.066694],[1.854765,49.066672],[1.854764,49.066668],[1.854564,49.066482]]],[[[1.841349,49.065301],[1.840967,49.064679],[1.841506,49.064577],[1.841971,49.064388],[1.842315,49.064188],[1.842611,49.063973],[1.84277,49.063854],[1.843057,49.063724],[1.843638,49.063505],[1.843689,49.063555],[1.843631,49.06358],[1.843628,49.063604],[1.843427,49.063708],[1.843361,49.063757],[1.843285,49.063827],[1.843229,49.06389],[1.843165,49.063998],[1.84312,49.064091],[1.842984,49.064684],[1.843026,49.064903],[1.84292,49.065115],[1.842754,49.065415],[1.842533,49.066139],[1.842547,49.066165],[1.842464,49.06669],[1.842175,49.067252],[1.842086,49.067592],[1.842117,49.067925],[1.841984,49.068465],[1.841948,49.068544],[1.841835,49.068727],[1.841754,49.06882],[1.841508,49.069025],[1.840822,49.069225],[1.840577,49.069307],[1.841174,49.066017],[1.841349,49.065301]]],[[[1.8391,49.069767],[1.839591,49.069719],[1.83959,49.06972],[1.839357,49.069743],[1.839134,49.069771],[1.839054,49.0698],[1.8391,49.069767]]],[[[1.838597,49.070218],[1.838621,49.070185],[1.838621,49.070203],[1.838452,49.070346],[1.838432,49.070358],[1.838597,49.070218]]],[[[1.850497,49.074082],[1.848518,49.068154],[1.848796,49.068088],[1.849029,49.068005],[1.849111,49.067967],[1.849192,49.067933],[1.849302,49.067903],[1.849548,49.067862],[1.850003,49.067813],[1.850304,49.067786],[1.850435,49.067793],[1.850589,49.067777],[1.850681,49.067817],[1.850975,49.067887],[1.851218,49.067992],[1.851422,49.068092],[1.851546,49.068169],[1.851739,49.068252],[1.852047,49.068371],[1.852175,49.068403],[1.853062,49.068522],[1.853207,49.068582],[1.853238,49.068601],[1.853217,49.068611],[1.852526,49.06878],[1.852326,49.068842],[1.852335,49.068882],[1.853078,49.068691],[1.853199,49.06867],[1.853246,49.068666],[1.853292,49.068672],[1.853347,49.068688],[1.853456,49.068744],[1.853543,49.068784],[1.853669,49.068826],[1.853788,49.068841],[1.853876,49.068839],[1.853957,49.068823],[1.854018,49.068801],[1.854214,49.068752],[1.854355,49.068726],[1.85454,49.068698],[1.854699,49.06868],[1.854965,49.068653],[1.854966,49.068635],[1.85532,49.068597],[1.855601,49.068575],[1.855947,49.068555],[1.856423,49.068598],[1.857129,49.068603],[1.857186,49.068597],[1.857251,49.068588],[1.857325,49.068567],[1.857506,49.068502],[1.85756,49.06847],[1.859324,49.06675],[1.860008,49.066118],[1.86253,49.067484],[1.862464,49.067531],[1.862627,49.06775],[1.862061,49.067805],[1.861785,49.067916],[1.861792,49.067938],[1.861502,49.068318],[1.860948,49.06898],[1.860868,49.069081],[1.860717,49.069307],[1.860662,49.069365],[1.860614,49.069389],[1.859039,49.070038],[1.858995,49.07005],[1.858829,49.070079],[1.85867,49.070102],[1.858605,49.070118],[1.858489,49.070142],[1.858129,49.070229],[1.858046,49.070124],[1.857841,49.070201],[1.857759,49.070239],[1.857739,49.070222],[1.857458,49.070327],[1.85756,49.070441],[1.85736,49.070525],[1.857087,49.070626],[1.856535,49.070841],[1.856485,49.070848],[1.855652,49.071022],[1.855713,49.07106],[1.85606,49.070996],[1.856565,49.070888],[1.857951,49.070338],[1.858082,49.070294],[1.8583,49.07024],[1.858645,49.070167],[1.858845,49.070136],[1.859025,49.070104],[1.85913,49.070074],[1.86077,49.069373],[1.860943,49.069113],[1.86137,49.068599],[1.861631,49.068321],[1.861839,49.067988],[1.862242,49.0683],[1.862618,49.068618],[1.862973,49.06894],[1.863087,49.069021],[1.863189,49.069082],[1.863271,49.069122],[1.863371,49.069153],[1.863473,49.06918],[1.863644,49.069204],[1.863802,49.069219],[1.864054,49.069234],[1.864167,49.069234],[1.864325,49.06926],[1.864693,49.069368],[1.864937,49.069446],[1.865155,49.069521],[1.865464,49.06957],[1.8659,49.0696],[1.865936,49.069604],[1.865933,49.069619],[1.865414,49.06999],[1.865486,49.070031],[1.866165,49.069514],[1.866302,49.069432],[1.867326,49.068911],[1.867343,49.068913],[1.867366,49.068922],[1.867959,49.069393],[1.86813,49.069567],[1.868371,49.069827],[1.868638,49.070408],[1.868537,49.071368],[1.868474,49.071802],[1.867187,49.071393],[1.866059,49.071111],[1.865151,49.071181],[1.865283,49.071668],[1.865113,49.071811],[1.864627,49.072227],[1.86452,49.072317],[1.864221,49.072604],[1.864108,49.072706],[1.86408,49.072737],[1.864067,49.072762],[1.864062,49.072801],[1.864065,49.072843],[1.864063,49.073561],[1.864042,49.073593],[1.86406,49.073634],[1.863575,49.074705],[1.863405,49.075089],[1.863244,49.075328],[1.863062,49.07552],[1.86296,49.075622],[1.862725,49.075821],[1.864258,49.076892],[1.863653,49.077329],[1.865143,49.07823],[1.864619,49.078532],[1.864873,49.078718],[1.863837,49.079256],[1.863599,49.07924],[1.863499,49.079239],[1.863398,49.079225],[1.863311,49.079208],[1.863126,49.079145],[1.862582,49.078869],[1.862425,49.078775],[1.862299,49.078703],[1.86161,49.078236],[1.861043,49.077875],[1.860986,49.077844],[1.860487,49.077603],[1.860022,49.077368],[1.859861,49.077283],[1.859735,49.077191],[1.859503,49.076959],[1.859329,49.076792],[1.858867,49.076315],[1.858522,49.07598],[1.857656,49.075168],[1.857611,49.075205],[1.85722,49.075559],[1.857053,49.075532],[1.856357,49.075367],[1.855487,49.074923],[1.854892,49.074454],[1.854589,49.074307],[1.854367,49.074225],[1.853853,49.074062],[1.852822,49.073786],[1.852395,49.074277],[1.852753,49.074447],[1.852255,49.074917],[1.851786,49.074664],[1.85166,49.07477],[1.850228,49.074373],[1.850497,49.074082]],[[1.851297,49.074178],[1.851254,49.074267],[1.851878,49.074377],[1.85192,49.074291],[1.851297,49.074178]]],[[[1.86189,49.067961],[1.861889,49.067944],[1.861892,49.067931],[1.86207,49.067837],[1.862299,49.067823],[1.863001,49.06818],[1.863135,49.068064],[1.864148,49.06809],[1.864664,49.068237],[1.865414,49.068601],[1.86557,49.068492],[1.865657,49.068448],[1.866106,49.068832],[1.866132,49.06882],[1.866606,49.069219],[1.866126,49.069472],[1.866013,49.069555],[1.865904,49.069553],[1.865457,49.069526],[1.865395,49.06952],[1.865173,49.069477],[1.865057,49.069437],[1.864772,49.069345],[1.864487,49.069262],[1.864378,49.069234],[1.864259,49.06921],[1.86419,49.069198],[1.863896,49.069178],[1.863714,49.069161],[1.863545,49.069136],[1.863425,49.069108],[1.863326,49.069075],[1.863257,49.069045],[1.863165,49.068999],[1.863089,49.068954],[1.863015,49.068907],[1.862972,49.068862],[1.862524,49.068459],[1.86189,49.067961]]],[[[1.857307,49.063667],[1.856554,49.06256],[1.856889,49.06253],[1.857231,49.062546],[1.857441,49.062568],[1.857463,49.062572],[1.857749,49.062639],[1.858052,49.063133],[1.85761,49.06348],[1.857307,49.063667]]]]}},
{"type":"Feature","properties":{"nature":"Forêt domaniale","toponyme":"Forêt Domaniale de l'Hautil","statut_du_toponyme":"Collecté","importance":"5","date_modification":"2021-10-19T12:34:32.388Z","sources":"ONF 2021"},"geometry":{"type":"MultiPolygon","coordinates":[[[[1.991684,49.020999],[1.992066,49.021034],[1.992054,49.021059],[1.99205,49.021042],[1.991799,49.02103],[1.991231,49.02095],[1.990856,49.020886],[1.99087,49.020854],[1.991684,49.020999]]],[[[1.98966,49.020639],[1.990569,49.020801],[1.990555,49.020835],[1.989399,49.020637],[1.989245,49.020611],[1.989265,49.020558],[1.98966,49.020639]]],[[[1.989015,49.020507],[1.989264,49.020558],[1.989223,49.020607],[1.988797,49.020534],[1.988825,49.020475],[1.98883,49.020464],[1.989015,49.020507]]],[[[1.988154,49.020305],[1.988503,49.020387],[1.988474,49.020452],[1.987738,49.020266],[1.98713,49.020114],[1.987148,49.020058],[1.988154,49.020305]]],[[[1.9863,49.019849],[1.98676,49.019962],[1.986753,49.020018],[1.985513,49.019705],[1.986063,49.019798],[1.9863,49.019849]]]]}},
{"type":"Feature","properties":{"nature":"Autre forêt publique","toponyme":"Forêt du Domaine de Chantilly","statut_du_toponyme":"Collecté","importance":"5","date_modification":"2022-11-04T10:25:56.078Z","sources":"ONF 2021"},"geometry":{"type":"MultiPolygon","coordinates":[[[[2.419543,49.14945],[2.419161,49.149557],[2.418508,49.149564],[2.417035,49.149565],[2.415576,49.149583],[2.415487,49.147574],[2.416873,49.147543],[2.416967,49.147543],[2.418474,49.147537],[2.419207,49.147531],[2.419934,49.147512],[2.420102,49.147509],[2.421642,49.147485],[2.42316,49.147474],[2.424796,49.147445],[2.426286,49.147424],[2.427562,49.147406],[2.428722,49.147386],[2.431256,49.147343],[2.432971,49.147303],[2.433021,49.147299],[2.434041,49.147237],[2.434846,49.14709],[2.434923,49.147076],[2.435278,49.147058],[2.4356,49.146965],[2.435829,49.146886],[2.436077,49.146807],[2.436552,49.146756],[2.437264,49.146452],[2.437844,49.146299],[2.438402,49.146278],[2.438831,49.146271],[2.439124,49.146278],[2.439446,49.14627],[2.439803,49.146225],[2.440024,49.14616],[2.440047,49.146213],[2.439604,49.146351],[2.439365,49.146371],[2.438764,49.146366],[2.438639,49.146352],[2.438534,49.146365],[2.438441,49.146364],[2.438084,49.146409],[2.43797,49.146433],[2.437572,49.146481],[2.437321,49.1466],[2.437113,49.146668],[2.437035,49.146735],[2.436511,49.146984],[2.436108,49.147072],[2.435307,49.147457],[2.435306,49.147594],[2.434865,49.147635],[2.434441,49.147622],[2.433806,49.14785],[2.433594,49.147867],[2.433054,49.148015],[2.432943,49.148042],[2.432497,49.14816],[2.432474,49.148156],[2.432336,49.148203],[2.43195,49.148306],[2.431757,49.148317],[2.431593,49.148311],[2.431478,49.148348],[2.431287,49.148378],[2.431036,49.148418],[2.430415,49.148451],[2.428833,49.148844],[2.426356,49.149243],[2.42583,49.149382],[2.424866,49.149423],[2.424291,49.14947],[2.423873,49.149353],[2.423249,49.149505],[2.42283,49.149536],[2.422335,49.149467],[2.422227,49.149408],[2.422074,49.149384],[2.421951,49.149424],[2.421723,49.1494],[2.421501,49.149482],[2.420943,49.149545],[2.420888,49.149545],[2.420869,49.149543],[2.420839,49.149545],[2.420234,49.149545],[2.420234,49.149545],[2.419845,49.149467],[2.419543,49.14945]]],[[[2.435764,49.134118],[2.435655,49.134092],[2.436823,49.134278],[2.437429,49.134399],[2.437219,49.134376],[2.436567,49.134269],[2.435764,49.134118]]],[[[2.438948,49.134285],[2.438696,49.134283],[2.439117,49.134178],[2.439611,49.134181],[2.439718,49.134195],[2.438948,49.134285]]],[[[2.440954,49.134443],[2.440702,49.13434],[2.441085,49.134326],[2.441249,49.134404],[2.441369,49.134468],[2.441754,49.134622],[2.442297,49.13479],[2.443688,49.135138],[2.446042,49.135565],[2.446656,49.135691],[2.447048,49.135771],[2.44776,49.13598],[2.448053,49.136087],[2.448872,49.136458],[2.44959,49.136787],[2.449637,49.136806],[2.450018,49.136978],[2.450209,49.137062],[2.451567,49.137667],[2.45155,49.137661],[2.451219,49.13757],[2.450227,49.137212],[2.448961,49.136579],[2.448579,49.136379],[2.447703,49.136006],[2.446886,49.135827],[2.446267,49.135671],[2.445036,49.135441],[2.444396,49.135351],[2.443132,49.135139],[2.442016,49.134898],[2.440954,49.134443]]],[[[2.453577,49.138814],[2.453737,49.138622],[2.454879,49.139147],[2.455985,49.139651],[2.457341,49.140255],[2.458499,49.140763],[2.45797,49.140812],[2.457928,49.140813],[2.45745,49.140617],[2.456961,49.140541],[2.456434,49.140284],[2.455923,49.139996],[2.45528,49.13974],[2.455146,49.139673],[2.455176,49.139646],[2.454307,49.139231],[2.45428,49.139256],[2.453859,49.139009],[2.453577,49.138814]]],[[[2.460444,49.140168],[2.459478,49.140604],[2.458611,49.140748],[2.457886,49.140423],[2.453891,49.138617],[2.453285,49.138347],[2.451361,49.137509],[2.44991,49.136863],[2.450705,49.136683],[2.451235,49.135204],[2.451451,49.135207],[2.451799,49.135201],[2.452164,49.135153],[2.452317,49.135105],[2.452474,49.135049],[2.452598,49.134984],[2.452755,49.13489],[2.452992,49.134674],[2.453218,49.13466],[2.453784,49.134615],[2.454045,49.13474],[2.454178,49.134789],[2.4542,49.134792],[2.454402,49.13478],[2.454683,49.134757],[2.455078,49.134693],[2.455154,49.134683],[2.45624,49.134576],[2.456601,49.134569],[2.45691,49.134591],[2.457164,49.134534],[2.457178,49.13453],[2.457356,49.134677],[2.457584,49.134982],[2.457868,49.135224],[2.458124,49.135392],[2.458651,49.135661],[2.459774,49.136109],[2.460135,49.13632],[2.46071,49.136556],[2.46074,49.136564],[2.460881,49.136612],[2.461076,49.136679],[2.461102,49.136695],[2.461088,49.136785],[2.461171,49.136806],[2.46246,49.139247],[2.46134,49.139726],[2.460444,49.140168]]],[[[2.461286,49.136142],[2.461207,49.13665],[2.461132,49.136632],[2.461087,49.136621],[2.460747,49.136505],[2.460184,49.136275],[2.459824,49.136064],[2.458697,49.135616],[2.458179,49.135351],[2.457929,49.135188],[2.457654,49.134954],[2.457426,49.134649],[2.45726,49.134504],[2.457247,49.13449],[2.457231,49.134476],[2.45722,49.134471],[2.456773,49.134293],[2.456481,49.134244],[2.456052,49.134224],[2.455671,49.134227],[2.455294,49.13426],[2.454908,49.134357],[2.45462,49.134367],[2.454182,49.134293],[2.453709,49.134089],[2.453359,49.134004],[2.453097,49.133934],[2.452777,49.133843],[2.452104,49.133706],[2.451458,49.133594],[2.450969,49.133517],[2.450446,49.133468],[2.450438,49.133467],[2.450038,49.133371],[2.449291,49.133183],[2.449019,49.133073],[2.448721,49.132933],[2.448543,49.132835],[2.448403,49.132758],[2.448187,49.132589],[2.448048,49.132437],[2.447929,49.132349],[2.447699,49.132221],[2.447503,49.13208],[2.447292,49.131934],[2.447108,49.131845],[2.446866,49.131681],[2.446579,49.131483],[2.446216,49.131104],[2.445662,49.130635],[2.445294,49.130272],[2.445109,49.130175],[2.445088,49.13017],[2.444699,49.130087],[2.444237,49.129958],[2.443556,49.129424],[2.442777,49.128911],[2.442601,49.128808],[2.442441,49.128715],[2.442148,49.128508],[2.441905,49.128241],[2.441645,49.128083],[2.441318,49.127849],[2.440923,49.12769],[2.440726,49.127616],[2.440606,49.127571],[2.440199,49.127509],[2.439954,49.12745],[2.439791,49.127324],[2.439725,49.127232],[2.439659,49.12712],[2.439616,49.127035],[2.439595,49.127024],[2.439328,49.126954],[2.438813,49.126759],[2.438323,49.126661],[2.437994,49.126613],[2.438655,49.124554],[2.439906,49.12478],[2.442004,49.12522],[2.442341,49.125395],[2.444065,49.12635],[2.444079,49.126602],[2.44502,49.127356],[2.446317,49.128502],[2.44743,49.129008],[2.44794,49.12863],[2.447477,49.128115],[2.446883,49.127209],[2.448054,49.126881],[2.44666,49.124926],[2.445747,49.123673],[2.446754,49.121986],[2.446778,49.12195],[2.446832,49.120894],[2.448319,49.120314],[2.448225,49.11885],[2.448908,49.119106],[2.449382,49.119384],[2.449852,49.119622],[2.450136,49.119748],[2.450283,49.119812],[2.45056,49.119898],[2.450739,49.119969],[2.450906,49.120093],[2.451111,49.120402],[2.451484,49.120698],[2.451971,49.121062],[2.452353,49.121299],[2.453037,49.121731],[2.453578,49.122188],[2.453689,49.122295],[2.453757,49.122617],[2.453846,49.122904],[2.454387,49.123926],[2.455034,49.125145],[2.45525,49.125551],[2.456044,49.126076],[2.45605,49.126083],[2.456245,49.126382],[2.456505,49.126808],[2.456671,49.127051],[2.456812,49.127199],[2.456956,49.12734],[2.45705,49.12741],[2.457058,49.127421],[2.457189,49.127603],[2.457296,49.127791],[2.457367,49.128153],[2.457319,49.128411],[2.457232,49.128598],[2.457249,49.128795],[2.457257,49.128942],[2.45724,49.129279],[2.457275,49.12962],[2.457283,49.129633],[2.457306,49.129642],[2.457347,49.129648],[2.457824,49.129716],[2.458267,49.129951],[2.458491,49.130191],[2.458876,49.130602],[2.459009,49.130831],[2.459003,49.131237],[2.459003,49.131274],[2.459011,49.131289],[2.459772,49.131994],[2.459978,49.132192],[2.460076,49.132281],[2.460196,49.132353],[2.460293,49.132404],[2.460418,49.132458],[2.460611,49.132516],[2.460712,49.132552],[2.461085,49.13273],[2.461278,49.132817],[2.461484,49.132897],[2.461536,49.132909],[2.461669,49.132964],[2.461911,49.133276],[2.462023,49.133353],[2.462142,49.133393],[2.46243,49.133503],[2.462615,49.133559],[2.462951,49.133655],[2.463103,49.133729],[2.463264,49.133812],[2.463364,49.1339],[2.463561,49.134079],[2.463596,49.13414],[2.463728,49.134315],[2.463989,49.134562],[2.464182,49.13475],[2.464476,49.135003],[2.464507,49.13505],[2.464585,49.135201],[2.464627,49.135303],[2.464418,49.135313],[2.463194,49.135379],[2.462881,49.13528],[2.462389,49.135186],[2.461914,49.135093],[2.461539,49.135064],[2.461338,49.136144],[2.461286,49.136142]]],[[[2.471745,49.135083],[2.47173,49.135107],[2.471277,49.134442],[2.470866,49.133908],[2.470786,49.133796],[2.470157,49.132873],[2.46943,49.131887],[2.468943,49.131198],[2.468457,49.130557],[2.467856,49.129743],[2.467714,49.129547],[2.466556,49.127968],[2.466368,49.127726],[2.465587,49.126675],[2.465286,49.126266],[2.465186,49.126127],[2.463874,49.12435],[2.463058,49.123238],[2.464911,49.122743],[2.463973,49.121155],[2.463905,49.120997],[2.467193,49.120403],[2.468583,49.120807],[2.468905,49.121647],[2.469199,49.121552],[2.47045,49.121135],[2.470643,49.121235],[2.472417,49.121118],[2.474791,49.120889],[2.476857,49.120969],[2.477301,49.120955],[2.48002,49.120835],[2.481713,49.120709],[2.481699,49.121008],[2.48199,49.12096],[2.482508,49.120911],[2.482856,49.120918],[2.482909,49.120812],[2.483235,49.120812],[2.48626,49.120643],[2.486051,49.120331],[2.488804,49.119237],[2.491383,49.118155],[2.492207,49.117801],[2.492232,49.117809],[2.499055,49.122248],[2.497826,49.122588],[2.496531,49.122973],[2.494386,49.123596],[2.489568,49.12501],[2.487312,49.12565],[2.487289,49.125646],[2.483246,49.126607],[2.47676,49.128121],[2.475346,49.128446],[2.475313,49.128462],[2.476158,49.129443],[2.477511,49.13098],[2.475304,49.130983],[2.474861,49.13151],[2.474558,49.131847],[2.472954,49.133692],[2.472502,49.134222],[2.471745,49.135083]]],[[[2.49913,49.122164],[2.499104,49.122206],[2.496674,49.120624],[2.494698,49.119338],[2.492478,49.117892],[2.49228,49.117764],[2.492239,49.117751],[2.492142,49.116611],[2.492136,49.116391],[2.492204,49.11622],[2.492418,49.115858],[2.492735,49.11556],[2.492959,49.114988],[2.492605,49.114257],[2.492672,49.113395],[2.492614,49.113232],[2.492071,49.112741],[2.491613,49.112203],[2.491362,49.111797],[2.491321,49.111473],[2.491322,49.111471],[2.491838,49.111726],[2.498272,49.115142],[2.503013,49.117666],[2.50297,49.117769],[2.502305,49.118519],[2.499816,49.121383],[2.49913,49.122164]]],[[[2.428417,49.135238],[2.430323,49.135289],[2.431143,49.135216],[2.431457,49.134585],[2.431723,49.13341],[2.432642,49.133864],[2.432945,49.133915],[2.433638,49.13371],[2.435251,49.134043],[2.435549,49.134554],[2.436147,49.135819],[2.437361,49.138382],[2.438783,49.141688],[2.440398,49.14521],[2.440436,49.14532],[2.440376,49.145372],[2.440314,49.145442],[2.440306,49.145509],[2.440319,49.14556],[2.440116,49.145693],[2.440009,49.1458],[2.439962,49.145929],[2.439994,49.146086],[2.440002,49.146107],[2.439778,49.146171],[2.439437,49.146216],[2.439123,49.146224],[2.43883,49.146217],[2.438398,49.146224],[2.437825,49.146245],[2.437226,49.146403],[2.436514,49.146709],[2.436053,49.146754],[2.435792,49.146838],[2.435651,49.146885],[2.435484,49.14694],[2.435258,49.147004],[2.434908,49.147022],[2.434844,49.147034],[2.434025,49.147183],[2.433017,49.147245],[2.432965,49.147249],[2.431896,49.147274],[2.431254,49.147286],[2.43045,49.147302],[2.428718,49.147332],[2.427561,49.147352],[2.426284,49.14737],[2.424794,49.147391],[2.423158,49.14742],[2.421639,49.147431],[2.4201,49.147455],[2.4196,49.147464],[2.418473,49.147476],[2.417538,49.147487],[2.416969,49.147489],[2.416871,49.147489],[2.415464,49.147521],[2.414722,49.147537],[2.413524,49.147553],[2.411604,49.147589],[2.409538,49.147613],[2.407646,49.147646],[2.40673,49.147664],[2.406701,49.147636],[2.406657,49.147611],[2.406601,49.147587],[2.406527,49.147573],[2.40646,49.147572],[2.406372,49.147586],[2.406298,49.147608],[2.406247,49.14764],[2.406204,49.14767],[2.405485,49.147551],[2.40295,49.147088],[2.403136,49.142276],[2.403272,49.13868],[2.403297,49.138647],[2.403423,49.13855],[2.4059,49.137968],[2.407034,49.13764],[2.409112,49.136988],[2.410051,49.136782],[2.410561,49.13657],[2.411998,49.136068],[2.412801,49.135821],[2.413398,49.13561],[2.414982,49.135465],[2.415218,49.135398],[2.417638,49.135204],[2.418485,49.135008],[2.419097,49.134851],[2.419634,49.134695],[2.42057,49.134448],[2.421708,49.134042],[2.42302,49.133634],[2.423827,49.133487],[2.424422,49.134126],[2.425481,49.135101],[2.425773,49.135099],[2.427733,49.134937],[2.428434,49.135055],[2.428417,49.135238]]],[[[2.45895,49.130579],[2.458565,49.130168],[2.458331,49.129915],[2.457851,49.129665],[2.457354,49.129593],[2.457322,49.129278],[2.457339,49.128941],[2.457337,49.128893],[2.457331,49.128791],[2.457314,49.1286],[2.457399,49.128424],[2.457449,49.128153],[2.457377,49.127778],[2.457263,49.12758],[2.457121,49.127381],[2.457021,49.127309],[2.45688,49.127171],[2.456744,49.127023],[2.456581,49.126785],[2.456321,49.126359],[2.456113,49.126049],[2.460218,49.124751],[2.460651,49.1252],[2.460939,49.125447],[2.461477,49.125889],[2.46188,49.126221],[2.461933,49.126183],[2.461549,49.125864],[2.461004,49.125415],[2.460717,49.125168],[2.459812,49.124228],[2.462973,49.123264],[2.464213,49.124951],[2.465226,49.126333],[2.466269,49.127757],[2.468046,49.13018],[2.46932,49.131918],[2.470742,49.13386],[2.470571,49.133853],[2.470427,49.133788],[2.469984,49.133876],[2.469681,49.133903],[2.469459,49.13388],[2.469075,49.13374],[2.466472,49.134307],[2.466501,49.134693],[2.466304,49.134748],[2.465678,49.134854],[2.465289,49.135119],[2.464706,49.13529],[2.464663,49.135188],[2.464584,49.135033],[2.464548,49.134977],[2.464249,49.134718],[2.464058,49.13453],[2.463799,49.134287],[2.463672,49.134117],[2.463635,49.134052],[2.46343,49.133868],[2.463323,49.133776],[2.463153,49.133684],[2.463106,49.133662],[2.462992,49.13361],[2.462832,49.133561],[2.462649,49.133509],[2.462467,49.133453],[2.462181,49.133343],[2.462073,49.133308],[2.461977,49.133245],[2.461737,49.132935],[2.461723,49.132924],[2.461572,49.132859],[2.461518,49.132848],[2.461322,49.132772],[2.460756,49.132507],[2.460648,49.132467],[2.460457,49.132409],[2.46034,49.13236],[2.460263,49.132321],[2.460138,49.132245],[2.459853,49.131976],[2.459085,49.131264],[2.459088,49.130817],[2.45895,49.130579]]],[[[2.38917,49.144006],[2.390977,49.142377],[2.391791,49.141513],[2.392048,49.141193],[2.392336,49.140666],[2.392547,49.140319],[2.3927,49.140081],[2.393048,49.139832],[2.393509,49.139535],[2.39376,49.139433],[2.39404,49.139379],[2.394494,49.139329],[2.394926,49.139299],[2.39546,49.139248],[2.396251,49.139181],[2.396964,49.139241],[2.3972,49.13924],[2.397984,49.139238],[2.398749,49.139188],[2.401459,49.139015],[2.403118,49.138626],[2.402971,49.142291],[2.402845,49.146806],[2.401901,49.146807],[2.401906,49.14699],[2.401634,49.14715],[2.400903,49.146854],[2.400304,49.147661],[2.399431,49.147386],[2.398126,49.146962],[2.396172,49.146326],[2.394289,49.145696],[2.393402,49.14542],[2.38917,49.144006]]],[[[2.443784,49.131964],[2.443772,49.131955],[2.441607,49.130292],[2.440413,49.129363],[2.440362,49.129119],[2.440168,49.128931],[2.43987,49.128794],[2.439861,49.128789],[2.439043,49.128604],[2.438053,49.128231],[2.438027,49.128227],[2.437055,49.128303],[2.436749,49.127526],[2.437729,49.127313],[2.437974,49.126666],[2.438303,49.126715],[2.438781,49.126809],[2.439292,49.127004],[2.439546,49.127069],[2.439582,49.127138],[2.43965,49.127255],[2.439721,49.127356],[2.439916,49.127497],[2.440175,49.127562],[2.440575,49.12762],[2.440691,49.127664],[2.44088,49.127735],[2.441266,49.127889],[2.441587,49.128118],[2.44184,49.128278],[2.442081,49.12854],[2.442383,49.128756],[2.442566,49.128861],[2.44272,49.128951],[2.443494,49.12946],[2.444197,49.130005],[2.44467,49.130138],[2.445051,49.13022],[2.44507,49.130225],[2.445234,49.130307],[2.445596,49.130666],[2.44615,49.131135],[2.446514,49.131515],[2.44683,49.131734],[2.447054,49.131885],[2.447238,49.131975],[2.447443,49.132116],[2.447641,49.132261],[2.447872,49.132389],[2.447982,49.132468],[2.44812,49.132621],[2.448345,49.132798],[2.448508,49.132886],[2.448672,49.132973],[2.448973,49.133119],[2.449255,49.133233],[2.450409,49.133519],[2.450418,49.133521],[2.450955,49.13357],[2.451436,49.133649],[2.452083,49.133761],[2.452748,49.133892],[2.453063,49.133984],[2.453331,49.134053],[2.453671,49.134138],[2.454148,49.134342],[2.454611,49.134421],[2.454925,49.134411],[2.455315,49.134314],[2.455679,49.134281],[2.456049,49.134278],[2.456468,49.134298],[2.456741,49.134342],[2.457107,49.134495],[2.456893,49.13454],[2.456604,49.134515],[2.456233,49.134522],[2.455141,49.134629],[2.455056,49.13464],[2.454669,49.134703],[2.454393,49.134726],[2.454206,49.134738],[2.454089,49.134695],[2.453816,49.134563],[2.45379,49.134558],[2.453209,49.134607],[2.452955,49.134624],[2.452936,49.134633],[2.452694,49.134853],[2.452545,49.134943],[2.452428,49.135005],[2.452333,49.135038],[2.452138,49.135103],[2.45179,49.135147],[2.451452,49.135153],[2.4511,49.135147],[2.45079,49.135122],[2.450562,49.135087],[2.450429,49.135065],[2.4502,49.135009],[2.449972,49.134924],[2.449758,49.134836],[2.449488,49.134769],[2.449364,49.134724],[2.448998,49.134667],[2.448585,49.134581],[2.448213,49.134577],[2.44795,49.134571],[2.447763,49.134575],[2.447485,49.13442],[2.447445,49.134415],[2.447074,49.134351],[2.446434,49.134166],[2.446315,49.134123],[2.44612,49.134036],[2.445965,49.133955],[2.445707,49.133795],[2.44552,49.133651],[2.445351,49.133512],[2.445179,49.133379],[2.44494,49.133197],[2.444425,49.132667],[2.444307,49.132555],[2.444152,49.132306],[2.443784,49.131964]]],[[[2.449633,49.136736],[2.448936,49.13642],[2.448897,49.136407],[2.448758,49.136337],[2.44857,49.136255],[2.448096,49.136041],[2.44777,49.135921],[2.447072,49.135716],[2.446491,49.135599],[2.446317,49.135605],[2.446168,49.135575],[2.446636,49.135119],[2.447321,49.134462],[2.447722,49.134623],[2.447724,49.134622],[2.447728,49.134625],[2.44775,49.134629],[2.447951,49.134625],[2.448211,49.134631],[2.44857,49.134635],[2.448976,49.13472],[2.449336,49.134774],[2.449739,49.134893],[2.449929,49.134968],[2.450166,49.135058],[2.450403,49.135114],[2.450535,49.13514],[2.449633,49.136736]]],[[[2.455639,49.125161],[2.456113,49.126049],[2.456052,49.126006],[2.455315,49.125518],[2.455118,49.125147],[2.454474,49.123928],[2.453924,49.122891],[2.453838,49.122608],[2.453764,49.122271],[2.453646,49.122157],[2.453099,49.121694],[2.452409,49.121259],[2.452032,49.121026],[2.451548,49.120663],[2.451181,49.120375],[2.450976,49.120061],[2.450791,49.119928],[2.4506,49.119847],[2.450323,49.11977],[2.450748,49.119845],[2.451056,49.119888],[2.451526,49.119984],[2.452159,49.120134],[2.452687,49.120217],[2.453083,49.120346],[2.453385,49.120407],[2.453849,49.121215],[2.453881,49.121431],[2.453776,49.121848],[2.454663,49.123934],[2.454929,49.124499],[2.455567,49.125049],[2.455639,49.125161]]],[[[2.389263,49.144342],[2.38893,49.144223],[2.389089,49.14408],[2.393352,49.145494],[2.392819,49.14627],[2.390591,49.145515],[2.389263,49.144342]]],[[[2.443704,49.135087],[2.442527,49.134792],[2.444876,49.133231],[2.445115,49.133414],[2.445288,49.133549],[2.445469,49.133697],[2.445648,49.133831],[2.445909,49.133995],[2.44434,49.135202],[2.443704,49.135087]]],[[[2.443401,49.133844],[2.442656,49.134306],[2.442134,49.134679],[2.441825,49.134578],[2.44145,49.134434],[2.441164,49.134298],[2.444039,49.132375],[2.444086,49.13234],[2.444232,49.132581],[2.444357,49.132699],[2.444585,49.132933],[2.444713,49.133032],[2.443401,49.133844]]],[[[2.448321,49.118825],[2.450222,49.118954],[2.451254,49.11903],[2.451316,49.118766],[2.451635,49.118773],[2.451831,49.119181],[2.451426,49.119737],[2.453336,49.120323],[2.453348,49.120344],[2.453113,49.120297],[2.452716,49.120167],[2.452183,49.12008],[2.451553,49.119935],[2.451077,49.119834],[2.450767,49.119792],[2.450142,49.119687],[2.449899,49.119576],[2.449436,49.119343],[2.448957,49.119061],[2.448321,49.118825]]]]}},
{"type":"Feature","properties":{"nature":"Autre forêt publique","toponyme":"Forêt Hospitalière de Marines","statut_du_toponyme":"Collecté","importance":"5","date_modification":"2020-12-10T19:00:41.374Z","sources":"ONF"},"geometry":{"type":"MultiPolygon","coordinates":[[[[1.998004,49.148194],[1.997916,49.148157],[1.999915,49.14624],[2.000653,49.145525],[2.001152,49.145735],[2.000772,49.146282],[2.000759,49.14708],[2.000755,49.147626],[2.000777,49.147773],[2.000968,49.148132],[2.000731,49.148186],[2.000636,49.147719],[1.999933,49.147786],[1.999987,49.147868],[1.999266,49.148214],[1.998865,49.148303],[1.998635,49.148627],[1.998616,49.148411],[1.997965,49.148461],[1.997964,49.148246],[1.998004,49.148194]]]]}},
{"type":"Feature","properties":{"nature":"Autre forêt publique","toponyme":"Forêt Départementale de Morval","statut_du_toponyme":"Collecté","importance":"5","date_modification":"2020-12-10T19:00:41.374Z","sources":"ONF"},"geometry":{"type":"MultiPolygon","coordinates":[[[[1.829246,49.117445],[1.827678,49.116438],[1.828911,49.116123],[1.830108,49.115853],[1.831681,49.115524],[1.831776,49.115545],[1.832708,49.115487],[1.832926,49.115406],[1.833255,49.115316],[1.83334,49.115279],[1.834195,49.115059],[1.834432,49.114897],[1.835317,49.114345],[1.835095,49.113997],[1.835151,49.113983],[1.835185,49.114045],[1.835509,49.113974],[1.83795,49.113417],[1.840244,49.113138],[1.841644,49.112805],[1.842005,49.111111],[1.839788,49.110001],[1.840356,49.109444],[1.841343,49.108398],[1.84094,49.108097],[1.840986,49.107912],[1.841149,49.10792],[1.84203,49.107745],[1.841374,49.108412],[1.844164,49.11023],[1.844505,49.110911],[1.843948,49.111358],[1.843527,49.112011],[1.843255,49.112384],[1.843094,49.112642],[1.842642,49.113123],[1.842065,49.11357],[1.84289,49.114193],[1.842125,49.114594],[1.841996,49.114768],[1.84246,49.115548],[1.842488,49.115622],[1.842491,49.116106],[1.842484,49.116169],[1.8427,49.116798],[1.84332,49.117075],[1.843673,49.116734],[1.843859,49.116634],[1.84399,49.116628],[1.846121,49.116847],[1.846639,49.11701],[1.845854,49.117988],[1.84562,49.117877],[1.845416,49.117829],[1.843687,49.117816],[1.843689,49.118542],[1.84211,49.118633],[1.841483,49.118892],[1.840481,49.119106],[1.839858,49.11925],[1.837483,49.119679],[1.837259,49.119502],[1.836884,49.118716],[1.836825,49.118598],[1.836787,49.118532],[1.835762,49.118788],[1.835519,49.118816],[1.83516,49.118636],[1.834912,49.118538],[1.834357,49.118487],[1.833421,49.11854],[1.832754,49.11861],[1.831894,49.118407],[1.831546,49.118354],[1.830751,49.118305],[1.829859,49.117835],[1.829246,49.117445]]]]}},
{"type":"Feature","properties":{"nature":"Autre forêt publique","toponyme":"Forêt Régionale des Buttes du Parisis","statut_du_toponyme":"Collecté","importance":"5","date_modification":"2021-10-19T12:34:32.388Z","sources":"ONF 2021"},"geometry":{"type":"MultiPolygon","coordinates":[[[[2.193468,48.979815],[2.193126,48.97956],[2.193178,48.97954],[2.193426,48.979726],[2.193512,48.979796],[2.193468,48.979815]]],[[[2.211922,48.97794],[2.211743,48.977926],[2.211747,48.977771],[2.211865,48.97744],[2.211771,48.977421],[2.211833,48.977236],[2.211914,48.977098],[2.212134,48.977199],[2.212503,48.97747],[2.21264,48.977619],[2.212674,48.977702],[2.21214,48.977908],[2.211922,48.97794]]],[[[2.207098,48.977251],[2.20706,48.977208],[2.207125,48.977062],[2.207201,48.976943],[2.207348,48.976865],[2.207994,48.976597],[2.208404,48.976434],[2.209052,48.976771],[2.209221,48.976849],[2.2094,48.976878],[2.209594,48.976885],[2.209731,48.976883],[2.210046,48.976885],[2.209679,48.977599],[2.208761,48.977451],[2.208753,48.977467],[2.208381,48.977408],[2.208204,48.977369],[2.208207,48.977359],[2.208045,48.977321],[2.208039,48.977328],[2.207801,48.977295],[2.207585,48.977276],[2.207231,48.977277],[2.207098,48.977251]]],[[[2.212928,48.978388],[2.212896,48.978381],[2.212915,48.978252],[2.213032,48.977824],[2.213415,48.977951],[2.213301,48.978428],[2.21314,48.978416],[2.213012,48.9784],[2.212928,48.978388]]],[[[2.21182,48.970865],[2.2116,48.970595],[2.21588,48.968129],[2.215951,48.968327],[2.215989,48.968452],[2.216013,48.968556],[2.216028,48.968659],[2.216041,48.968773],[2.216025,48.96903],[2.216006,48.96915],[2.21597,48.969314],[2.215936,48.969431],[2.21589,48.969544],[2.215828,48.969674],[2.215758,48.969796],[2.21565,48.96996],[2.215543,48.970101],[2.215365,48.970307],[2.215081,48.970602],[2.214827,48.970862],[2.214474,48.971235],[2.214161,48.971558],[2.213957,48.971775],[2.21377,48.971984],[2.213659,48.972131],[2.2136,48.972221],[2.212642,48.972171],[2.2125,48.971877],[2.212495,48.971705],[2.212384,48.971618],[2.212311,48.971468],[2.212258,48.971439],[2.211911,48.970956],[2.21182,48.970865]],[[2.2128,48.970645],[2.212793,48.970669],[2.212793,48.970692],[2.212795,48.970706],[2.212805,48.970726],[2.212821,48.970747],[2.212842,48.970766],[2.212867,48.970781],[2.212883,48.970788],[2.212918,48.970799],[2.212947,48.970804],[2.21297,48.970806],[2.213,48.970805],[2.213029,48.970802],[2.213074,48.970789],[2.213096,48.970779],[2.213122,48.970763],[2.213147,48.970738],[2.213157,48.970724],[2.213164,48.970708],[2.213169,48.970682],[2.213162,48.97065],[2.213158,48.970641],[2.213144,48.970621],[2.213125,48.970602],[2.213102,48.970587],[2.213083,48.970578],[2.213052,48.970567],[2.213038,48.970564],[2.213167,48.970267],[2.21369,48.96999],[2.214125,48.970093],[2.214157,48.970118],[2.214173,48.970141],[2.214187,48.970172],[2.214188,48.970209],[2.214183,48.970245],[2.213888,48.97068],[2.213873,48.970716],[2.213877,48.970739],[2.213893,48.970764],[2.213919,48.970797],[2.213947,48.970817],[2.214051,48.970846],[2.214113,48.970845],[2.214174,48.970831],[2.214224,48.970795],[2.214923,48.969742],[2.215001,48.969635],[2.215,48.969602],[2.214982,48.969572],[2.214955,48.969539],[2.214911,48.969511],[2.21485,48.969495],[2.214808,48.969495],[2.214746,48.969505],[2.21468,48.969528],[2.214629,48.969566],[2.214377,48.969973],[2.214354,48.969996],[2.214266,48.970037],[2.214219,48.970041],[2.21374,48.969924],[2.213713,48.969899],[2.21359,48.96966],[2.213439,48.969669],[2.213326,48.969743],[2.213338,48.969852],[2.213322,48.969946],[2.213291,48.970003],[2.213012,48.970183],[2.212998,48.970194],[2.21312,48.970257],[2.21299,48.970558],[2.212964,48.970558],[2.212929,48.970563],[2.212907,48.970568],[2.212881,48.970577],[2.212857,48.970588],[2.212828,48.970609],[2.212816,48.970622],[2.2128,48.970645]]],[[[2.215294,48.97909],[2.215083,48.979018],[2.215651,48.978781],[2.215817,48.97893],[2.216041,48.978827],[2.216231,48.979006],[2.2163,48.978968],[2.216434,48.9789],[2.216252,48.978732],[2.216476,48.978614],[2.216483,48.97862],[2.2166,48.978569],[2.216632,48.978595],[2.216687,48.978568],[2.216818,48.978705],[2.216826,48.978719],[2.217126,48.978585],[2.217135,48.978591],[2.215808,48.979259],[2.215294,48.97909]]],[[[2.214391,48.978737],[2.213715,48.978517],[2.213805,48.978383],[2.213841,48.978312],[2.213854,48.978226],[2.213838,48.978007],[2.214021,48.977983],[2.214062,48.977972],[2.214116,48.977962],[2.214341,48.977916],[2.214609,48.977879],[2.21628,48.977767],[2.216499,48.977755],[2.216737,48.977704],[2.216774,48.97773],[2.214391,48.978737]]],[[[2.19455,48.979975],[2.194302,48.979687],[2.194375,48.979658],[2.194576,48.979888],[2.194894,48.979767],[2.195078,48.980023],[2.194717,48.980167],[2.194559,48.980221],[2.194393,48.980037],[2.19455,48.979975]]],[[[2.211066,48.982073],[2.211166,48.982049],[2.210881,48.981571],[2.211493,48.981403],[2.210687,48.980397],[2.211705,48.980002],[2.213059,48.979464],[2.214082,48.979054],[2.214502,48.978901],[2.215001,48.979053],[2.215387,48.979192],[2.215531,48.979247],[2.215732,48.979298],[2.215901,48.979353],[2.216345,48.979506],[2.216672,48.979576],[2.217165,48.979699],[2.217541,48.979787],[2.218029,48.979919],[2.218073,48.979907],[2.219268,48.980267],[2.219176,48.980404],[2.219349,48.980654],[2.219343,48.980658],[2.219272,48.98067],[2.219289,48.980704],[2.219256,48.980731],[2.2192,48.980784],[2.219442,48.98152],[2.219504,48.981775],[2.219538,48.981893],[2.219693,48.982268],[2.21962,48.982308],[2.219425,48.982413],[2.219345,48.98246],[2.21933,48.982467],[2.219261,48.982472],[2.219028,48.981875],[2.218917,48.981895],[2.218705,48.981929],[2.218717,48.981962],[2.218814,48.982251],[2.21859,48.982294],[2.218442,48.981872],[2.21799,48.981965],[2.217828,48.982001],[2.217572,48.982053],[2.217595,48.981525],[2.217569,48.981408],[2.217268,48.980763],[2.21702,48.980318],[2.216985,48.980311],[2.217109,48.980519],[2.217276,48.980823],[2.217288,48.980842],[2.217304,48.98088],[2.21736,48.980998],[2.21741,48.981113],[2.217554,48.981418],[2.217575,48.981556],[2.217556,48.982058],[2.21754,48.982065],[2.217824,48.982485],[2.217789,48.982497],[2.217739,48.982418],[2.217439,48.982526],[2.217295,48.982304],[2.217223,48.982296],[2.217036,48.982365],[2.217024,48.98235],[2.216957,48.98237],[2.216868,48.982248],[2.216552,48.981801],[2.216141,48.98194],[2.216306,48.982114],[2.216229,48.982144],[2.216803,48.983131],[2.216765,48.98314],[2.216729,48.983145],[2.216704,48.98315],[2.216659,48.983155],[2.216647,48.983158],[2.216375,48.98327],[2.216321,48.983289],[2.216256,48.983316],[2.216207,48.983335],[2.216136,48.98335],[2.215986,48.983412],[2.215949,48.983435],[2.215891,48.983458],[2.215818,48.983484],[2.215722,48.983517],[2.215672,48.983538],[2.215495,48.983609],[2.215492,48.983611],[2.215562,48.983783],[2.215555,48.983863],[2.215518,48.983882],[2.215506,48.983902],[2.215389,48.983938],[2.215372,48.983945],[2.21522,48.983994],[2.215213,48.983997],[2.215117,48.984015],[2.215057,48.984029],[2.215037,48.984014],[2.214952,48.984044],[2.21455,48.984121],[2.214462,48.984132],[2.214438,48.984113],[2.214135,48.984207],[2.213966,48.98425],[2.213611,48.984351],[2.213464,48.984378],[2.213287,48.984414],[2.213209,48.984431],[2.213184,48.984443],[2.213123,48.984433],[2.213088,48.984308],[2.212606,48.983646],[2.212521,48.983503],[2.212367,48.98326],[2.212261,48.983056],[2.212222,48.983002],[2.21211,48.982876],[2.211663,48.982578],[2.211331,48.982406],[2.21133,48.982323],[2.21117,48.982222],[2.211052,48.982075],[2.211066,48.982073]],[[2.216843,48.981398],[2.216726,48.98142],[2.21697,48.981381],[2.216843,48.981398]]],[[[2.192571,48.983619],[2.192621,48.983596],[2.192001,48.983545],[2.19161,48.98344],[2.191668,48.983374],[2.191727,48.983288],[2.191022,48.983163],[2.190864,48.983563],[2.190849,48.983592],[2.19082,48.983681],[2.190273,48.983609],[2.190268,48.983608],[2.19039,48.983322],[2.190571,48.982939],[2.189701,48.982723],[2.189676,48.982694],[2.189902,48.98245],[2.190011,48.982287],[2.19008,48.98214],[2.190099,48.982091],[2.190163,48.981914],[2.190296,48.981516],[2.190419,48.981534],[2.191028,48.981198],[2.191155,48.981121],[2.191228,48.981155],[2.191298,48.981101],[2.191243,48.981068],[2.192108,48.980564],[2.192726,48.980151],[2.192484,48.979992],[2.192502,48.979982],[2.192677,48.979829],[2.192787,48.979741],[2.192838,48.979704],[2.192913,48.979672],[2.192972,48.979638],[2.193079,48.979583],[2.19342,48.979839],[2.193521,48.979902],[2.193559,48.979923],[2.193494,48.979956],[2.193604,48.980055],[2.193751,48.979987],[2.193694,48.979935],[2.193784,48.979902],[2.193863,48.979865],[2.194112,48.979759],[2.194533,48.980231],[2.194044,48.980402],[2.193993,48.980424],[2.193892,48.98048],[2.193904,48.980497],[2.193881,48.980509],[2.193798,48.980558],[2.193632,48.980687],[2.193445,48.980839],[2.19342,48.980854],[2.193346,48.980872],[2.192944,48.981114],[2.1928,48.981198],[2.192756,48.981229],[2.192626,48.981308],[2.192386,48.981447],[2.192152,48.981581],[2.192098,48.981616],[2.191999,48.981695],[2.191939,48.981747],[2.191783,48.981877],[2.191689,48.982036],[2.191664,48.982072],[2.191591,48.982155],[2.191506,48.982257],[2.191378,48.982491],[2.191364,48.98251],[2.191337,48.982537],[2.191327,48.982544],[2.191287,48.982564],[2.191158,48.982602],[2.190987,48.982987],[2.190713,48.983573],[2.190722,48.983575],[2.190866,48.983256],[2.190998,48.982992],[2.191006,48.982981],[2.191064,48.982837],[2.191114,48.982736],[2.191172,48.982605],[2.191279,48.982578],[2.191303,48.98257],[2.191324,48.982559],[2.191353,48.982537],[2.191384,48.982504],[2.191447,48.982383],[2.191513,48.98227],[2.191548,48.982229],[2.191588,48.982187],[2.191615,48.982151],[2.191647,48.982115],[2.191667,48.982088],[2.191707,48.982028],[2.191791,48.981891],[2.191803,48.981877],[2.19201,48.981703],[2.19209,48.981638],[2.192162,48.981586],[2.192604,48.981332],[2.193063,48.981054],[2.193354,48.980879],[2.193422,48.980863],[2.193445,48.980851],[2.193806,48.980563],[2.194014,48.980454],[2.19408,48.980426],[2.194239,48.980371],[2.194394,48.980616],[2.194566,48.98056],[2.194396,48.980315],[2.194455,48.980295],[2.194543,48.980269],[2.194649,48.98023],[2.194749,48.980194],[2.194941,48.980117],[2.195001,48.980096],[2.195031,48.980092],[2.195047,48.980091],[2.195084,48.980094],[2.1951,48.980097],[2.195155,48.980114],[2.195419,48.980487],[2.195466,48.980473],[2.195607,48.980425],[2.195454,48.980159],[2.195526,48.980154],[2.195812,48.980126],[2.196053,48.980868],[2.196126,48.980847],[2.196468,48.981381],[2.197301,48.982037],[2.197274,48.982054],[2.199377,48.983721],[2.199587,48.983889],[2.199634,48.983932],[2.198865,48.984987],[2.198835,48.985016],[2.19879,48.985051],[2.198745,48.985073],[2.198682,48.985099],[2.197481,48.985321],[2.197471,48.98532],[2.197228,48.985363],[2.196461,48.985491],[2.196156,48.985534],[2.195715,48.985586],[2.194773,48.985702],[2.194156,48.985776],[2.194068,48.985785],[2.19399,48.985787],[2.193916,48.98578],[2.193858,48.985768],[2.193805,48.98575],[2.193768,48.985734],[2.193733,48.985714],[2.193699,48.985691],[2.193675,48.985672],[2.193621,48.985623],[2.193574,48.985562],[2.193549,48.985532],[2.193507,48.985469],[2.193306,48.984981],[2.193294,48.984966],[2.193287,48.984953],[2.193241,48.984905],[2.193205,48.984876],[2.193167,48.984852],[2.1931,48.984826],[2.193065,48.984817],[2.193016,48.984807],[2.192971,48.984799],[2.192885,48.984798],[2.193141,48.984661],[2.193223,48.98462],[2.192953,48.984455],[2.19236,48.984305],[2.192079,48.983933],[2.192292,48.983682],[2.192571,48.983619]],[[2.191831,48.983099],[2.191532,48.983043],[2.191689,48.983074],[2.191831,48.983099]],[[2.192395,48.982189],[2.192338,48.982178],[2.192756,48.982266],[2.192395,48.982189]],[[2.192684,48.982437],[2.192655,48.982518],[2.192837,48.98255],[2.192978,48.982572],[2.19301,48.982493],[2.192684,48.982437]],[[2.194787,48.980892],[2.194607,48.980967],[2.194689,48.981052],[2.194869,48.980977],[2.194828,48.980931],[2.194787,48.980892]],[[2.193509,48.983182],[2.193506,48.983204],[2.194063,48.984639],[2.194076,48.984671],[2.19408,48.98467],[2.194241,48.984658],[2.194952,48.985287],[2.196259,48.985304],[2.198494,48.985062],[2.19856,48.985045],[2.19858,48.985035],[2.1986,48.985021],[2.198623,48.984994],[2.198633,48.984978],[2.198642,48.984952],[2.198641,48.984929],[2.198621,48.984877],[2.198612,48.984859],[2.197372,48.983564],[2.197406,48.98355],[2.197444,48.983559],[2.197502,48.98345],[2.197476,48.983361],[2.197272,48.983139],[2.197286,48.98313],[2.197268,48.983106],[2.197311,48.983089],[2.197216,48.982987],[2.197155,48.98301],[2.197107,48.982958],[2.196888,48.983037],[2.196853,48.983003],[2.196817,48.983018],[2.196055,48.982222],[2.19601,48.982198],[2.195981,48.982186],[2.195915,48.982181],[2.195873,48.982184],[2.195837,48.982192],[2.194104,48.983016],[2.194084,48.983007],[2.194059,48.983],[2.194029,48.982983],[2.194008,48.982974],[2.193961,48.982968],[2.193919,48.982971],[2.193903,48.982976],[2.193562,48.983102],[2.19354,48.983122],[2.19353,48.983134],[2.193516,48.983159],[2.193509,48.983182]],[[2.196663,48.98168],[2.195931,48.982062],[2.196942,48.982849],[2.197647,48.982453],[2.196663,48.98168]],[[2.198441,48.983322],[2.19782,48.983629],[2.198738,48.98436],[2.199322,48.98405],[2.198441,48.983322]],[[2.195625,48.980422],[2.195932,48.980908],[2.195981,48.980891],[2.195705,48.980393],[2.195625,48.980422]],[[2.193177,48.982714],[2.193314,48.982758],[2.193324,48.982739],[2.193237,48.982708],[2.193264,48.98266],[2.193386,48.982476],[2.193137,48.982414],[2.19336,48.982032],[2.193271,48.981965],[2.193642,48.98171],[2.193872,48.981939],[2.194577,48.98151],[2.195127,48.981363],[2.195518,48.981102],[2.195495,48.981072],[2.195334,48.98117],[2.195166,48.981291],[2.195101,48.981342],[2.194724,48.981438],[2.194696,48.981396],[2.19388,48.981901],[2.193646,48.981665],[2.193392,48.981824],[2.193296,48.981903],[2.193179,48.981946],[2.193301,48.982039],[2.193181,48.982122],[2.193239,48.982148],[2.19322,48.982172],[2.192857,48.982014],[2.19279,48.982185],[2.193134,48.982298],[2.193068,48.982431],[2.193327,48.982497],[2.193219,48.982653],[2.192828,48.982592],[2.192818,48.982633],[2.193188,48.9827],[2.193177,48.982714]]],[[[2.189029,48.98082],[2.189005,48.980201],[2.189029,48.980153],[2.189546,48.979761],[2.189689,48.979841],[2.189723,48.979813],[2.190544,48.980285],[2.190682,48.980368],[2.19065,48.980391],[2.190903,48.980538],[2.190739,48.980648],[2.190621,48.980756],[2.190495,48.980888],[2.190415,48.980815],[2.190043,48.98071],[2.18983,48.980962],[2.189921,48.981045],[2.189799,48.981253],[2.189475,48.981126],[2.189029,48.98082]]],[[[2.189059,48.980108],[2.18893,48.980036],[2.189051,48.979922],[2.189196,48.979998],[2.189059,48.980108]]],[[[2.186924,48.981178],[2.186834,48.981137],[2.187264,48.980897],[2.187084,48.980748],[2.187102,48.980737],[2.187276,48.98065],[2.187585,48.980498],[2.187663,48.98058],[2.187704,48.980614],[2.188113,48.980331],[2.188052,48.980294],[2.188557,48.979978],[2.188652,48.980072],[2.18871,48.98011],[2.1883,48.980377],[2.188379,48.980431],[2.18859,48.980276],[2.188779,48.980155],[2.188793,48.980148],[2.188935,48.980239],[2.188989,48.980207],[2.188984,48.980332],[2.188795,48.980445],[2.188699,48.980379],[2.188492,48.980528],[2.188608,48.980599],[2.188832,48.980689],[2.189006,48.980807],[2.189004,48.980827],[2.189031,48.980847],[2.189455,48.981139],[2.189792,48.981273],[2.190183,48.981423],[2.190148,48.981515],[2.190082,48.981699],[2.190016,48.981899],[2.18997,48.982029],[2.18995,48.982078],[2.189864,48.982253],[2.189742,48.982407],[2.189672,48.982488],[2.189563,48.982623],[2.189581,48.982651],[2.189308,48.982942],[2.188693,48.982202],[2.188469,48.982277],[2.18832,48.982092],[2.188168,48.981883],[2.188184,48.981871],[2.188099,48.981701],[2.187952,48.981596],[2.187957,48.981604],[2.187801,48.981485],[2.18782,48.98146],[2.18768,48.981419],[2.187287,48.981249],[2.187192,48.98122],[2.187482,48.981068],[2.187402,48.981014],[2.187107,48.981198],[2.186924,48.981178]],[[2.188564,48.980757],[2.188336,48.980884],[2.188406,48.980934],[2.188631,48.980807],[2.188564,48.980757]],[[2.188662,48.981639],[2.188429,48.981753],[2.18876,48.982178],[2.189027,48.982087],[2.188662,48.981639]]],[[[2.187271,48.982547],[2.186927,48.982241],[2.187095,48.982154],[2.188009,48.981722],[2.188144,48.981907],[2.188265,48.982062],[2.187271,48.982547]]],[[[2.20306,48.983816],[2.202815,48.983496],[2.204234,48.982968],[2.204509,48.983584],[2.20306,48.983816]]],[[[2.197835,48.98536],[2.197811,48.985336],[2.198672,48.985183],[2.198713,48.985172],[2.198796,48.985142],[2.198858,48.98511],[2.198927,48.985068],[2.198935,48.985055],[2.198967,48.985022],[2.199711,48.983995],[2.199788,48.984046],[2.199832,48.984076],[2.199865,48.984062],[2.199804,48.984006],[2.20085,48.983866],[2.200853,48.984033],[2.200731,48.98414],[2.200527,48.984188],[2.200351,48.984266],[2.200398,48.984592],[2.200444,48.984792],[2.200369,48.985049],[2.200327,48.98534],[2.200342,48.985418],[2.198992,48.985966],[2.19884,48.986302],[2.198787,48.986171],[2.198619,48.985999],[2.198538,48.98592],[2.198399,48.9858],[2.198211,48.985655],[2.197835,48.98536]]],[[[2.192332,48.986618],[2.192293,48.986583],[2.192721,48.986463],[2.193778,48.98616],[2.194073,48.986054],[2.194246,48.985876],[2.195458,48.985698],[2.19607,48.985615],[2.196501,48.985552],[2.196905,48.985496],[2.197353,48.985418],[2.197778,48.985347],[2.197867,48.985414],[2.19839,48.985835],[2.198534,48.985969],[2.198757,48.98619],[2.198822,48.986391],[2.198825,48.986695],[2.198694,48.986889],[2.198625,48.987106],[2.198582,48.987224],[2.198392,48.987692],[2.198396,48.987706],[2.198415,48.98771],[2.198531,48.987433],[2.198857,48.987367],[2.198796,48.987189],[2.19862,48.987222],[2.198628,48.987199],[2.198669,48.987106],[2.19872,48.986938],[2.200414,48.986272],[2.20041,48.986349],[2.200395,48.986498],[2.199961,48.986656],[2.19972,48.98674],[2.19941,48.986854],[2.199457,48.986918],[2.199777,48.986815],[2.199841,48.986897],[2.199536,48.986962],[2.199589,48.987074],[2.200281,48.986934],[2.200351,48.986922],[2.200345,48.98695],[2.20026,48.987132],[2.200216,48.987394],[2.199732,48.987546],[2.199077,48.987717],[2.1991,48.987723],[2.199752,48.987554],[2.200021,48.987474],[2.200209,48.987412],[2.200159,48.987628],[2.200116,48.987688],[2.200038,48.987814],[2.199986,48.987872],[2.199519,48.987981],[2.198872,48.988107],[2.198874,48.988081],[2.198244,48.988064],[2.197791,48.988136],[2.197647,48.987808],[2.196972,48.98789],[2.196935,48.9879],[2.196727,48.988003],[2.196502,48.988055],[2.196367,48.988097],[2.196198,48.988186],[2.19591,48.988265],[2.195621,48.988277],[2.195475,48.98829],[2.19535,48.988304],[2.194942,48.98828],[2.194731,48.988308],[2.194544,48.988277],[2.194602,48.988164],[2.194605,48.98815],[2.194606,48.988131],[2.194598,48.988057],[2.194586,48.988005],[2.194566,48.98796],[2.194546,48.987922],[2.194522,48.987884],[2.194495,48.987848],[2.19442,48.987762],[2.194297,48.98768],[2.194217,48.987634],[2.194128,48.987585],[2.193985,48.987513],[2.193718,48.987382],[2.193391,48.987254],[2.193319,48.987234],[2.193296,48.987223],[2.193228,48.987183],[2.193186,48.987155],[2.193137,48.987114],[2.193078,48.987072],[2.193066,48.98707],[2.193033,48.987057],[2.192985,48.987048],[2.192931,48.987041],[2.19283,48.987014],[2.19277,48.986993],[2.192727,48.986975],[2.192655,48.986941],[2.192585,48.986905],[2.192513,48.986862],[2.192435,48.986775],[2.192413,48.986746],[2.192346,48.986635],[2.192332,48.986618]]],[[[2.2003,48.987797],[2.200077,48.987811],[2.200122,48.987743],[2.200441,48.987686],[2.200414,48.987609],[2.200177,48.987655],[2.20022,48.987579],[2.200229,48.987536],[2.200267,48.987396],[2.200285,48.987291],[2.200327,48.987383],[2.200365,48.987478],[2.200564,48.987436],[2.200398,48.987063],[2.200357,48.987068],[2.200409,48.986944],[2.200436,48.986717],[2.20047,48.986349],[2.200484,48.986242],[2.200547,48.985883],[2.200478,48.985656],[2.200452,48.985579],[2.200389,48.985336],[2.200406,48.985209],[2.20043,48.985053],[2.200614,48.984801],[2.200535,48.984614],[2.200477,48.984491],[2.200454,48.984317],[2.200491,48.984264],[2.200561,48.98424],[2.200671,48.984217],[2.200756,48.984191],[2.200898,48.984092],[2.200949,48.983849],[2.201777,48.98373],[2.202542,48.983579],[2.20269,48.983539],[2.202755,48.983555],[2.203291,48.984276],[2.203448,48.984611],[2.203441,48.984697],[2.203408,48.984731],[2.203171,48.984957],[2.203069,48.985206],[2.203096,48.985302],[2.203148,48.985393],[2.203189,48.985459],[2.203232,48.985532],[2.203325,48.985664],[2.203661,48.985854],[2.203732,48.985897],[2.203779,48.985931],[2.203883,48.986017],[2.203938,48.986068],[2.20397,48.986137],[2.203999,48.98619],[2.204183,48.98692],[2.204014,48.987252],[2.203913,48.987537],[2.203929,48.987624],[2.203999,48.987873],[2.204013,48.987945],[2.204009,48.987978],[2.202898,48.988267],[2.202674,48.988328],[2.202565,48.988354],[2.202434,48.988384],[2.202131,48.987846],[2.202194,48.987829],[2.202145,48.987734],[2.202216,48.987717],[2.202056,48.987423],[2.201982,48.987441],[2.202089,48.987639],[2.202019,48.987654],[2.201914,48.987458],[2.201841,48.987476],[2.202363,48.9884],[2.20208,48.98846],[2.201642,48.988269],[2.201384,48.98815],[2.201118,48.987654],[2.20097,48.987684],[2.201156,48.988046],[2.200951,48.988017],[2.200912,48.987925],[2.200808,48.987719],[2.200704,48.987735],[2.200634,48.987753],[2.200746,48.987991],[2.200373,48.987941],[2.2003,48.987797]],[[2.200887,48.986979],[2.200664,48.987017],[2.200778,48.987245],[2.200673,48.987268],[2.200779,48.987488],[2.200894,48.987465],[2.201015,48.987438],[2.201127,48.987651],[2.201232,48.98763],[2.200887,48.986979]],[[2.201498,48.985634],[2.201306,48.985645],[2.201316,48.985892],[2.201527,48.985889],[2.201498,48.985634]],[[2.201642,48.984793],[2.201459,48.984756],[2.201487,48.985356],[2.201672,48.985349],[2.201661,48.985089],[2.201642,48.984793]],[[2.202203,48.984977],[2.201896,48.985067],[2.201908,48.985174],[2.202235,48.985137],[2.202203,48.984977]],[[2.202259,48.985268],[2.201921,48.985303],[2.20193,48.985433],[2.202291,48.985418],[2.202295,48.985431],[2.202312,48.985526],[2.202735,48.98547],[2.20264,48.985253],[2.202266,48.985278],[2.202259,48.985268]]],[[[2.20324,48.985426],[2.203126,48.985194],[2.203209,48.984992],[2.203446,48.984735],[2.203505,48.984669],[2.203554,48.984674],[2.203742,48.984843],[2.204174,48.985032],[2.204322,48.985095],[2.205269,48.985363],[2.205561,48.98537],[2.205931,48.98531],[2.206724,48.98536],[2.206892,48.985401],[2.207003,48.98547],[2.207216,48.985803],[2.20725,48.985848],[2.207299,48.985896],[2.207298,48.985911],[2.20709,48.986023],[2.2063,48.986305],[2.205926,48.98647],[2.205464,48.986609],[2.205231,48.986738],[2.205197,48.986759],[2.204847,48.986834],[2.20447,48.986866],[2.20422,48.986963],[2.204245,48.986885],[2.20406,48.986168],[2.203987,48.986037],[2.203875,48.98593],[2.203632,48.985732],[2.203625,48.985732],[2.203391,48.985605],[2.20324,48.985426]]],[[[2.203359,48.984265],[2.203354,48.984262],[2.203774,48.984242],[2.204172,48.984205],[2.204272,48.984179],[2.204563,48.984096],[2.20455,48.984096],[2.204833,48.984021],[2.205157,48.983862],[2.205939,48.983689],[2.206648,48.983543],[2.207002,48.983464],[2.207236,48.983415],[2.207393,48.983358],[2.207605,48.98331],[2.207868,48.983218],[2.208379,48.98302],[2.208637,48.982927],[2.208699,48.9829],[2.209144,48.982733],[2.209359,48.982656],[2.20951,48.982598],[2.210082,48.983232],[2.210114,48.983223],[2.210256,48.983175],[2.210397,48.98312],[2.210871,48.982864],[2.210671,48.982662],[2.211268,48.982426],[2.211633,48.982621],[2.211863,48.982807],[2.21204,48.982947],[2.212091,48.982992],[2.212172,48.98309],[2.212264,48.983213],[2.212367,48.983377],[2.212451,48.983521],[2.21256,48.983693],[2.212582,48.983722],[2.212728,48.983901],[2.21304,48.984335],[2.21307,48.984506],[2.21304,48.984532],[2.21244,48.984715],[2.21245,48.984729],[2.212331,48.984762],[2.212201,48.984793],[2.21197,48.984852],[2.211559,48.984959],[2.211384,48.98497],[2.211083,48.984996],[2.210767,48.985002],[2.210359,48.985035],[2.209869,48.98519],[2.209843,48.985196],[2.209549,48.985229],[2.20927,48.985273],[2.20908,48.985308],[2.208964,48.985327],[2.20853,48.985407],[2.208043,48.98558],[2.20784,48.985649],[2.207339,48.985805],[2.207296,48.985815],[2.207276,48.985817],[2.20726,48.985816],[2.207249,48.985807],[2.207035,48.985472],[2.206919,48.985391],[2.206705,48.985337],[2.205946,48.985295],[2.205978,48.985252],[2.206357,48.985158],[2.206648,48.985088],[2.206947,48.985019],[2.207193,48.984958],[2.207368,48.984912],[2.207506,48.984874],[2.207815,48.984782],[2.208025,48.984712],[2.208325,48.984588],[2.20841,48.984554],[2.208621,48.98451],[2.20905,48.984409],[2.209253,48.98436],[2.209417,48.984303],[2.209503,48.984274],[2.209572,48.984249],[2.209565,48.984234],[2.209251,48.984347],[2.209127,48.984375],[2.208982,48.98441],[2.208525,48.984515],[2.208063,48.983837],[2.208044,48.983841],[2.208512,48.984518],[2.208395,48.984545],[2.208287,48.984588],[2.208164,48.98464],[2.207964,48.984718],[2.207873,48.984748],[2.207675,48.984807],[2.207582,48.984833],[2.207395,48.98489],[2.207202,48.984941],[2.20687,48.985018],[2.20666,48.985071],[2.206475,48.985114],[2.206282,48.985162],[2.205961,48.985239],[2.20589,48.985281],[2.205369,48.984657],[2.205223,48.984713],[2.205725,48.985317],[2.205567,48.985351],[2.205269,48.985346],[2.205159,48.985311],[2.20489,48.985237],[2.204696,48.985181],[2.20436,48.985086],[2.204308,48.985059],[2.203765,48.984821],[2.203571,48.98465],[2.203553,48.984624],[2.203512,48.984578],[2.203359,48.984265]]],[[[2.204076,48.987888],[2.20399,48.98751],[2.204197,48.987033],[2.204215,48.986981],[2.204476,48.986879],[2.20485,48.986848],[2.20521,48.986773],[2.205244,48.986751],[2.205478,48.986617],[2.205951,48.986476],[2.206302,48.986319],[2.207084,48.986036],[2.207306,48.985922],[2.207332,48.98592],[2.207645,48.986185],[2.207807,48.986372],[2.208105,48.986857],[2.20609,48.987393],[2.205909,48.987438],[2.204079,48.987955],[2.204069,48.9879],[2.204076,48.987888]]],[[[2.207687,48.986183],[2.207303,48.985853],[2.207307,48.985839],[2.207869,48.985665],[2.207913,48.985648],[2.208516,48.985433],[2.209317,48.985282],[2.209863,48.98521],[2.210363,48.985052],[2.210743,48.985025],[2.211102,48.985018],[2.21159,48.984971],[2.21211,48.98484],[2.212494,48.984742],[2.212782,48.984656],[2.213043,48.984581],[2.213077,48.984586],[2.213095,48.984932],[2.21317,48.985189],[2.213144,48.985207],[2.212501,48.985364],[2.210658,48.985726],[2.210802,48.986098],[2.208716,48.986687],[2.208131,48.98685],[2.207872,48.98642],[2.207824,48.986343],[2.207687,48.986183]]],[[[2.213865,48.985029],[2.213787,48.985038],[2.213794,48.985053],[2.213251,48.985122],[2.213249,48.985121],[2.213238,48.985081],[2.213219,48.984978],[2.213141,48.984511],[2.213188,48.984461],[2.213276,48.984449],[2.213368,48.984433],[2.213473,48.984413],[2.21348,48.984422],[2.213636,48.984394],[2.213988,48.984302],[2.214142,48.984264],[2.214252,48.984233],[2.214329,48.98422],[2.214555,48.984175],[2.214618,48.984162],[2.214979,48.984105],[2.215233,48.984478],[2.214967,48.984587],[2.214901,48.984611],[2.214612,48.984724],[2.214432,48.9848],[2.214308,48.984848],[2.213865,48.985029]],[[2.213541,48.984561],[2.213787,48.985038],[2.21375,48.984964],[2.213541,48.984561]]],[[[2.218158,48.982907],[2.21809,48.982773],[2.218124,48.982711],[2.218405,48.982645],[2.218704,48.982571],[2.21881,48.982567],[2.218855,48.982563],[2.21893,48.982781],[2.218257,48.983077],[2.218158,48.982907]]],[[[2.215115,48.984262],[2.214996,48.984097],[2.215235,48.984017],[2.21549,48.983925],[2.215665,48.983858],[2.215666,48.983853],[2.215596,48.983774],[2.215554,48.983623],[2.215569,48.983594],[2.215737,48.983536],[2.215781,48.983519],[2.215942,48.983447],[2.215977,48.983427],[2.216094,48.983385],[2.216346,48.983292],[2.216427,48.983264],[2.216475,48.983251],[2.216557,48.983224],[2.216624,48.983209],[2.216975,48.983109],[2.217099,48.983064],[2.217198,48.983026],[2.217243,48.983011],[2.21761,48.982873],[2.217624,48.982886],[2.217818,48.982807],[2.217811,48.9828],[2.217962,48.982749],[2.218053,48.982775],[2.218117,48.982903],[2.218229,48.983091],[2.218112,48.983151],[2.218041,48.983183],[2.217953,48.983226],[2.217564,48.983403],[2.217497,48.983431],[2.217399,48.983477],[2.216924,48.983693],[2.216216,48.984024],[2.216228,48.984028],[2.216,48.984099],[2.215546,48.984249],[2.215591,48.984308],[2.215255,48.984471],[2.215147,48.984314],[2.215115,48.984262]]],[[[2.217326,48.982901],[2.217289,48.982853],[2.217507,48.982766],[2.217909,48.982609],[2.217947,48.982669],[2.217987,48.98271],[2.21798,48.98271],[2.217376,48.982939],[2.217367,48.982935],[2.217366,48.982936],[2.217326,48.982901]]],[[[2.224267,48.976902],[2.224436,48.976905],[2.224538,48.977106],[2.224381,48.977128],[2.224626,48.97763],[2.224161,48.977707],[2.223836,48.977764],[2.223868,48.977844],[2.223717,48.977874],[2.223751,48.977982],[2.222656,48.978221],[2.222618,48.978152],[2.223152,48.978044],[2.223131,48.977985],[2.223107,48.977986],[2.222584,48.978087],[2.222536,48.978],[2.222516,48.978003],[2.222521,48.978016],[2.222587,48.978138],[2.222715,48.978366],[2.22274,48.978406],[2.222797,48.978479],[2.223001,48.978728],[2.223094,48.978856],[2.223123,48.978882],[2.223185,48.978923],[2.223743,48.979322],[2.223326,48.979552],[2.223045,48.979438],[2.222683,48.979234],[2.222204,48.978898],[2.222079,48.978815],[2.221822,48.978708],[2.222453,48.97801],[2.222327,48.978],[2.222054,48.977972],[2.221863,48.977947],[2.221825,48.977946],[2.221435,48.977887],[2.221381,48.97788],[2.221276,48.977871],[2.220961,48.977829],[2.220879,48.977813],[2.220762,48.977794],[2.220754,48.977489],[2.220624,48.977491],[2.220638,48.977769],[2.220514,48.977749],[2.220517,48.977834],[2.220518,48.978295],[2.220516,48.978491],[2.219731,48.978566],[2.219624,48.978581],[2.218978,48.978664],[2.218792,48.978684],[2.218588,48.978712],[2.2185,48.978333],[2.218481,48.97819],[2.218456,48.977939],[2.218776,48.977878],[2.218822,48.977858],[2.218908,48.977805],[2.21899,48.977708],[2.219021,48.977578],[2.219636,48.977531],[2.219536,48.977184],[2.219531,48.977138],[2.219522,48.977085],[2.219511,48.977043],[2.219511,48.97702],[2.220081,48.976945],[2.220389,48.976897],[2.220535,48.97688],[2.220569,48.976875],[2.22064,48.976868],[2.220639,48.976879],[2.220755,48.976864],[2.220807,48.976859],[2.220924,48.977336],[2.221001,48.977336],[2.221002,48.977326],[2.221078,48.977323],[2.221043,48.977154],[2.221113,48.977151],[2.221138,48.977323],[2.221217,48.977319],[2.221118,48.976843],[2.221208,48.976842],[2.22128,48.976844],[2.221549,48.976846],[2.221702,48.976851],[2.221802,48.976851],[2.222109,48.976897],[2.222233,48.97691],[2.222398,48.976917],[2.222503,48.976916],[2.222749,48.976902],[2.222893,48.97689],[2.223008,48.97689],[2.223144,48.976893],[2.223315,48.97689],[2.223531,48.976891],[2.223954,48.976898],[2.223938,48.976866],[2.224113,48.976871],[2.224254,48.976871],[2.224267,48.976902]],[[2.219302,48.978478],[2.219271,48.978569],[2.219584,48.978547],[2.219593,48.978457],[2.219302,48.978478]],[[2.21948,48.978196],[2.219437,48.97826],[2.220204,48.978216],[2.220219,48.978164],[2.21948,48.978196]]],[[[2.22274,48.979589],[2.222496,48.979321],[2.222631,48.979257],[2.222799,48.979353],[2.222937,48.979435],[2.222976,48.979455],[2.22303,48.97948],[2.223314,48.979601],[2.2237,48.979761],[2.224041,48.979898],[2.22359,48.980152],[2.223068,48.979803],[2.22274,48.979589]]],[[[2.219265,48.980229],[2.218119,48.979872],[2.218353,48.979735],[2.218572,48.979608],[2.218721,48.979486],[2.218563,48.978749],[2.2189,48.978714],[2.219124,48.978683],[2.219219,48.978674],[2.219513,48.978632],[2.219793,48.978604],[2.220045,48.978577],[2.220298,48.978553],[2.220509,48.978529],[2.221085,48.978582],[2.221661,48.978693],[2.22179,48.97874],[2.22185,48.978765],[2.221927,48.978805],[2.221998,48.97883],[2.222068,48.978867],[2.222617,48.97925],[2.222466,48.979315],[2.222731,48.979602],[2.222927,48.979726],[2.223158,48.979885],[2.223578,48.980158],[2.223459,48.980219],[2.22332,48.980386],[2.223014,48.980377],[2.222426,48.980308],[2.221988,48.98022],[2.221523,48.980123],[2.221516,48.980127],[2.221457,48.980242],[2.221454,48.980254],[2.221433,48.980303],[2.221378,48.980406],[2.221349,48.980453],[2.221306,48.980513],[2.22126,48.980588],[2.221226,48.980636],[2.22115,48.980761],[2.221122,48.980802],[2.221086,48.980861],[2.220932,48.981032],[2.220879,48.981068],[2.22083,48.981075],[2.220094,48.980673],[2.220166,48.980616],[2.219928,48.980486],[2.219886,48.980509],[2.21985,48.980537],[2.219392,48.98029],[2.219401,48.980265],[2.219415,48.980252],[2.219557,48.980144],[2.219589,48.980122],[2.219654,48.98007],[2.219861,48.979913],[2.21998,48.979826],[2.220008,48.979795],[2.22007,48.979734],[2.220123,48.979679],[2.220187,48.979619],[2.220263,48.979537],[2.220256,48.979532],[2.220239,48.979523],[2.22021,48.979548],[2.219977,48.979782],[2.219917,48.979836],[2.219829,48.9799],[2.219747,48.979963],[2.219682,48.980009],[2.219443,48.980197],[2.219378,48.980244],[2.219265,48.980229]],[[2.219839,48.97913],[2.219418,48.979119],[2.21944,48.979125],[2.220186,48.979225],[2.220175,48.979201],[2.220146,48.979156],[2.220053,48.979178],[2.220037,48.979148],[2.219839,48.97913]]],[[[2.219227,48.980442],[2.219206,48.980401],[2.219215,48.980381],[2.219285,48.980276],[2.21977,48.980545],[2.22023,48.980798],[2.220538,48.980964],[2.220795,48.981106],[2.220816,48.981137],[2.220759,48.981184],[2.220615,48.981274],[2.220501,48.981343],[2.220284,48.981169],[2.220135,48.981057],[2.219965,48.980924],[2.219907,48.980956],[2.22042,48.98136],[2.220335,48.981374],[2.220158,48.981409],[2.219673,48.981523],[2.21948,48.981555],[2.219273,48.980935],[2.219225,48.98078],[2.219292,48.98072],[2.219361,48.980664],[2.219368,48.980654],[2.219273,48.980518],[2.219227,48.980442]]],[[[2.219554,48.981882],[2.219482,48.98157],[2.21967,48.981534],[2.220062,48.981447],[2.220154,48.981426],[2.220181,48.981418],[2.220235,48.981409],[2.220262,48.981405],[2.220512,48.981356],[2.220779,48.981191],[2.220847,48.981128],[2.221197,48.98128],[2.221321,48.981329],[2.221513,48.981386],[2.221192,48.98151],[2.221064,48.981579],[2.220791,48.981683],[2.220667,48.981726],[2.220612,48.981747],[2.220497,48.981765],[2.220362,48.981787],[2.22021,48.981809],[2.22028,48.981937],[2.220207,48.981976],[2.2201,48.982039],[2.219717,48.982255],[2.219554,48.981882]]],[[[2.222359,48.981243],[2.222123,48.981215],[2.22214,48.981113],[2.222151,48.981069],[2.222248,48.980813],[2.222296,48.980702],[2.222353,48.980549],[2.2224,48.980443],[2.222448,48.980326],[2.223013,48.980392],[2.223306,48.980403],[2.223176,48.980549],[2.223166,48.980549],[2.223149,48.98058],[2.223112,48.980622],[2.223007,48.980739],[2.22287,48.980886],[2.222719,48.981054],[2.222359,48.981243]]],[[[2.221335,48.981289],[2.220879,48.981093],[2.220932,48.981052],[2.221111,48.980858],[2.221135,48.980816],[2.221165,48.980767],[2.221209,48.980704],[2.221291,48.980568],[2.221346,48.980491],[2.221386,48.980423],[2.221482,48.980244],[2.221535,48.980135],[2.222429,48.980323],[2.222364,48.980477],[2.222135,48.981054],[2.222106,48.981209],[2.221782,48.981284],[2.221588,48.981364],[2.221335,48.981289]]],[[[2.223817,48.980696],[2.223361,48.980494],[2.223366,48.980486],[2.2235,48.980355],[2.22354,48.980311],[2.223651,48.980243],[2.22406,48.979977],[2.224424,48.980124],[2.224807,48.980282],[2.224051,48.980599],[2.224014,48.980582],[2.224004,48.980584],[2.223963,48.980635],[2.223817,48.980696]]],[[[2.223363,48.980888],[2.223088,48.980842],[2.223163,48.980752],[2.223352,48.980507],[2.223802,48.980702],[2.223363,48.980888]]],[[[2.224182,48.979922],[2.224178,48.979904],[2.224242,48.979865],[2.224458,48.979724],[2.224627,48.979619],[2.224675,48.979593],[2.224931,48.979487],[2.224996,48.979477],[2.225005,48.979468],[2.225147,48.979453],[2.224734,48.980148],[2.224621,48.980098],[2.224761,48.97989],[2.224649,48.979844],[2.224463,48.980038],[2.224182,48.979922]]],[[[2.223109,48.978846],[2.223026,48.978733],[2.22414,48.978376],[2.224211,48.97847],[2.224303,48.978588],[2.224338,48.978636],[2.224366,48.978669],[2.224265,48.978712],[2.224299,48.978753],[2.224211,48.978788],[2.224261,48.978848],[2.224318,48.978906],[2.225,48.978657],[2.225129,48.978609],[2.225159,48.978642],[2.22518,48.978674],[2.225404,48.978601],[2.225451,48.97866],[2.225253,48.978733],[2.225298,48.978788],[2.225306,48.978785],[2.225343,48.978841],[2.225493,48.978793],[2.225708,48.979041],[2.225646,48.979062],[2.225554,48.979101],[2.225632,48.97918],[2.22559,48.979344],[2.225622,48.979372],[2.225557,48.979374],[2.22555,48.97938],[2.225421,48.979394],[2.225233,48.979425],[2.225056,48.979444],[2.224946,48.979459],[2.224904,48.97947],[2.224749,48.979322],[2.224693,48.979263],[2.22468,48.979252],[2.224625,48.979196],[2.224566,48.979141],[2.224556,48.979128],[2.224456,48.979032],[2.224401,48.978975],[2.223793,48.979334],[2.223666,48.979248],[2.223461,48.979097],[2.223359,48.97903],[2.223109,48.978846]]],[[[2.228832,48.978509],[2.228871,48.978466],[2.229023,48.978545],[2.228982,48.978579],[2.22905,48.978613],[2.228751,48.978733],[2.228646,48.978678],[2.228832,48.978509]]],[[[2.226903,48.979436],[2.226704,48.979358],[2.226711,48.979345],[2.227096,48.979146],[2.227152,48.979118],[2.227213,48.979066],[2.227287,48.979043],[2.227294,48.979048],[2.227443,48.978948],[2.227432,48.978941],[2.227659,48.978816],[2.227805,48.978733],[2.227836,48.978706],[2.22788,48.978689],[2.227999,48.978587],[2.228082,48.978571],[2.228168,48.978509],[2.228188,48.978475],[2.228261,48.978436],[2.228334,48.97838],[2.228468,48.97827],[2.228118,48.978108],[2.228191,48.978038],[2.228245,48.977989],[2.228701,48.978182],[2.228773,48.978153],[2.229028,48.978261],[2.228948,48.978346],[2.228712,48.978585],[2.228458,48.978812],[2.228391,48.97887],[2.228238,48.978933],[2.228164,48.97896],[2.228094,48.978991],[2.228031,48.979014],[2.227855,48.979086],[2.227789,48.97911],[2.227725,48.979138],[2.227371,48.979271],[2.226968,48.979425],[2.226903,48.979436]]],[[[2.229112,48.978588],[2.228871,48.978466],[2.229034,48.978301],[2.229392,48.97848],[2.229112,48.978588]]],[[[2.22931,48.978436],[2.229034,48.978301],[2.229066,48.978262],[2.229108,48.978216],[2.229154,48.978177],[2.229195,48.978135],[2.229309,48.978011],[2.229422,48.978067],[2.229563,48.978125],[2.229755,48.978193],[2.229865,48.978228],[2.229959,48.978252],[2.229682,48.978363],[2.229614,48.978392],[2.229469,48.978445],[2.229361,48.978398],[2.22931,48.978436]]],[[[2.228479,48.977358],[2.228463,48.977318],[2.228469,48.977291],[2.228476,48.97727],[2.228487,48.977249],[2.228515,48.977211],[2.228594,48.977117],[2.228608,48.977097],[2.228619,48.977012],[2.228623,48.976956],[2.228622,48.976926],[2.22863,48.976893],[2.228653,48.976837],[2.22867,48.976808],[2.228688,48.976784],[2.228757,48.976707],[2.228859,48.976585],[2.228986,48.976467],[2.229108,48.976365],[2.229235,48.976273],[2.229296,48.976234],[2.229353,48.976196],[2.229398,48.976169],[2.229456,48.976138],[2.229523,48.976108],[2.229617,48.976075],[2.229676,48.97606],[2.229706,48.976054],[2.229769,48.976045],[2.229949,48.976036],[2.230046,48.976035],[2.230409,48.976044],[2.230867,48.97605],[2.231032,48.97605],[2.231103,48.976046],[2.231154,48.976041],[2.231255,48.976024],[2.231362,48.976002],[2.231421,48.975988],[2.231661,48.975907],[2.231859,48.975836],[2.232006,48.975786],[2.23216,48.975729],[2.232307,48.975692],[2.232371,48.97568],[2.232385,48.97568],[2.232415,48.975674],[2.232474,48.975659],[2.232516,48.975665],[2.232657,48.975666],[2.232743,48.975672],[2.232811,48.975679],[2.233514,48.975785],[2.233698,48.975808],[2.234046,48.975859],[2.234151,48.975873],[2.23429,48.975884],[2.234438,48.975886],[2.234526,48.975884],[2.234663,48.975874],[2.234799,48.975855],[2.234858,48.975842],[2.234996,48.975805],[2.235521,48.975677],[2.235827,48.975604],[2.235905,48.975586],[2.236008,48.975618],[2.236191,48.975579],[2.236328,48.975546],[2.236362,48.975525],[2.236394,48.97551],[2.23641,48.975507],[2.236431,48.975506],[2.236429,48.975532],[2.236436,48.975616],[2.236454,48.975785],[2.236475,48.975939],[2.236414,48.976007],[2.236243,48.97603],[2.235985,48.976062],[2.235746,48.976097],[2.235733,48.976053],[2.235626,48.976079],[2.235416,48.976138],[2.235103,48.976218],[2.234859,48.976285],[2.234711,48.976328],[2.234712,48.976335],[2.234617,48.976349],[2.23469,48.976442],[2.234582,48.976474],[2.234508,48.976394],[2.234307,48.97647],[2.234174,48.976524],[2.234072,48.976415],[2.233812,48.976057],[2.233744,48.976059],[2.23397,48.976394],[2.234108,48.976549],[2.233982,48.976598],[2.233938,48.976619],[2.233872,48.976644],[2.233824,48.976665],[2.233738,48.976698],[2.233503,48.976795],[2.233436,48.976817],[2.23331,48.976867],[2.233182,48.976916],[2.233054,48.976776],[2.232933,48.97682],[2.232937,48.976828],[2.232862,48.976855],[2.232984,48.976989],[2.232909,48.977017],[2.232792,48.976882],[2.232722,48.976906],[2.232841,48.977044],[2.232459,48.977211],[2.232477,48.977228],[2.232338,48.977262],[2.232264,48.977294],[2.232131,48.977155],[2.231561,48.977553],[2.23159,48.977576],[2.231559,48.97759],[2.231092,48.977267],[2.231075,48.977252],[2.230596,48.977015],[2.230544,48.977011],[2.230536,48.977016],[2.230368,48.977073],[2.230357,48.977087],[2.23057,48.977392],[2.230592,48.977432],[2.230711,48.977695],[2.230759,48.977807],[2.230816,48.977892],[2.230818,48.977902],[2.230807,48.977908],[2.230748,48.977823],[2.230676,48.977667],[2.230618,48.977532],[2.230568,48.977435],[2.230552,48.9774],[2.230517,48.977349],[2.230334,48.977096],[2.230327,48.977083],[2.230285,48.977051],[2.229879,48.97719],[2.229865,48.977192],[2.229597,48.977322],[2.229536,48.977347],[2.229475,48.977404],[2.229473,48.977436],[2.229417,48.977633],[2.229391,48.977675],[2.229326,48.977765],[2.229309,48.977756],[2.228952,48.977608],[2.228714,48.9775],[2.228644,48.977467],[2.228543,48.977433],[2.228534,48.977428],[2.228528,48.977425],[2.228527,48.977417],[2.228507,48.977397],[2.228496,48.977384],[2.228479,48.977358]],[[2.22923,48.976642],[2.229191,48.976666],[2.229577,48.97702],[2.229984,48.976797],[2.229513,48.976436],[2.229302,48.976593],[2.22923,48.976642]],[[2.229629,48.976344],[2.229572,48.976392],[2.230053,48.976754],[2.230146,48.976701],[2.229629,48.976344]],[[2.233323,48.976084],[2.233294,48.976088],[2.233599,48.976516],[2.233681,48.976488],[2.233399,48.976066],[2.233323,48.976084]]],[[[2.22681,48.976936],[2.226617,48.976807],[2.226644,48.976815],[2.22678,48.976848],[2.226815,48.976853],[2.22709,48.977023],[2.227288,48.977141],[2.227211,48.977193],[2.227201,48.977196],[2.227139,48.977232],[2.227031,48.977303],[2.226968,48.977338],[2.22686,48.977408],[2.226854,48.97741],[2.226736,48.977483],[2.226679,48.977514],[2.226622,48.977551],[2.226552,48.97759],[2.22599,48.976854],[2.226041,48.976852],[2.226188,48.976849],[2.226467,48.977133],[2.226518,48.977111],[2.226231,48.97685],[2.226329,48.976853],[2.226412,48.97686],[2.226502,48.976871],[2.226358,48.976773],[2.226474,48.97678],[2.22664,48.976898],[2.226761,48.976924],[2.22681,48.976936]]],[[[2.229142,48.978148],[2.228964,48.978077],[2.229031,48.978047],[2.229225,48.977973],[2.229282,48.978001],[2.229226,48.978063],[2.229181,48.978107],[2.229142,48.978148]]],[[[2.225171,48.97691],[2.225169,48.976897],[2.225187,48.97688],[2.225289,48.976873],[2.225308,48.976911],[2.225361,48.97691],[2.22547,48.976906],[2.22552,48.976902],[2.225734,48.977264],[2.22599,48.977603],[2.225971,48.977616],[2.226042,48.977681],[2.225679,48.977824],[2.225623,48.977741],[2.225498,48.977519],[2.225375,48.977276],[2.225171,48.97691]]],[[[2.225277,48.977522],[2.224953,48.976911],[2.225114,48.976911],[2.225422,48.977497],[2.225277,48.977522]]],[[[2.223451,48.976559],[2.223339,48.9762],[2.22339,48.976194],[2.223425,48.976193],[2.223715,48.976183],[2.223915,48.976139],[2.224056,48.976105],[2.224095,48.976095],[2.223982,48.975944],[2.224127,48.975906],[2.22398,48.975722],[2.224128,48.97568],[2.224226,48.975793],[2.224286,48.975869],[2.224361,48.975942],[2.224438,48.976036],[2.224559,48.9762],[2.224753,48.976387],[2.224789,48.976441],[2.224871,48.976529],[2.224895,48.976568],[2.224581,48.97661],[2.224618,48.976695],[2.224959,48.976671],[2.225022,48.976766],[2.224301,48.97675],[2.223511,48.97675],[2.223472,48.976632],[2.223451,48.976559]],[[2.224308,48.976271],[2.224143,48.97631],[2.224208,48.97646],[2.224405,48.976431],[2.224308,48.976271]]],[[[2.224509,48.976907],[2.224436,48.976905],[2.224422,48.976877],[2.224635,48.976881],[2.224941,48.976888],[2.224953,48.976911],[2.224649,48.976907],[2.224774,48.977153],[2.224648,48.977175],[2.224509,48.976907]]],[[[2.240304,48.970897],[2.240654,48.971557],[2.240765,48.971518],[2.240856,48.971472],[2.241178,48.971638],[2.241249,48.971579],[2.240822,48.971364],[2.240929,48.971286],[2.241264,48.970907],[2.241533,48.970663],[2.241632,48.9706],[2.241996,48.970801],[2.242041,48.970764],[2.24168,48.970568],[2.241839,48.970472],[2.241851,48.970453],[2.241783,48.97039],[2.241714,48.970334],[2.242629,48.970039],[2.242909,48.970479],[2.243308,48.970512],[2.243347,48.970513],[2.242783,48.969813],[2.242552,48.969907],[2.241664,48.970286],[2.241517,48.970167],[2.241627,48.970111],[2.242411,48.969728],[2.242225,48.969458],[2.242212,48.969444],[2.242362,48.969433],[2.242388,48.969432],[2.242404,48.96943],[2.242496,48.969406],[2.242703,48.969363],[2.242963,48.969313],[2.243081,48.969286],[2.243226,48.969261],[2.243366,48.969256],[2.243466,48.969247],[2.243496,48.969247],[2.243654,48.969257],[2.243895,48.969274],[2.244178,48.969299],[2.244395,48.96932],[2.244516,48.969335],[2.244654,48.969355],[2.244705,48.969364],[2.244794,48.969386],[2.244835,48.969398],[2.244904,48.969425],[2.245055,48.969499],[2.245263,48.969616],[2.245527,48.969767],[2.245578,48.969792],[2.245817,48.969969],[2.244856,48.970272],[2.244929,48.97036],[2.245895,48.970066],[2.245921,48.970097],[2.245963,48.970155],[2.244983,48.970446],[2.244997,48.970467],[2.245073,48.970514],[2.245496,48.970645],[2.245542,48.970657],[2.245633,48.970676],[2.246309,48.970804],[2.2463,48.970831],[2.246444,48.970863],[2.246343,48.971149],[2.246565,48.97123],[2.246687,48.97091],[2.246886,48.970921],[2.2473,48.970955],[2.247265,48.971007],[2.247176,48.97106],[2.24716,48.971048],[2.247084,48.971092],[2.247309,48.971269],[2.24722,48.971329],[2.246996,48.971143],[2.246916,48.971187],[2.247316,48.97149],[2.24738,48.971453],[2.247499,48.97155],[2.247557,48.971589],[2.247455,48.971752],[2.247433,48.971801],[2.247384,48.971883],[2.247332,48.971932],[2.247123,48.972273],[2.246909,48.972428],[2.246903,48.972424],[2.246798,48.972275],[2.246727,48.972216],[2.246673,48.972167],[2.246496,48.972016],[2.246453,48.971975],[2.24626,48.971805],[2.246086,48.971647],[2.245957,48.971696],[2.24568,48.971828],[2.245962,48.972107],[2.245845,48.972133],[2.245386,48.972253],[2.245316,48.972162],[2.245267,48.972109],[2.245133,48.971975],[2.244982,48.971833],[2.244912,48.971765],[2.244454,48.972022],[2.244178,48.972226],[2.243992,48.972312],[2.244009,48.972428],[2.244036,48.972558],[2.244039,48.972561],[2.244039,48.972585],[2.243965,48.973207],[2.243967,48.973264],[2.243978,48.973278],[2.24399,48.973286],[2.244036,48.973303],[2.244122,48.973322],[2.24415,48.973376],[2.244072,48.973368],[2.244038,48.973361],[2.243973,48.97334],[2.243946,48.973329],[2.243896,48.9733],[2.243888,48.973288],[2.243886,48.973281],[2.243889,48.973277],[2.243848,48.973255],[2.243863,48.973301],[2.243985,48.973535],[2.243585,48.973648],[2.24299,48.973755],[2.242214,48.973807],[2.242033,48.97382],[2.241867,48.973851],[2.241478,48.973841],[2.241421,48.973842],[2.241214,48.973881],[2.240525,48.974079],[2.240327,48.973838],[2.239595,48.974078],[2.239648,48.974154],[2.239374,48.974221],[2.239181,48.974271],[2.238785,48.973782],[2.238691,48.97368],[2.238378,48.973756],[2.237617,48.973821],[2.237604,48.973762],[2.236681,48.973832],[2.236556,48.973584],[2.23655,48.973067],[2.236538,48.972827],[2.236527,48.972742],[2.236505,48.972665],[2.236485,48.972574],[2.236468,48.972513],[2.23641,48.972262],[2.236382,48.972155],[2.23714,48.972302],[2.237287,48.971981],[2.237148,48.971478],[2.239085,48.971242],[2.239201,48.971227],[2.240304,48.970897]],[[2.242181,48.971275],[2.242114,48.971325],[2.242544,48.971571],[2.242595,48.97152],[2.242181,48.971275]],[[2.242454,48.970781],[2.242388,48.970849],[2.242496,48.970903],[2.242572,48.970837],[2.242538,48.970822],[2.242454,48.970781]]],[[[2.224155,48.975615],[2.224111,48.975575],[2.224807,48.975255],[2.225579,48.974911],[2.226121,48.974663],[2.227002,48.974237],[2.226862,48.974158],[2.226743,48.974094],[2.226734,48.974081],[2.226727,48.974069],[2.226726,48.974059],[2.226747,48.974019],[2.226757,48.974008],[2.226828,48.97396],[2.226838,48.973946],[2.226791,48.973902],[2.226737,48.973856],[2.226823,48.973835],[2.227301,48.97361],[2.227473,48.973484],[2.227475,48.973475],[2.22745,48.973433],[2.22745,48.973407],[2.227493,48.973386],[2.227509,48.973369],[2.227876,48.973404],[2.228106,48.973365],[2.228271,48.973302],[2.228318,48.973282],[2.228349,48.973246],[2.228766,48.972882],[2.228856,48.972849],[2.228908,48.972797],[2.22991,48.97298],[2.230061,48.972574],[2.230073,48.972571],[2.230092,48.972586],[2.230582,48.972702],[2.230711,48.97274],[2.230911,48.972801],[2.230924,48.972811],[2.231013,48.972834],[2.231651,48.97308],[2.231852,48.973165],[2.232024,48.973246],[2.23214,48.973294],[2.23224,48.973326],[2.232315,48.973344],[2.232427,48.973335],[2.232665,48.973367],[2.232539,48.973913],[2.232534,48.973951],[2.232451,48.97418],[2.232449,48.97419],[2.231983,48.974232],[2.230993,48.97428],[2.230856,48.974865],[2.230831,48.974981],[2.231823,48.975324],[2.231989,48.975385],[2.231995,48.9754],[2.232085,48.975557],[2.232052,48.975565],[2.231987,48.975587],[2.23148,48.975774],[2.231424,48.975794],[2.231295,48.975834],[2.231265,48.975841],[2.231165,48.97586],[2.231053,48.975879],[2.230964,48.975886],[2.230756,48.975889],[2.230595,48.975887],[2.230364,48.97588],[2.23011,48.975417],[2.23019,48.975282],[2.230382,48.975014],[2.230405,48.974967],[2.230374,48.974945],[2.230362,48.974996],[2.230108,48.975373],[2.229994,48.975555],[2.228924,48.975028],[2.22887,48.975],[2.227911,48.974529],[2.227075,48.974901],[2.227245,48.97504],[2.224688,48.976237],[2.224652,48.976183],[2.224447,48.975919],[2.224273,48.97576],[2.224155,48.975615]]],[[[2.222555,48.966954],[2.221534,48.966116],[2.22245,48.966317],[2.222484,48.966442],[2.22257,48.966437],[2.222545,48.966338],[2.222993,48.966438],[2.222951,48.966438],[2.222953,48.9665],[2.223062,48.966498],[2.223086,48.966796],[2.223093,48.967243],[2.223294,48.967236],[2.22328,48.966989],[2.223266,48.966797],[2.223182,48.966797],[2.223166,48.966538],[2.223161,48.966475],[2.223981,48.966658],[2.224722,48.966821],[2.225321,48.966955],[2.225324,48.966996],[2.225322,48.966996],[2.225328,48.967062],[2.225437,48.967042],[2.225449,48.967037],[2.225466,48.967033],[2.225534,48.967023],[2.225619,48.96702],[2.225748,48.967047],[2.22594,48.96709],[2.226004,48.967103],[2.22604,48.967108],[2.226134,48.967105],[2.226359,48.967074],[2.226403,48.967233],[2.226543,48.967273],[2.226571,48.967387],[2.226679,48.967375],[2.226674,48.967346],[2.226793,48.967343],[2.226845,48.967358],[2.22688,48.967357],[2.22688,48.967367],[2.226956,48.967389],[2.22789,48.967415],[2.228623,48.967433],[2.228592,48.96744],[2.228645,48.967602],[2.228796,48.967578],[2.228962,48.967548],[2.229079,48.967529],[2.229208,48.967502],[2.229577,48.967418],[2.229817,48.967354],[2.230156,48.967233],[2.230174,48.967244],[2.229936,48.967339],[2.229858,48.967366],[2.22973,48.967403],[2.229656,48.967423],[2.229582,48.96744],[2.229586,48.967455],[2.230406,48.967474],[2.230428,48.967577],[2.23087,48.967598],[2.230792,48.967831],[2.230623,48.968374],[2.231374,48.968453],[2.231373,48.968457],[2.231315,48.96854],[2.231237,48.968661],[2.230584,48.968561],[2.230561,48.968561],[2.23051,48.968593],[2.231215,48.968693],[2.231165,48.968768],[2.230512,48.968709],[2.230377,48.969125],[2.230637,48.969222],[2.230292,48.969503],[2.230212,48.969517],[2.230251,48.969587],[2.23018,48.969592],[2.230117,48.969601],[2.230024,48.969621],[2.229965,48.969638],[2.229906,48.969657],[2.229842,48.969681],[2.229087,48.969946],[2.228677,48.96967],[2.228109,48.969292],[2.22756,48.968927],[2.22677,48.968409],[2.226372,48.968299],[2.22625,48.968307],[2.226042,48.968324],[2.225948,48.968339],[2.225797,48.968364],[2.225697,48.968384],[2.225622,48.968403],[2.225552,48.968433],[2.225488,48.968464],[2.225329,48.968608],[2.22529,48.968638],[2.225256,48.968657],[2.225224,48.968672],[2.225148,48.968691],[2.225087,48.968689],[2.225034,48.968685],[2.224869,48.968316],[2.224706,48.968014],[2.224643,48.967892],[2.224564,48.967916],[2.22448,48.967776],[2.22436,48.967743],[2.224254,48.967709],[2.223861,48.967601],[2.223794,48.96758],[2.223771,48.967586],[2.223764,48.967586],[2.223729,48.967582],[2.223518,48.96757],[2.223226,48.967561],[2.223087,48.967562],[2.223049,48.967561],[2.223042,48.967535],[2.223314,48.96754],[2.223307,48.967449],[2.223182,48.967418],[2.22283,48.967323],[2.222555,48.966954]],[[2.225681,48.967062],[2.22561,48.967067],[2.225771,48.967655],[2.226043,48.967622],[2.225982,48.967339],[2.225924,48.967095],[2.225814,48.967074],[2.225717,48.967063],[2.225681,48.967062]]],[[[2.226595,48.967232],[2.226562,48.967047],[2.226777,48.967025],[2.226787,48.96718],[2.226797,48.967277],[2.226595,48.967232]]],[[[2.241481,48.968283],[2.241166,48.968366],[2.241407,48.968291],[2.241882,48.968129],[2.242051,48.968067],[2.242337,48.967974],[2.242475,48.967931],[2.242749,48.967822],[2.24298,48.967702],[2.243118,48.967609],[2.243158,48.967578],[2.243357,48.967437],[2.243444,48.967379],[2.24345,48.967373],[2.243546,48.967252],[2.243557,48.967252],[2.243566,48.967253],[2.243587,48.96727],[2.243593,48.96728],[2.24369,48.967558],[2.243727,48.967694],[2.243708,48.967798],[2.243687,48.967805],[2.242916,48.968132],[2.242799,48.968184],[2.242975,48.968353],[2.242303,48.968536],[2.242009,48.968594],[2.241682,48.968212],[2.241481,48.968283]]],[[[2.241151,48.968929],[2.241146,48.96889],[2.241148,48.96888],[2.241153,48.968869],[2.241168,48.968851],[2.241181,48.968843],[2.2412,48.968836],[2.242396,48.968588],[2.242428,48.96873],[2.242477,48.968776],[2.242549,48.968798],[2.242606,48.968807],[2.242627,48.968805],[2.242651,48.968806],[2.242685,48.968803],[2.242716,48.968826],[2.243056,48.968758],[2.243018,48.968713],[2.243043,48.968705],[2.243331,48.968637],[2.244036,48.968452],[2.244268,48.968386],[2.244327,48.968507],[2.244437,48.968543],[2.244558,48.968544],[2.244659,48.968549],[2.244702,48.968537],[2.24472,48.968529],[2.244738,48.968524],[2.244749,48.968519],[2.244812,48.968458],[2.24483,48.968434],[2.244833,48.968422],[2.244836,48.968399],[2.244815,48.968063],[2.244846,48.967952],[2.244564,48.967985],[2.245048,48.967764],[2.245337,48.96763],[2.245384,48.967605],[2.245423,48.96758],[2.245442,48.967563],[2.24549,48.967527],[2.245548,48.967473],[2.245662,48.96736],[2.245923,48.967554],[2.245968,48.967524],[2.246073,48.967481],[2.24652,48.967312],[2.246637,48.967279],[2.246892,48.967199],[2.247026,48.967172],[2.247141,48.967153],[2.247027,48.966826],[2.247322,48.966768],[2.24747,48.967112],[2.247493,48.967107],[2.247693,48.967079],[2.24792,48.96705],[2.248153,48.96703],[2.248518,48.967004],[2.248633,48.96709],[2.24858,48.967294],[2.248521,48.967548],[2.248029,48.967571],[2.247863,48.967794],[2.247641,48.967625],[2.247406,48.967764],[2.247764,48.967934],[2.24773,48.968005],[2.247249,48.967735],[2.24728,48.967708],[2.247184,48.967644],[2.247034,48.96744],[2.246935,48.967474],[2.247097,48.967694],[2.247691,48.968066],[2.247599,48.968228],[2.247585,48.968417],[2.247582,48.968552],[2.247587,48.96872],[2.247591,48.968941],[2.247666,48.968945],[2.248066,48.968978],[2.248293,48.968958],[2.24851,48.968935],[2.248937,48.968929],[2.249062,48.968937],[2.249106,48.969011],[2.249138,48.969061],[2.249171,48.969121],[2.249509,48.9691],[2.249866,48.969075],[2.249902,48.969236],[2.24972,48.969445],[2.249602,48.969455],[2.249625,48.969552],[2.249553,48.969636],[2.249443,48.969638],[2.249437,48.969721],[2.249281,48.969726],[2.249287,48.969825],[2.248994,48.969833],[2.248915,48.969838],[2.248916,48.969861],[2.248896,48.970138],[2.248871,48.970334],[2.248768,48.970394],[2.248665,48.970394],[2.248656,48.97046],[2.248477,48.970556],[2.248295,48.970591],[2.248227,48.970607],[2.248132,48.970636],[2.24791,48.970699],[2.247523,48.970792],[2.247531,48.970625],[2.247714,48.97062],[2.247789,48.970617],[2.247795,48.970498],[2.247215,48.970497],[2.247188,48.970649],[2.2465,48.970595],[2.246482,48.970732],[2.246391,48.970658],[2.246367,48.970613],[2.246172,48.970312],[2.246096,48.970181],[2.246063,48.970129],[2.246549,48.970142],[2.24655,48.970053],[2.246549,48.969988],[2.24593,48.96997],[2.245794,48.969844],[2.245736,48.969719],[2.24568,48.969718],[2.24561,48.96972],[2.245242,48.969506],[2.245133,48.969445],[2.245055,48.969404],[2.244936,48.969352],[2.244873,48.969332],[2.244766,48.969308],[2.244657,48.969285],[2.244532,48.969264],[2.244389,48.969248],[2.244272,48.969237],[2.244131,48.969222],[2.243737,48.969184],[2.243737,48.969177],[2.243772,48.969141],[2.243686,48.969141],[2.243557,48.969142],[2.243466,48.969148],[2.243353,48.969159],[2.243136,48.969188],[2.242867,48.969244],[2.242593,48.969307],[2.242406,48.969347],[2.242295,48.969359],[2.242143,48.969355],[2.242042,48.969339],[2.241958,48.969321],[2.241826,48.969282],[2.241564,48.969179],[2.241179,48.968978],[2.241159,48.968949],[2.241151,48.968929]],[[2.246496,48.967794],[2.246351,48.967902],[2.246496,48.967973],[2.246626,48.967857],[2.246496,48.967794]],[[2.246595,48.969826],[2.246581,48.970022],[2.24658,48.970081],[2.246578,48.970222],[2.247138,48.970239],[2.24715,48.970072],[2.247017,48.970062],[2.247045,48.969867],[2.246595,48.969826]],[[2.247268,48.969287],[2.247238,48.969353],[2.247846,48.969416],[2.247855,48.969388],[2.248109,48.969398],[2.248144,48.969261],[2.247977,48.969244],[2.247407,48.969162],[2.247291,48.96926],[2.247268,48.969287]]],[[[2.252846,48.964262],[2.252837,48.964223],[2.253222,48.964158],[2.253073,48.963773],[2.253682,48.963645],[2.253698,48.963662],[2.253705,48.963674],[2.254162,48.965174],[2.25468,48.965614],[2.253959,48.965905],[2.253765,48.965987],[2.253352,48.964713],[2.253349,48.96471],[2.253334,48.964713],[2.253131,48.96478],[2.252987,48.96424],[2.252846,48.964262]]]]}},
{"type":"Feature","properties":{"nature":"Autre forêt publique","toponyme":"Forêt Régionale de la Roche-Guyon","statut_du_toponyme":"Collecté","importance":"5","date_modification":"2021-10-19T12:34:32.388Z","sources":"ONF 2021"},"geometry":{"type":"MultiPolygon","coordinates":[[[[1.632499,49.091687],[1.632765,49.091424],[1.633115,49.091085],[1.633545,49.090673],[1.633678,49.090512],[1.634111,49.089967],[1.634757,49.090145],[1.635095,49.089611],[1.635301,49.089274],[1.635874,49.088569],[1.636003,49.08845],[1.636103,49.088355],[1.63611,49.088351],[1.636307,49.088142],[1.636276,49.088082],[1.636157,49.087806],[1.636148,49.087739],[1.636224,49.087353],[1.63626,49.087349],[1.636253,49.08723],[1.636212,49.087148],[1.636137,49.087076],[1.63603,49.087012],[1.635912,49.086937],[1.635756,49.086834],[1.635101,49.086328],[1.634981,49.086264],[1.634851,49.086179],[1.634711,49.086119],[1.634634,49.086001],[1.635732,49.086113],[1.636669,49.086169],[1.637158,49.0862],[1.637184,49.086203],[1.637519,49.086221],[1.637615,49.086296],[1.638582,49.090781],[1.639085,49.093111],[1.63945,49.094801],[1.639817,49.096465],[1.639946,49.097045],[1.640286,49.098585],[1.640413,49.099187],[1.640581,49.100227],[1.640745,49.10124],[1.640736,49.10128],[1.640471,49.101906],[1.640472,49.101992],[1.640511,49.102086],[1.640376,49.102138],[1.639873,49.102441],[1.639818,49.102387],[1.63914,49.103052],[1.639329,49.103266],[1.639147,49.103389],[1.638689,49.103718],[1.638952,49.103906],[1.639098,49.104091],[1.638548,49.104401],[1.638481,49.104439],[1.63845,49.104459],[1.638153,49.104316],[1.637347,49.104023],[1.636825,49.103855],[1.636404,49.103709],[1.636123,49.103616],[1.635889,49.103508],[1.635291,49.103103],[1.635903,49.102736],[1.634711,49.101777],[1.634387,49.101429],[1.6342,49.101229],[1.633711,49.100878],[1.634076,49.100664],[1.633788,49.100565],[1.633773,49.100563],[1.633774,49.100563],[1.633711,49.100533],[1.633579,49.100502],[1.63346,49.10048],[1.633268,49.100371],[1.632899,49.100055],[1.632791,49.099954],[1.632668,49.099865],[1.632522,49.099792],[1.632359,49.099696],[1.632071,49.099458],[1.631786,49.09896],[1.631673,49.098619],[1.63235,49.09839],[1.63213,49.098089],[1.632111,49.098057],[1.631973,49.097865],[1.630904,49.098212],[1.630864,49.098164],[1.631914,49.09782],[1.631927,49.097817],[1.631938,49.097816],[1.631862,49.097712],[1.631857,49.097701],[1.630789,49.098065],[1.630688,49.097934],[1.630694,49.097928],[1.631781,49.097542],[1.631742,49.097462],[1.631475,49.097088],[1.631387,49.096893],[1.631262,49.096744],[1.632288,49.096432],[1.632339,49.096424],[1.632186,49.095914],[1.632156,49.095823],[1.632084,49.095705],[1.631692,49.095311],[1.63089,49.094451],[1.630827,49.094397],[1.630751,49.094321],[1.630638,49.09423],[1.630516,49.094158],[1.630389,49.094068],[1.630322,49.094012],[1.630277,49.093952],[1.630241,49.093887],[1.630236,49.093839],[1.630247,49.093799],[1.630298,49.093723],[1.630766,49.09322],[1.630957,49.093033],[1.631196,49.092814],[1.631386,49.092657],[1.631625,49.092488],[1.631901,49.092262],[1.632499,49.091687]],[[1.634823,49.100272],[1.634816,49.100316],[1.636847,49.099836],[1.63681,49.099805],[1.634823,49.100272]]],[[[1.645491,49.095455],[1.645107,49.095476],[1.6451,49.095477],[1.645637,49.097504],[1.642742,49.097786],[1.642752,49.097825],[1.645653,49.097543],[1.645839,49.098],[1.646752,49.098652],[1.649083,49.100316],[1.648814,49.100686],[1.648635,49.100901],[1.648445,49.101019],[1.648096,49.101197],[1.647921,49.10124],[1.647712,49.101244],[1.647343,49.101269],[1.647175,49.101289],[1.646845,49.101412],[1.64657,49.10148],[1.646233,49.101597],[1.645864,49.101678],[1.645639,49.101725],[1.645118,49.101753],[1.644682,49.101796],[1.644599,49.101809],[1.643892,49.100936],[1.643755,49.100585],[1.643672,49.10044],[1.642373,49.100802],[1.642182,49.100875],[1.64193,49.101004],[1.641552,49.101215],[1.641379,49.101348],[1.64123,49.101492],[1.641199,49.101537],[1.641262,49.101638],[1.641031,49.10177],[1.640672,49.101901],[1.640616,49.101936],[1.640575,49.101986],[1.640569,49.101933],[1.640593,49.101875],[1.640889,49.101289],[1.640898,49.101246],[1.640887,49.101109],[1.640776,49.100419],[1.640739,49.100208],[1.640521,49.098923],[1.640321,49.098023],[1.640095,49.096988],[1.639965,49.096401],[1.639366,49.093675],[1.638628,49.090321],[1.644186,49.090376],[1.644537,49.092557],[1.644619,49.093031],[1.644976,49.095077],[1.644998,49.095199],[1.645036,49.095221],[1.645266,49.09532],[1.645491,49.095455]]],[[[1.63862,49.090278],[1.637794,49.08654],[1.637906,49.086589],[1.637962,49.086603],[1.638576,49.086638],[1.638587,49.086255],[1.641152,49.086325],[1.641264,49.086345],[1.641341,49.086374],[1.641442,49.086415],[1.642144,49.086728],[1.642239,49.086758],[1.642358,49.086772],[1.643525,49.086859],[1.643614,49.087103],[1.644173,49.090336],[1.63862,49.090278]]],[[[1.647985,49.090455],[1.647808,49.09045],[1.644246,49.090338],[1.64402,49.089009],[1.643801,49.087693],[1.643716,49.087201],[1.643672,49.087002],[1.643637,49.086861],[1.643785,49.086854],[1.644352,49.086894],[1.644577,49.086905],[1.645685,49.08693],[1.645945,49.086932],[1.646186,49.086923],[1.646568,49.086839],[1.646728,49.086783],[1.646868,49.086715],[1.647054,49.086608],[1.647355,49.086419],[1.647496,49.086362],[1.647659,49.08632],[1.647909,49.086286],[1.648088,49.086274],[1.648113,49.086276],[1.648247,49.086288],[1.648425,49.086297],[1.649678,49.086417],[1.650506,49.086504],[1.650986,49.086579],[1.651555,49.086695],[1.651761,49.086741],[1.652029,49.086841],[1.650728,49.088228],[1.648723,49.090302],[1.648254,49.090432],[1.648152,49.090451],[1.647985,49.090455]]],[[[1.647769,49.091345],[1.647364,49.091303],[1.647405,49.091253],[1.647514,49.09112],[1.648368,49.091145],[1.648276,49.091351],[1.647786,49.091295],[1.647769,49.091345]]],[[[1.646818,49.093788],[1.64682,49.093703],[1.647471,49.093616],[1.647473,49.093546],[1.646823,49.093637],[1.646824,49.093601],[1.647472,49.09351],[1.64747,49.093486],[1.646824,49.093577],[1.646828,49.09351],[1.647471,49.093413],[1.647473,49.093333],[1.647458,49.093287],[1.647458,49.093283],[1.646841,49.09337],[1.646863,49.09316],[1.646903,49.092621],[1.646936,49.092034],[1.64824,49.091803],[1.648314,49.091974],[1.647357,49.092166],[1.647397,49.092524],[1.648469,49.092317],[1.649035,49.093554],[1.647485,49.093869],[1.64748,49.093703],[1.646818,49.093788]],[[1.647997,49.09281],[1.647428,49.092918],[1.647429,49.09296],[1.648016,49.092848],[1.647997,49.09281]]],[[[1.644694,49.093049],[1.644309,49.090695],[1.644258,49.09038],[1.646698,49.09045],[1.647991,49.09049],[1.64815,49.090481],[1.648158,49.090486],[1.648121,49.090527],[1.648054,49.090586],[1.647946,49.090671],[1.647715,49.090833],[1.647663,49.090874],[1.647591,49.090958],[1.647099,49.091569],[1.646967,49.091725],[1.646941,49.091791],[1.646917,49.091867],[1.646898,49.091999],[1.646853,49.092838],[1.646765,49.09398],[1.646706,49.094792],[1.64671,49.095017],[1.646729,49.095138],[1.646837,49.095404],[1.646893,49.095531],[1.646107,49.095666],[1.645589,49.095461],[1.645522,49.095427],[1.645324,49.095309],[1.645233,49.095261],[1.645122,49.095207],[1.645074,49.095172],[1.645049,49.095142],[1.644694,49.093049]]],[[[1.647487,49.093908],[1.647486,49.093889],[1.649045,49.093576],[1.649055,49.093595],[1.647487,49.093908]]],[[[1.647488,49.094004],[1.647487,49.093949],[1.64907,49.09363],[1.649096,49.093688],[1.647488,49.094004]]],[[[1.646771,49.094516],[1.647535,49.094432],[1.647528,49.094375],[1.646775,49.09446],[1.646807,49.09408],[1.64749,49.094013],[1.64749,49.094063],[1.647492,49.094083],[1.649131,49.093761],[1.649363,49.094269],[1.647573,49.094631],[1.647572,49.094692],[1.649384,49.094315],[1.649571,49.094728],[1.647621,49.095096],[1.647626,49.095119],[1.649582,49.094749],[1.649595,49.094778],[1.647634,49.095148],[1.64748,49.09516],[1.646812,49.095216],[1.646763,49.095104],[1.646758,49.095014],[1.647595,49.094936],[1.647592,49.094896],[1.646758,49.094975],[1.646749,49.094772],[1.646771,49.094516]]],[[[1.629504,49.093921],[1.628598,49.094128],[1.628615,49.093935],[1.629384,49.093764],[1.629369,49.093725],[1.63019,49.093899],[1.63021,49.09396],[1.630222,49.09398],[1.629622,49.09414],[1.629504,49.093921]]],[[[1.62867,49.094982],[1.628665,49.094942],[1.6299,49.094591],[1.629921,49.094588],[1.629952,49.094646],[1.630772,49.094405],[1.630848,49.094486],[1.629999,49.094734],[1.628734,49.095129],[1.62867,49.094982]]],[[[1.629137,49.096058],[1.6291,49.09596],[1.629969,49.095662],[1.630019,49.095733],[1.629137,49.096058]]],[[[1.640903,49.105446],[1.640901,49.105361],[1.640967,49.105261],[1.641713,49.104494],[1.641742,49.104466],[1.64201,49.10417],[1.642306,49.103819],[1.64238,49.103724],[1.642944,49.103921],[1.643003,49.103838],[1.642445,49.103642],[1.642517,49.103549],[1.642608,49.103427],[1.642642,49.103385],[1.642824,49.10314],[1.64296,49.102965],[1.644058,49.103399],[1.64411,49.103331],[1.642999,49.102917],[1.643238,49.102622],[1.643453,49.102361],[1.643664,49.102208],[1.645045,49.102606],[1.644114,49.104132],[1.643914,49.104484],[1.643752,49.104652],[1.643453,49.104872],[1.643185,49.105045],[1.642845,49.105234],[1.642588,49.105348],[1.642349,49.105416],[1.6423,49.105447],[1.642257,49.105519],[1.642197,49.105562],[1.642162,49.105565],[1.642025,49.105541],[1.641962,49.105553],[1.641891,49.105597],[1.641852,49.105629],[1.641729,49.105594],[1.641495,49.105539],[1.641292,49.105505],[1.641075,49.105491],[1.640935,49.105485],[1.640903,49.105446]]],[[[1.645144,49.102494],[1.643815,49.102107],[1.644019,49.101986],[1.645243,49.102363],[1.645144,49.102494]]],[[[1.643413,49.105631],[1.643081,49.105553],[1.643426,49.105345],[1.643109,49.105149],[1.643581,49.104829],[1.643758,49.104693],[1.643921,49.104542],[1.643975,49.104466],[1.644203,49.104056],[1.644281,49.103923],[1.645044,49.10269],[1.646981,49.103206],[1.647008,49.10317],[1.647049,49.103128],[1.650892,49.104237],[1.65099,49.104306],[1.650921,49.104394],[1.650563,49.10429],[1.650488,49.104394],[1.650183,49.104834],[1.650023,49.10517],[1.649924,49.105323],[1.648021,49.10478],[1.64798,49.104766],[1.647924,49.104863],[1.649854,49.105428],[1.649712,49.105646],[1.649618,49.105802],[1.647679,49.10529],[1.647657,49.105327],[1.649581,49.105837],[1.648936,49.106822],[1.650852,49.107364],[1.650816,49.107471],[1.650468,49.108001],[1.648588,49.107352],[1.648432,49.107589],[1.650315,49.108235],[1.650308,49.108245],[1.650198,49.108209],[1.649889,49.108142],[1.649482,49.108088],[1.649108,49.108013],[1.648743,49.10791],[1.64838,49.107763],[1.648333,49.107741],[1.648096,49.107638],[1.647579,49.107366],[1.64724,49.107204],[1.646942,49.107072],[1.646569,49.106939],[1.646217,49.106842],[1.645907,49.106782],[1.645632,49.106715],[1.644421,49.106324],[1.644657,49.106093],[1.643413,49.105631]],[[1.645186,49.105657],[1.645164,49.105676],[1.6468,49.106405],[1.646826,49.106365],[1.645194,49.105647],[1.645186,49.105657]],[[1.646133,49.104385],[1.646097,49.104434],[1.647788,49.105101],[1.647814,49.105055],[1.646133,49.104385]],[[1.646897,49.103322],[1.646841,49.103401],[1.648499,49.103866],[1.648539,49.103797],[1.646897,49.103322]]],[[[1.645616,49.101766],[1.645703,49.101761],[1.645378,49.102185],[1.64537,49.102184],[1.644334,49.101901],[1.644365,49.101895],[1.644533,49.101877],[1.644827,49.101834],[1.645098,49.101805],[1.645346,49.101784],[1.645616,49.101766]]],[[[1.645845,49.096013],[1.645844,49.09599],[1.646401,49.095852],[1.646807,49.096062],[1.646204,49.096264],[1.64604,49.09607],[1.645907,49.096105],[1.645845,49.096013]]],[[[1.645897,49.095652],[1.64586,49.0956],[1.645959,49.095639],[1.645897,49.095652]]],[[[1.646856,49.096055],[1.646456,49.095845],[1.646977,49.095719],[1.647088,49.095971],[1.646856,49.096055]]],[[[1.64948,49.097256],[1.649313,49.097195],[1.649852,49.096957],[1.649902,49.096981],[1.650538,49.096852],[1.650798,49.097426],[1.650361,49.097592],[1.65027,49.097557],[1.650758,49.097377],[1.650502,49.097258],[1.650482,49.097267],[1.650011,49.097457],[1.64948,49.097256]]],[[[1.651557,49.096926],[1.651552,49.096924],[1.651634,49.096759],[1.652927,49.097265],[1.652843,49.097391],[1.651557,49.096926]]],[[[1.652366,49.098103],[1.651169,49.097695],[1.651197,49.097633],[1.651449,49.097131],[1.652718,49.097566],[1.652725,49.097567],[1.652786,49.097477],[1.654078,49.097941],[1.654005,49.098059],[1.652714,49.097583],[1.652647,49.097685],[1.653937,49.09815],[1.653941,49.098152],[1.653897,49.098216],[1.653745,49.098467],[1.65361,49.098678],[1.652299,49.098203],[1.652366,49.098103]]],[[[1.650719,49.097792],[1.650723,49.09779],[1.650934,49.097724],[1.650995,49.097856],[1.650997,49.09787],[1.650955,49.097872],[1.650908,49.097863],[1.650851,49.097847],[1.650728,49.097797],[1.650719,49.097792]]],[[[1.64908,49.10041],[1.649135,49.100335],[1.649179,49.100275],[1.649266,49.10015],[1.649576,49.09972],[1.649719,49.099538],[1.649865,49.099374],[1.650015,49.099195],[1.650172,49.099012],[1.650372,49.098793],[1.650557,49.098618],[1.651765,49.09905],[1.651721,49.099127],[1.653036,49.099589],[1.653021,49.099616],[1.652998,49.099652],[1.65292,49.099769],[1.651585,49.09933],[1.651538,49.099398],[1.651538,49.099401],[1.651349,49.099667],[1.652695,49.100115],[1.652645,49.100193],[1.651301,49.099737],[1.651188,49.099899],[1.650998,49.100159],[1.652388,49.100599],[1.652245,49.100819],[1.652131,49.101003],[1.650661,49.100624],[1.650618,49.100709],[1.650617,49.100713],[1.650612,49.10072],[1.650522,49.100857],[1.651174,49.10102],[1.651174,49.101023],[1.650858,49.101529],[1.651397,49.101673],[1.651633,49.101738],[1.651651,49.101743],[1.651659,49.101744],[1.651622,49.101804],[1.651601,49.101837],[1.651572,49.101832],[1.650075,49.101512],[1.649762,49.10197],[1.649732,49.102014],[1.649392,49.102512],[1.649342,49.102587],[1.649012,49.103071],[1.648908,49.103225],[1.648917,49.103228],[1.650418,49.103611],[1.650397,49.103631],[1.650391,49.103638],[1.650302,49.103714],[1.650218,49.103783],[1.650113,49.103849],[1.65001,49.103902],[1.649932,49.103923],[1.649926,49.103925],[1.648677,49.103563],[1.647134,49.10312],[1.647004,49.103082],[1.645102,49.102592],[1.645357,49.102256],[1.645384,49.102266],[1.647171,49.10288],[1.647202,49.102844],[1.647209,49.102835],[1.645415,49.102222],[1.64539,49.102213],[1.645734,49.101761],[1.645857,49.101727],[1.645976,49.1017],[1.646232,49.101648],[1.646576,49.101536],[1.646885,49.101437],[1.647196,49.101335],[1.647313,49.101321],[1.647715,49.101292],[1.647981,49.101276],[1.64806,49.101262],[1.648196,49.10121],[1.64837,49.101115],[1.648567,49.101002],[1.648645,49.100944],[1.648686,49.10091],[1.648821,49.100734],[1.648832,49.100718],[1.648914,49.100627],[1.648961,49.100566],[1.648986,49.100576],[1.65035,49.101102],[1.650354,49.101103],[1.650393,49.101045],[1.650387,49.101042],[1.649025,49.10051],[1.649014,49.100506],[1.649009,49.100503],[1.649046,49.100453],[1.64908,49.10041]]],[[[1.657578,49.095379],[1.657842,49.09522],[1.657964,49.095148],[1.658372,49.094961],[1.658371,49.094949],[1.658309,49.094378],[1.658151,49.093386],[1.658252,49.093345],[1.658412,49.093304],[1.658545,49.093288],[1.65992,49.093261],[1.660388,49.093617],[1.660409,49.093636],[1.660735,49.09405],[1.660761,49.094429],[1.660877,49.094657],[1.66091,49.094703],[1.661026,49.094832],[1.661123,49.094903],[1.661276,49.095002],[1.661449,49.095093],[1.661988,49.095498],[1.662482,49.095819],[1.6632,49.09618],[1.6634,49.096244],[1.663831,49.096416],[1.664286,49.096554],[1.664289,49.096556],[1.66425,49.096943],[1.664463,49.097346],[1.664468,49.097357],[1.664509,49.097368],[1.665126,49.097544],[1.665064,49.097703],[1.664979,49.097837],[1.664763,49.097981],[1.664487,49.098298],[1.663675,49.098506],[1.664067,49.098712],[1.664188,49.098775],[1.664253,49.098786],[1.664358,49.098801],[1.6645,49.098814],[1.664572,49.09883],[1.664718,49.098899],[1.664799,49.098954],[1.664912,49.099081],[1.665024,49.099165],[1.665208,49.099253],[1.665298,49.099831],[1.665093,49.099919],[1.664645,49.100487],[1.664479,49.100693],[1.66423,49.100963],[1.664079,49.101125],[1.663922,49.10128],[1.663573,49.10156],[1.66318,49.101794],[1.663068,49.101848],[1.662965,49.101894],[1.662723,49.101992],[1.662535,49.102044],[1.661955,49.102132],[1.661951,49.102134],[1.661724,49.101963],[1.661583,49.101886],[1.661423,49.101778],[1.661263,49.101728],[1.660845,49.101583],[1.660802,49.101488],[1.660798,49.101482],[1.660795,49.101481],[1.659962,49.10167],[1.660061,49.101927],[1.659617,49.10207],[1.658387,49.102897],[1.656908,49.103894],[1.654627,49.10513],[1.65458,49.105156],[1.654562,49.105167],[1.65406,49.105191],[1.653056,49.105195],[1.651898,49.104742],[1.651426,49.104559],[1.651371,49.104524],[1.650911,49.104222],[1.649991,49.10395],[1.649983,49.103946],[1.649991,49.103945],[1.650148,49.10387],[1.650162,49.103862],[1.650351,49.103721],[1.650498,49.103589],[1.650522,49.103567],[1.650529,49.103555],[1.650536,49.103549],[1.650653,49.10363],[1.650747,49.103688],[1.650532,49.103981],[1.651137,49.104225],[1.651871,49.103618],[1.652997,49.102092],[1.653473,49.101268],[1.654068,49.100347],[1.654493,49.09983],[1.654663,49.099638],[1.655317,49.098891],[1.655463,49.098703],[1.656124,49.097738],[1.656124,49.097736],[1.655427,49.097462],[1.655194,49.09737],[1.654748,49.097195],[1.65466,49.09716],[1.654383,49.097051],[1.654341,49.097035],[1.655033,49.096171],[1.655236,49.09633],[1.655326,49.096297],[1.655673,49.096156],[1.655764,49.096119],[1.657578,49.095379]]],[[[1.652051,49.098565],[1.650916,49.098165],[1.650999,49.098035],[1.651027,49.097975],[1.652182,49.098376],[1.652215,49.098328],[1.652204,49.098325],[1.651059,49.097919],[1.651108,49.09781],[1.651198,49.097839],[1.652285,49.098218],[1.652289,49.09822],[1.652252,49.098275],[1.653561,49.098753],[1.653354,49.099082],[1.652042,49.098599],[1.652061,49.098569],[1.652051,49.098565]]],[[[1.653234,49.096813],[1.652118,49.096161],[1.651978,49.096079],[1.652025,49.095987],[1.652552,49.095757],[1.652982,49.095588],[1.653741,49.095292],[1.654548,49.094958],[1.655166,49.094706],[1.655672,49.094496],[1.65621,49.095054],[1.65623,49.095079],[1.656383,49.095017],[1.655832,49.09443],[1.656946,49.093966],[1.657289,49.093829],[1.65769,49.09362],[1.65804,49.093435],[1.658063,49.09344],[1.658074,49.093443],[1.658105,49.093557],[1.658115,49.093603],[1.658154,49.093732],[1.658169,49.093866],[1.658206,49.094062],[1.658228,49.094195],[1.658247,49.094323],[1.658284,49.094648],[1.658305,49.094801],[1.658307,49.094913],[1.658302,49.094941],[1.658283,49.094947],[1.658215,49.094977],[1.658148,49.095012],[1.658053,49.095055],[1.657978,49.095092],[1.657653,49.095278],[1.657543,49.095338],[1.656474,49.095784],[1.656132,49.095925],[1.655596,49.095337],[1.655557,49.095352],[1.656087,49.095943],[1.655749,49.096084],[1.655433,49.09621],[1.654853,49.095639],[1.654606,49.095738],[1.653704,49.096106],[1.653646,49.096157],[1.654525,49.096712],[1.654523,49.096715],[1.654532,49.09672],[1.654343,49.096951],[1.65426,49.097057],[1.654118,49.097239],[1.654087,49.097284],[1.654073,49.097291],[1.654073,49.097299],[1.654075,49.097305],[1.654104,49.097317],[1.654369,49.097457],[1.654372,49.097475],[1.654327,49.097546],[1.653064,49.09706],[1.653234,49.096813]]],[[[1.648412,49.096906],[1.648304,49.096846],[1.649037,49.096563],[1.649078,49.096587],[1.650315,49.096361],[1.650495,49.096757],[1.649745,49.096908],[1.649178,49.097146],[1.649083,49.097111],[1.649657,49.096863],[1.649307,49.096692],[1.648579,49.096956],[1.648412,49.096906]]],[[[1.646931,49.095487],[1.646882,49.095374],[1.647676,49.095308],[1.647727,49.095405],[1.647734,49.095402],[1.649714,49.095038],[1.649825,49.095283],[1.647851,49.095687],[1.647872,49.095723],[1.649845,49.095328],[1.649893,49.095433],[1.64793,49.095829],[1.64795,49.095869],[1.649913,49.095476],[1.650066,49.095816],[1.648248,49.096184],[1.648294,49.09621],[1.650081,49.095844],[1.650293,49.096314],[1.649009,49.09655],[1.648925,49.096522],[1.648757,49.096448],[1.648433,49.096279],[1.64766,49.096516],[1.647474,49.096406],[1.647417,49.096353],[1.648167,49.096143],[1.648091,49.096096],[1.647348,49.09629],[1.647312,49.096255],[1.647217,49.096128],[1.647159,49.096008],[1.646941,49.095511],[1.647745,49.09544],[1.647734,49.095418],[1.646931,49.095487]],[[1.648793,49.095395],[1.647814,49.095583],[1.647841,49.095642],[1.648816,49.095448],[1.648793,49.095395]]],[[[1.647656,49.095255],[1.64764,49.095182],[1.649603,49.094795],[1.649645,49.094888],[1.647837,49.095238],[1.647662,49.095273],[1.647656,49.095255]]],[[[1.649916,49.095377],[1.649648,49.09479],[1.648275,49.091776],[1.648239,49.091666],[1.648233,49.091588],[1.648249,49.091493],[1.648751,49.090382],[1.648776,49.090371],[1.649051,49.090476],[1.649363,49.090604],[1.649452,49.090645],[1.64955,49.090699],[1.64992,49.090905],[1.650131,49.091018],[1.650203,49.091048],[1.650266,49.091076],[1.650413,49.09112],[1.650674,49.09121],[1.650846,49.091274],[1.650966,49.091342],[1.651067,49.091402],[1.651167,49.091465],[1.652277,49.092269],[1.652313,49.092292],[1.652354,49.092311],[1.653619,49.092778],[1.653819,49.092845],[1.653901,49.092876],[1.654045,49.092903],[1.654128,49.092907],[1.654294,49.092897],[1.654453,49.092879],[1.655009,49.092762],[1.655279,49.092726],[1.655447,49.092714],[1.655588,49.092718],[1.655761,49.092733],[1.655886,49.092753],[1.656207,49.092822],[1.656368,49.092845],[1.657014,49.092825],[1.657456,49.09281],[1.658144,49.092852],[1.659403,49.093051],[1.659796,49.093197],[1.659825,49.093212],[1.659816,49.093214],[1.658461,49.093252],[1.658332,49.093269],[1.658248,49.093292],[1.658201,49.093308],[1.658162,49.093318],[1.658122,49.093342],[1.657364,49.093731],[1.657334,49.093749],[1.656293,49.094178],[1.652151,49.095882],[1.652007,49.095947],[1.651963,49.09598],[1.651939,49.09601],[1.651891,49.096095],[1.649916,49.095377]]],[[[1.65369,49.092758],[1.653618,49.092732],[1.652462,49.092312],[1.652374,49.092282],[1.652118,49.092109],[1.651863,49.091927],[1.651683,49.091788],[1.651204,49.091439],[1.65104,49.091341],[1.650871,49.091248],[1.650561,49.091123],[1.650212,49.091006],[1.649982,49.090878],[1.649665,49.090704],[1.64941,49.090568],[1.648802,49.090324],[1.64993,49.089173],[1.653001,49.090068],[1.652526,49.091112],[1.652551,49.091163],[1.652793,49.09148],[1.653417,49.092222],[1.653654,49.09221],[1.656373,49.092072],[1.656471,49.092068],[1.656604,49.092089],[1.656714,49.092115],[1.6568,49.092162],[1.656845,49.092219],[1.657624,49.092154],[1.657925,49.092131],[1.659441,49.092085],[1.65937,49.092981],[1.659258,49.09297],[1.6586,49.092868],[1.658323,49.09282],[1.658038,49.092783],[1.657681,49.092762],[1.657422,49.092754],[1.657081,49.092767],[1.656871,49.092772],[1.656567,49.092785],[1.656364,49.092787],[1.656206,49.09277],[1.65613,49.092756],[1.655943,49.092706],[1.655894,49.092699],[1.655674,49.09268],[1.655412,49.092661],[1.655331,49.092665],[1.65504,49.092704],[1.654821,49.092743],[1.654625,49.092786],[1.654379,49.092835],[1.654203,49.092851],[1.654021,49.092846],[1.653916,49.092827],[1.653793,49.092791],[1.65369,49.092758]]],[[[1.660438,49.093596],[1.659955,49.093248],[1.660348,49.093145],[1.662091,49.093255],[1.6622,49.093265],[1.662262,49.093274],[1.663198,49.093671],[1.663416,49.093759],[1.66362,49.09382],[1.663719,49.093836],[1.663805,49.093845],[1.664005,49.093838],[1.664196,49.093807],[1.66436,49.093767],[1.664545,49.093728],[1.66467,49.093689],[1.664757,49.093686],[1.66482,49.093719],[1.664867,49.093762],[1.665337,49.094872],[1.665363,49.094916],[1.66541,49.094966],[1.665518,49.095033],[1.665985,49.095241],[1.666245,49.09534],[1.666364,49.095391],[1.666443,49.095432],[1.666526,49.095483],[1.666574,49.095535],[1.666626,49.095608],[1.666636,49.095674],[1.666627,49.095732],[1.666592,49.095818],[1.666499,49.096067],[1.6665,49.096099],[1.665997,49.096134],[1.665486,49.096165],[1.664462,49.096141],[1.66428,49.096513],[1.663867,49.0964],[1.663519,49.096253],[1.663449,49.096228],[1.663232,49.096158],[1.662457,49.09577],[1.661479,49.095068],[1.661419,49.095039],[1.661264,49.094958],[1.661169,49.094898],[1.661067,49.094822],[1.660977,49.09473],[1.660926,49.09466],[1.660809,49.094415],[1.660785,49.094039],[1.660766,49.094012],[1.660438,49.093596]]],[[[1.659922,49.093198],[1.659582,49.093074],[1.660183,49.093121],[1.659922,49.093198]]]]}},
{"type":"Feature","properties":{"nature":"Autre forêt publique","toponyme":"Forêt Communale d'Amblainville","statut_du_toponyme":"Collecté","importance":"5","date_modification":"2020-12-10T19:00:41.374Z","sources":"ONF"},"geometry":{"type":"MultiPolygon","coordinates":[[[[2.095825,49.191642],[2.095805,49.191653],[2.095799,49.19164],[2.095306,49.190108],[2.095415,49.190102],[2.095318,49.19011],[2.095825,49.191642]]],[[[2.09575,49.190073],[2.09569,49.190078],[2.096749,49.189784],[2.097702,49.189164],[2.102024,49.19044],[2.101992,49.190436],[2.097719,49.189173],[2.096771,49.189786],[2.09575,49.190073]]]]}},
{"type":"Feature","properties":{"nature":"Autre forêt publique","toponyme":"Forêt Régionale de Boissy","statut_du_toponyme":"Collecté","importance":"5","date_modification":"2021-10-19T12:34:32.388Z","sources":"ONF 2021"},"geometry":{"type":"MultiPolygon","coordinates":[[[[2.210662,49.004855],[2.210511,49.004704],[2.212622,49.004042],[2.212574,49.003968],[2.213594,49.003535],[2.212925,49.002846],[2.212793,49.002707],[2.212897,49.002664],[2.212526,49.002178],[2.213201,49.001924],[2.213611,49.002287],[2.213772,49.002432],[2.214207,49.002815],[2.214427,49.003012],[2.214884,49.003506],[2.210662,49.004855]]],[[[2.211106,49.006352],[2.210218,49.005154],[2.210232,49.005101],[2.210246,49.005063],[2.211573,49.004641],[2.212644,49.004302],[2.214261,49.003793],[2.215012,49.003553],[2.216447,49.003098],[2.217082,49.002901],[2.217095,49.002918],[2.218116,49.004899],[2.218358,49.00534],[2.219263,49.007009],[2.219323,49.007128],[2.219602,49.007639],[2.220436,49.009183],[2.220496,49.009252],[2.220451,49.009234],[2.219347,49.009322],[2.21837,49.009398],[2.217581,49.009468],[2.217238,49.009501],[2.217218,49.009524],[2.21719,49.009529],[2.215843,49.009737],[2.215288,49.009821],[2.214827,49.009953],[2.214581,49.01003],[2.21402,49.010215],[2.214008,49.010276],[2.213401,49.009453],[2.213182,49.009162],[2.21239,49.008089],[2.212194,49.007828],[2.211106,49.006352]]]]}},
{"type":"Feature","properties":{"nature":"Autre forêt publique","toponyme":"Forêt Communale d'Osny","statut_du_toponyme":"Collecté","importance":"5","date_modification":"2021-10-19T12:34:32.388Z","sources":"ONF 2021"},"geometry":{"type":"MultiPolygon","coordinates":[[[[2.050293,49.065121],[2.05026,49.064894],[2.050402,49.064895],[2.050577,49.064916],[2.05075,49.064949],[2.050934,49.064996],[2.051015,49.065008],[2.051123,49.065007],[2.051265,49.064994],[2.05139,49.064994],[2.05142,49.065001],[2.051093,49.065038],[2.050384,49.065093],[2.050293,49.065121]]],[[[2.061501,49.064251],[2.061548,49.064249],[2.061734,49.064241],[2.061897,49.064219],[2.061993,49.064197],[2.062088,49.064165],[2.0622,49.064118],[2.062324,49.064051],[2.062427,49.063976],[2.062495,49.063935],[2.062633,49.063856],[2.062594,49.063837],[2.062627,49.063806],[2.062705,49.063671],[2.06286,49.063441],[2.063018,49.063092],[2.063043,49.063051],[2.063103,49.063055],[2.063262,49.063065],[2.063264,49.06308],[2.064106,49.063145],[2.064066,49.063099],[2.064067,49.063088],[2.064085,49.063089],[2.064093,49.063054],[2.064165,49.063058],[2.064518,49.063529],[2.064542,49.063561],[2.064559,49.0636],[2.064918,49.064025],[2.065437,49.064628],[2.06545,49.064706],[2.065458,49.064763],[2.065442,49.06486],[2.065382,49.065024],[2.065335,49.065119],[2.065287,49.065187],[2.065199,49.065227],[2.064446,49.06544],[2.062896,49.066264],[2.061452,49.067031],[2.060897,49.067316],[2.060074,49.067274],[2.059527,49.06757],[2.05932,49.067729],[2.058078,49.068668],[2.058036,49.068697],[2.057085,49.068246],[2.056979,49.068194],[2.056714,49.06803],[2.056648,49.067961],[2.056581,49.067908],[2.056465,49.067832],[2.056472,49.067743],[2.056472,49.067579],[2.056675,49.067458],[2.056679,49.067454],[2.056613,49.067253],[2.056609,49.067246],[2.056639,49.067188],[2.056639,49.0671],[2.056628,49.06704],[2.056477,49.066222],[2.056594,49.066136],[2.056721,49.066054],[2.057057,49.065872],[2.057275,49.065766],[2.057379,49.065727],[2.05741,49.065718],[2.057519,49.065686],[2.057677,49.065652],[2.057809,49.065635],[2.05791,49.065632],[2.058175,49.065651],[2.058341,49.065652],[2.058435,49.065644],[2.058456,49.06564],[2.058555,49.065623],[2.058667,49.065591],[2.058811,49.065533],[2.05891,49.065477],[2.059,49.065418],[2.059102,49.065336],[2.059229,49.065203],[2.059297,49.065147],[2.059395,49.0651],[2.059738,49.064984],[2.059959,49.06492],[2.060557,49.064758],[2.060613,49.064729],[2.060661,49.064677],[2.060686,49.064614],[2.060714,49.064513],[2.060753,49.064431],[2.060757,49.064379],[2.060743,49.064339],[2.060765,49.064315],[2.060787,49.064299],[2.060864,49.064278],[2.060941,49.064269],[2.06104,49.064261],[2.061501,49.064251]],[[2.061499,49.065652],[2.061607,49.065594],[2.061518,49.065526],[2.061431,49.065577],[2.061428,49.065735],[2.061421,49.065795],[2.060794,49.066137],[2.060821,49.066159],[2.060845,49.06616],[2.060822,49.066161],[2.060921,49.06624],[2.060949,49.066261],[2.0609,49.066298],[2.060797,49.06641],[2.060754,49.066457],[2.060547,49.066614],[2.060278,49.066759],[2.060047,49.066892],[2.060197,49.066989],[2.060722,49.066709],[2.06119,49.066455],[2.061208,49.066467],[2.061297,49.066542],[2.061356,49.066587],[2.061348,49.066595],[2.061418,49.066653],[2.061754,49.066471],[2.061817,49.066458],[2.061859,49.066435],[2.061881,49.066402],[2.062255,49.066202],[2.06255,49.066178],[2.062626,49.066132],[2.062687,49.0661],[2.06314,49.065853],[2.063139,49.065828],[2.063255,49.065741],[2.063322,49.0657],[2.063314,49.065694],[2.063316,49.065693],[2.063313,49.065693],[2.063014,49.065451],[2.063066,49.065423],[2.062993,49.065362],[2.062637,49.065551],[2.062563,49.065467],[2.062501,49.065405],[2.062412,49.065352],[2.06237,49.065337],[2.062318,49.065331],[2.062245,49.065345],[2.062016,49.065506],[2.061902,49.065594],[2.061719,49.065751],[2.061701,49.065777],[2.061698,49.065801],[2.061499,49.065652]]]]}},
{"type":"Feature","properties":{"nature":"Autre forêt publique","toponyme":"Forêt de l'Aviation","statut_du_toponyme":"Collecté","importance":"5","date_modification":"2020-12-10T19:00:41.374Z","sources":"ONF"},"geometry":{"type":"MultiPolygon","coordinates":[[[[2.488472,48.999356],[2.488302,48.998621],[2.490058,48.998577],[2.492848,48.998835],[2.493196,48.998934],[2.495776,49.00006],[2.495824,49.000114],[2.4967,49.000017],[2.496755,49.000146],[2.498326,49.000033],[2.498213,49.000397],[2.49916,49.000612],[2.499702,49.00064],[2.500494,49.000885],[2.500726,49.000506],[2.501071,48.999967],[2.501315,49.000035],[2.501426,48.999908],[2.501632,48.99974],[2.502694,48.998792],[2.502914,48.998606],[2.503772,48.99889],[2.504715,48.998089],[2.505058,48.998218],[2.505357,48.998371],[2.505835,48.998853],[2.50589,48.998946],[2.504243,48.999287],[2.504021,48.999337],[2.503224,48.999499],[2.503311,48.999648],[2.503204,48.999709],[2.502728,49.000188],[2.50232,49.00085],[2.501847,49.000854],[2.50206,49.001119],[2.501701,49.001387],[2.502136,49.001626],[2.501651,49.001801],[2.500723,49.001953],[2.500254,49.001557],[2.499579,49.001364],[2.498547,49.001103],[2.49857,49.00107],[2.496864,49.000676],[2.496769,49.000662],[2.496575,49.000688],[2.495718,49.000759],[2.495293,49.000773],[2.49514,49.000745],[2.494433,49.000527],[2.494371,49.000468],[2.493965,49.000024],[2.493788,48.999844],[2.493413,48.999588],[2.493314,48.999565],[2.492616,48.999389],[2.492086,48.999344],[2.491838,48.99935],[2.4911,48.999381],[2.490831,48.999387],[2.490298,48.999393],[2.489955,48.999391],[2.489877,48.999417],[2.489834,48.999465],[2.489901,49.000105],[2.489836,49.000085],[2.489844,49.00011],[2.489818,49.000111],[2.489829,49.000348],[2.489843,49.001165],[2.489752,49.001166],[2.489748,49.000715],[2.489741,49.000451],[2.489746,49.00023],[2.489415,49.000184],[2.489767,49.000163],[2.489702,48.999351],[2.488472,48.999356]]]]}},
{"type":"Feature","properties":{"nature":"Autre forêt publique","toponyme":"Forêt Communale de Piscop","statut_du_toponyme":"Collecté","importance":"5","date_modification":"2020-12-10T19:00:41.374Z","sources":"ONF"},"geometry":{"type":"MultiPolygon","coordinates":[[[[2.335646,49.016542],[2.334904,49.014716],[2.335234,49.014694],[2.33565,49.014774],[2.335737,49.014792],[2.335993,49.014772],[2.336137,49.014763],[2.336206,49.014761],[2.336548,49.014779],[2.336708,49.014761],[2.336829,49.014739],[2.336916,49.014718],[2.337017,49.01469],[2.337188,49.01463],[2.337425,49.01454],[2.337807,49.014266],[2.338069,49.014102],[2.338466,49.013784],[2.338752,49.013697],[2.338987,49.013657],[2.339426,49.013575],[2.339423,49.013567],[2.339644,49.013519],[2.339686,49.014083],[2.339684,49.014117],[2.339609,49.01433],[2.33921,49.014543],[2.339122,49.014651],[2.33885,49.015073],[2.338785,49.015374],[2.338725,49.015484],[2.338618,49.015696],[2.338173,49.01608],[2.337979,49.016152],[2.337146,49.01622],[2.336116,49.016455],[2.335909,49.016507],[2.335812,49.016526],[2.335646,49.016542]]]]}},
{"type":"Feature","properties":{"nature":"Autre forêt publique","toponyme":"Forêt Régionale d'Ecouen-A.E.V.","statut_du_toponyme":"Collecté","importance":"5","date_modification":"2020-12-10T19:00:41.374Z","sources":"ONF"},"geometry":{"type":"MultiPolygon","coordinates":[[[[2.364164,49.017562],[2.364149,49.01738],[2.364162,49.017295],[2.364198,49.016826],[2.364303,49.01665],[2.364509,49.016366],[2.364644,49.016163],[2.364828,49.015759],[2.364808,49.015695],[2.364938,49.015537],[2.364993,49.015449],[2.365111,49.015313],[2.365342,49.014984],[2.365546,49.014818],[2.365583,49.014794],[2.365753,49.014658],[2.365845,49.01455],[2.365939,49.014416],[2.366501,49.01396],[2.366697,49.013789],[2.366796,49.013203],[2.366789,49.013093],[2.366801,49.012916],[2.367233,49.012822],[2.367333,49.012803],[2.367698,49.012633],[2.367741,49.012593],[2.367788,49.012602],[2.367869,49.012571],[2.367965,49.012364],[2.368103,49.01229],[2.369194,49.012255],[2.369253,49.012243],[2.369635,49.011984],[2.370096,49.011948],[2.370293,49.011995],[2.370577,49.01207],[2.371084,49.012217],[2.371372,49.012263],[2.371684,49.0122],[2.371801,49.01218],[2.372061,49.01217],[2.372384,49.012186],[2.37225,49.012342],[2.372684,49.012606],[2.372794,49.012669],[2.373066,49.012884],[2.372922,49.012977],[2.37315,49.013351],[2.3734,49.01369],[2.373732,49.013469],[2.373942,49.013372],[2.374084,49.013314],[2.374258,49.013285],[2.375414,49.012981],[2.375453,49.012985],[2.375459,49.013054],[2.375243,49.013124],[2.375202,49.013191],[2.375143,49.013338],[2.375011,49.013622],[2.373762,49.014697],[2.372932,49.015419],[2.373805,49.018596],[2.373895,49.018642],[2.37647,49.018386],[2.376557,49.018726],[2.375744,49.018811],[2.375933,49.01956],[2.375803,49.019725],[2.376065,49.019892],[2.375477,49.020091],[2.375167,49.020219],[2.374548,49.020763],[2.374826,49.021025],[2.374543,49.021168],[2.373297,49.021755],[2.372912,49.021909],[2.372894,49.021971],[2.373452,49.022361],[2.373752,49.022589],[2.372301,49.023749],[2.371982,49.02399],[2.371762,49.023787],[2.371302,49.024044],[2.370759,49.024039],[2.370701,49.024117],[2.370476,49.024816],[2.370351,49.02495],[2.370514,49.025078],[2.370317,49.02523],[2.369912,49.025519],[2.369896,49.025504],[2.369565,49.025541],[2.369401,49.025555],[2.367688,49.024584],[2.367172,49.024743],[2.367018,49.024593],[2.366834,49.024451],[2.366884,49.024387],[2.366824,49.024343],[2.366756,49.024348],[2.366702,49.024313],[2.366693,49.024203],[2.366653,49.024181],[2.366532,49.024233],[2.366459,49.024168],[2.366549,49.024046],[2.366588,49.023963],[2.366184,49.023451],[2.366054,49.023264],[2.365855,49.023105],[2.365776,49.023061],[2.365729,49.023028],[2.365804,49.023025],[2.365627,49.022317],[2.365622,49.021887],[2.365969,49.021164],[2.36606,49.02077],[2.366039,49.020489],[2.366088,49.020439],[2.366113,49.020446],[2.366355,49.019895],[2.366467,49.019029],[2.364686,49.01881],[2.364617,49.018809],[2.364513,49.018476],[2.364329,49.01804],[2.364328,49.017955],[2.364307,49.017874],[2.364253,49.017728],[2.364295,49.017658],[2.364296,49.017618],[2.364164,49.017562]]]]}},
{"type":"Feature","properties":{"nature":"Autre forêt publique","toponyme":"Forêt Communale de la Roche-Guyon","statut_du_toponyme":"Collecté","importance":"5","date_modification":"2021-10-19T12:34:32.388Z","sources":"ONF 2021"},"geometry":{"type":"MultiPolygon","coordinates":[[[[1.653744,49.098673],[1.653894,49.098431],[1.654533,49.097405],[1.654522,49.097386],[1.654227,49.097232],[1.654383,49.097051],[1.65466,49.09716],[1.654748,49.097195],[1.65611,49.097731],[1.65556,49.098553],[1.655435,49.098704],[1.655306,49.098852],[1.654758,49.099482],[1.65428,49.100026],[1.654093,49.100273],[1.653794,49.100689],[1.653542,49.101089],[1.653223,49.101692],[1.653141,49.10182],[1.653119,49.101855],[1.652891,49.102158],[1.651878,49.103515],[1.651313,49.103944],[1.650642,49.103533],[1.650761,49.10333],[1.651489,49.102228],[1.651946,49.101522],[1.652003,49.101435],[1.652802,49.10016],[1.653744,49.098673]]]]}},
{"type":"Feature","properties":{"nature":"Autre forêt publique","toponyme":"Forêt de Frocourt","statut_du_toponyme":"Collecté","importance":"5","date_modification":"2020-12-10T19:00:41.374Z","sources":"ONF"},"geometry":{"type":"MultiPolygon","coordinates":[[[[1.652787,49.12806],[1.652784,49.128051],[1.652793,49.127965],[1.652767,49.127787],[1.652697,49.127618],[1.652555,49.127495],[1.652329,49.127367],[1.652187,49.127347],[1.652022,49.127317],[1.65198,49.127283],[1.651761,49.127153],[1.651523,49.126995],[1.651293,49.126865],[1.651139,49.126795],[1.650987,49.126752],[1.65091,49.126702],[1.650796,49.126638],[1.650709,49.126612],[1.650561,49.126591],[1.650332,49.126519],[1.65024,49.126474],[1.650226,49.126321],[1.65023,49.126078],[1.650262,49.125844],[1.650251,49.125646],[1.650127,49.125232],[1.650016,49.125053],[1.649917,49.124964],[1.649789,49.124869],[1.649703,49.12484],[1.64959,49.124821],[1.648876,49.124742],[1.648191,49.124681],[1.647591,49.124621],[1.647377,49.124526],[1.647136,49.124393],[1.646799,49.123997],[1.646588,49.123667],[1.646534,49.123413],[1.646615,49.122748],[1.646803,49.122608],[1.647463,49.121442],[1.646144,49.120671],[1.646359,49.120531],[1.647299,49.121048],[1.648808,49.12033],[1.651478,49.120678],[1.654699,49.120388],[1.65717,49.123768],[1.656465,49.124031],[1.657037,49.126123],[1.657622,49.128313],[1.658653,49.128165],[1.660174,49.128859],[1.66123,49.130029],[1.661002,49.130084],[1.658827,49.130146],[1.657166,49.130314],[1.655648,49.130775],[1.655648,49.130762],[1.655734,49.130471],[1.655749,49.130319],[1.655764,49.130269],[1.655758,49.130225],[1.655761,49.130198],[1.655752,49.130174],[1.655739,49.130066],[1.655695,49.13002],[1.655673,49.12996],[1.655578,49.129938],[1.65554,49.129915],[1.655384,49.129848],[1.655227,49.12982],[1.654698,49.129798],[1.654498,49.129777],[1.654313,49.129739],[1.653985,49.129653],[1.6538,49.129586],[1.653615,49.129538],[1.653443,49.129508],[1.653285,49.129508],[1.653101,49.129479],[1.652886,49.129411],[1.652773,49.129335],[1.652682,49.129248],[1.652671,49.129209],[1.652658,49.128891],[1.652681,49.128763],[1.652742,49.128482],[1.65278,49.128096],[1.652787,49.12806]]]]}},
{"type":"Feature","properties":{"nature":"Autre forêt publique","toponyme":"Forêt Communale de Berville","statut_du_toponyme":"Collecté","importance":"5","date_modification":"2020-12-10T19:00:41.374Z","sources":"ONF"},"geometry":{"type":"MultiPolygon","coordinates":[[[[2.092461,49.193392],[2.092415,49.192854],[2.092713,49.192172],[2.093172,49.19037],[2.094664,49.190157],[2.095306,49.190108],[2.095799,49.19164],[2.092461,49.193392]]]]}},
{"type":"Feature","properties":{"nature":"Autre forêt publique","toponyme":"Forêt Communale de Marines","statut_du_toponyme":"Collecté","importance":"5","date_modification":"2020-12-10T19:00:41.374Z","sources":"ONF"},"geometry":{"type":"MultiPolygon","coordinates":[[[[1.996767,49.148697],[1.99647,49.14861],[1.997059,49.147742],[1.997368,49.147925],[1.997916,49.148157],[1.998004,49.148194],[1.997964,49.148246],[1.997965,49.148461],[1.997963,49.148932],[1.997808,49.148937],[1.997634,49.148931],[1.997474,49.148917],[1.996767,49.148697]]],[[[1.996809,49.151135],[1.996742,49.150967],[1.997719,49.150923],[1.997663,49.150814],[1.998017,49.150589],[1.997575,49.149992],[1.997774,49.149999],[1.998926,49.149654],[1.998972,49.149755],[1.999419,49.149747],[1.999679,49.149836],[2.000353,49.150076],[2.0013,49.149641],[2.002837,49.14977],[2.002751,49.150181],[2.00283,49.150529],[2.003219,49.151003],[2.001009,49.152321],[1.996821,49.151694],[1.996856,49.151378],[1.996809,49.151135]]]]}},
{"type":"Feature","properties":{"nature":"Forêt domaniale","toponyme":"Forêt Domaniale de Montmorency","statut_du_toponyme":"Collecté","importance":"5","date_modification":"2020-12-10T19:06:19.428Z","sources":"ONF"},"geometry":{"type":"MultiPolygon","coordinates":[[[[2.311494,49.01203],[2.31149,49.011954],[2.311495,49.011878],[2.311511,49.011801],[2.311538,49.011747],[2.311587,49.011663],[2.311656,49.011572],[2.311945,49.011302],[2.312023,49.011218],[2.312066,49.011162],[2.312144,49.010964],[2.312188,49.010818],[2.313879,49.010834],[2.31477,49.010857],[2.315896,49.010879],[2.317505,49.010916],[2.319416,49.010974],[2.319867,49.010442],[2.320306,49.009842],[2.320515,49.00964],[2.320588,49.009514],[2.320625,49.009477],[2.320698,49.009423],[2.320723,49.009391],[2.320739,49.009361],[2.320754,49.009208],[2.320783,49.009094],[2.32081,49.009009],[2.32095,49.008636],[2.32099,49.008512],[2.321075,49.00817],[2.321094,49.007938],[2.321037,49.007677],[2.320978,49.007275],[2.320847,49.00691],[2.320754,49.006629],[2.320689,49.006369],[2.320685,49.005611],[2.320779,49.005556],[2.321934,49.005193],[2.322189,49.005076],[2.3222,49.005035],[2.322498,49.004846],[2.323107,49.004583],[2.323697,49.004335],[2.324345,49.004114],[2.324851,49.003927],[2.325411,49.003691],[2.325765,49.003555],[2.326179,49.003432],[2.32659,49.003315],[2.326727,49.003279],[2.327016,49.003188],[2.32767,49.002946],[2.32756,49.001916],[2.327802,49.001858],[2.327842,49.001582],[2.327999,49.001163],[2.328202,49.000511],[2.328224,49.000493],[2.328689,49.000041],[2.329144,48.999977],[2.329954,48.999856],[2.332962,48.999418],[2.332813,48.998626],[2.332772,48.99851],[2.332663,48.998246],[2.333681,48.998031],[2.333653,48.997901],[2.335275,48.997672],[2.336069,48.997563],[2.336284,48.997529],[2.336568,48.998472],[2.33663,48.998694],[2.336526,48.998713],[2.336595,48.998876],[2.336655,48.999078],[2.336703,48.999207],[2.336079,48.999344],[2.336167,48.999475],[2.335868,48.999535],[2.336023,49.000048],[2.335533,49.000096],[2.335401,48.999528],[2.335007,48.999538],[2.335104,49.000312],[2.334774,49.000346],[2.33478,49.000418],[2.335209,49.00037],[2.335215,49.00044],[2.335247,49.000623],[2.336779,49.000605],[2.336787,49.00095],[2.336723,49.00095],[2.336653,49.001838],[2.336634,49.001839],[2.33663,49.001897],[2.336779,49.001891],[2.337188,49.001866],[2.337185,49.002055],[2.337169,49.00208],[2.336726,49.002084],[2.336674,49.002431],[2.336692,49.002663],[2.33661,49.002954],[2.336746,49.003254],[2.337258,49.003153],[2.337316,49.003261],[2.33718,49.00329],[2.337224,49.003384],[2.337269,49.003375],[2.337415,49.003607],[2.337203,49.003652],[2.337064,49.003678],[2.337169,49.003716],[2.337395,49.003912],[2.337691,49.004266],[2.337719,49.004321],[2.337717,49.004346],[2.337699,49.00438],[2.337511,49.004408],[2.337309,49.004431],[2.337385,49.004566],[2.337599,49.005033],[2.337744,49.005373],[2.338307,49.006338],[2.338108,49.006475],[2.337946,49.006557],[2.338333,49.006958],[2.337639,49.007173],[2.336968,49.007323],[2.336307,49.007523],[2.336123,49.007586],[2.335929,49.007661],[2.336284,49.00793],[2.336732,49.008075],[2.336815,49.008109],[2.336914,49.008156],[2.337006,49.008209],[2.337092,49.008267],[2.337167,49.00833],[2.337235,49.008398],[2.33727,49.008438],[2.337329,49.008539],[2.337354,49.0088],[2.337405,49.009034],[2.337274,49.009592],[2.337614,49.009974],[2.337665,49.01017],[2.337809,49.010421],[2.337473,49.010538],[2.338908,49.012155],[2.339153,49.012229],[2.339159,49.01231],[2.339423,49.013567],[2.339426,49.013575],[2.338987,49.013657],[2.338752,49.013697],[2.338466,49.013784],[2.338069,49.014102],[2.337807,49.014266],[2.337425,49.01454],[2.337188,49.01463],[2.337017,49.01469],[2.336916,49.014718],[2.336829,49.014739],[2.336708,49.014761],[2.336548,49.014779],[2.336206,49.014761],[2.336137,49.014763],[2.335993,49.014772],[2.335737,49.014792],[2.33565,49.014774],[2.335234,49.014694],[2.334904,49.014716],[2.335646,49.016542],[2.335648,49.016548],[2.334948,49.016615],[2.33465,49.016731],[2.334184,49.017072],[2.334061,49.017234],[2.333975,49.017684],[2.333973,49.017794],[2.334129,49.01782],[2.334082,49.017882],[2.334063,49.017951],[2.334416,49.018058],[2.33459,49.018001],[2.335114,49.018947],[2.334986,49.019032],[2.334887,49.019112],[2.334446,49.01922],[2.33406,49.019334],[2.333985,49.019352],[2.333605,49.019416],[2.333488,49.019508],[2.333464,49.019568],[2.333525,49.020015],[2.333274,49.020005],[2.333213,49.020162],[2.332958,49.020201],[2.333106,49.020487],[2.333149,49.020578],[2.333249,49.020887],[2.332906,49.021876],[2.333476,49.02205],[2.333988,49.022101],[2.334352,49.022248],[2.334369,49.022345],[2.334369,49.022402],[2.334341,49.022507],[2.334292,49.0226],[2.334232,49.022689],[2.334031,49.022927],[2.332123,49.022427],[2.332087,49.02247],[2.331719,49.022344],[2.331434,49.022169],[2.33075,49.021793],[2.330223,49.021509],[2.3301,49.021445],[2.330021,49.021467],[2.329741,49.02156],[2.329367,49.021599],[2.329266,49.021698],[2.329187,49.021678],[2.329297,49.021551],[2.329058,49.021323],[2.327762,49.020747],[2.327418,49.02053],[2.326872,49.020017],[2.32673,49.01988],[2.326003,49.018906],[2.325925,49.018968],[2.325823,49.019027],[2.325817,49.019053],[2.325803,49.019064],[2.325731,49.01943],[2.325663,49.019966],[2.325646,49.020027],[2.325604,49.020074],[2.325496,49.020167],[2.325448,49.020195],[2.325397,49.020217],[2.325286,49.02024],[2.323939,49.02045],[2.323955,49.020498],[2.324135,49.021184],[2.324136,49.021748],[2.323923,49.022254],[2.323666,49.022731],[2.323652,49.022743],[2.323587,49.022693],[2.323321,49.022448],[2.323186,49.02233],[2.323037,49.022213],[2.32279,49.02194],[2.322519,49.021679],[2.3224,49.021575],[2.321794,49.020901],[2.321925,49.020777],[2.321923,49.020737],[2.32173,49.020737],[2.321628,49.020733],[2.321495,49.020723],[2.321363,49.020705],[2.321206,49.020672],[2.321092,49.02063],[2.320987,49.020584],[2.320935,49.020558],[2.320654,49.020453],[2.320479,49.020397],[2.320229,49.020332],[2.319587,49.020155],[2.319352,49.020075],[2.319092,49.019973],[2.318915,49.019883],[2.318699,49.019765],[2.318337,49.019557],[2.318566,49.019386],[2.318062,49.019138],[2.318237,49.018954],[2.318282,49.01897],[2.318544,49.018702],[2.318805,49.018796],[2.319019,49.018577],[2.318434,49.018312],[2.319232,49.017504],[2.319511,49.017204],[2.320402,49.017225],[2.321116,49.017229],[2.321497,49.017235],[2.321701,49.017251],[2.321745,49.017311],[2.321876,49.017328],[2.3218,49.017244],[2.321878,49.017255],[2.32188,49.017203],[2.32183,49.017175],[2.321788,49.017143],[2.321621,49.016958],[2.321599,49.016927],[2.321396,49.016801],[2.320304,49.016325],[2.320275,49.016299],[2.320263,49.016274],[2.320263,49.016248],[2.320296,49.016165],[2.320451,49.015867],[2.320795,49.015233],[2.321123,49.014576],[2.321327,49.014106],[2.321377,49.013983],[2.321423,49.013884],[2.321321,49.01368],[2.321321,49.01363],[2.321354,49.013462],[2.321374,49.013392],[2.321391,49.013281],[2.321395,49.013223],[2.321384,49.013152],[2.321353,49.013062],[2.321277,49.012802],[2.321273,49.01273],[2.321077,49.012688],[2.320914,49.012662],[2.32083,49.012656],[2.320743,49.012659],[2.320659,49.012667],[2.320567,49.012686],[2.320484,49.012708],[2.320407,49.012735],[2.320077,49.012893],[2.320029,49.012907],[2.319977,49.012914],[2.319731,49.012915],[2.319678,49.012921],[2.319628,49.012937],[2.319584,49.012957],[2.319462,49.013034],[2.319431,49.013058],[2.319409,49.013087],[2.319398,49.01312],[2.319398,49.01328],[2.319277,49.013378],[2.319165,49.013456],[2.318673,49.012835],[2.318625,49.01263],[2.318528,49.012491],[2.318381,49.012376],[2.318136,49.012311],[2.317932,49.012299],[2.317657,49.012194],[2.317208,49.01216],[2.316998,49.012232],[2.316903,49.012398],[2.316926,49.012526],[2.316757,49.012642],[2.31654,49.012517],[2.316433,49.012589],[2.315623,49.012501],[2.315506,49.013789],[2.315203,49.014119],[2.314583,49.014592],[2.314396,49.014644],[2.312826,49.014711],[2.312831,49.014637],[2.312825,49.014555],[2.312808,49.014473],[2.312766,49.01436],[2.312714,49.014271],[2.312634,49.014153],[2.311905,49.013197],[2.312299,49.013109],[2.31214,49.012881],[2.312064,49.012854],[2.312021,49.01281],[2.311915,49.01264],[2.311652,49.012691],[2.311494,49.01203]],[[2.331903,49.000855],[2.331233,49.001061],[2.33133,49.001373],[2.331491,49.00159],[2.331509,49.001589],[2.331658,49.001601],[2.332076,49.001592],[2.332352,49.00159],[2.33257,49.000947],[2.332573,49.000911],[2.332249,49.000923],[2.331903,49.000855]]],[[[2.305413,49.007919],[2.304634,49.006927],[2.306488,49.005816],[2.306672,49.005466],[2.306634,49.004971],[2.306741,49.004984],[2.30674,49.004977],[2.306773,49.004944],[2.306743,49.004926],[2.306716,49.004895],[2.306701,49.004869],[2.306632,49.004507],[2.306573,49.003906],[2.306566,49.003876],[2.30653,49.003806],[2.307576,49.0032],[2.307308,49.002726],[2.307436,49.002733],[2.307449,49.002732],[2.307474,49.002722],[2.307497,49.0027],[2.307588,49.00225],[2.307684,49.002228],[2.307838,49.00217],[2.307891,49.002138],[2.307963,49.002102],[2.308248,49.001924],[2.308355,49.001871],[2.308441,49.001849],[2.308582,49.001829],[2.308815,49.002754],[2.308888,49.003024],[2.308911,49.003091],[2.308981,49.003229],[2.30918,49.003516],[2.309262,49.003627],[2.309336,49.003716],[2.309632,49.004027],[2.309938,49.004356],[2.310039,49.004505],[2.310296,49.004907],[2.310528,49.005215],[2.310364,49.005278],[2.31076,49.005559],[2.311349,49.005986],[2.311167,49.006112],[2.31066,49.006402],[2.310328,49.006584],[2.309363,49.007101],[2.309227,49.007171],[2.3088,49.007372],[2.308466,49.007535],[2.30847,49.007546],[2.307604,49.00791],[2.30596,49.008469],[2.306206,49.009125],[2.30563,49.009221],[2.305241,49.00815],[2.305413,49.007919]]],[[[2.226112,49.036667],[2.22582,49.036098],[2.226349,49.035914],[2.228968,49.036085],[2.230183,49.036161],[2.232954,49.034929],[2.234103,49.034391],[2.23394,49.034188],[2.232699,49.033808],[2.232401,49.033688],[2.231862,49.033528],[2.231774,49.03351],[2.231698,49.03351],[2.231368,49.03359],[2.231325,49.033586],[2.231065,49.033301],[2.231035,49.033287],[2.230794,49.033204],[2.230278,49.033039],[2.22972,49.032869],[2.228994,49.032564],[2.22853,49.031719],[2.228906,49.031987],[2.229133,49.03208],[2.229294,49.032125],[2.229342,49.032083],[2.230154,49.031755],[2.229687,49.03136],[2.228508,49.030321],[2.229201,49.02998],[2.229585,49.029623],[2.229659,49.029547],[2.229808,49.029439],[2.230042,49.0294],[2.2303,49.029382],[2.230337,49.029372],[2.230634,49.029252],[2.230989,49.029032],[2.231764,49.028559],[2.231789,49.028549],[2.231863,49.028526],[2.23194,49.028509],[2.232021,49.0285],[2.232102,49.028497],[2.232184,49.028503],[2.232219,49.028508],[2.232462,49.028562],[2.232942,49.028708],[2.233284,49.028799],[2.233831,49.028928],[2.234104,49.028918],[2.234496,49.02884],[2.234703,49.02875],[2.23507,49.028612],[2.235386,49.028452],[2.235519,49.028406],[2.235975,49.028278],[2.235997,49.028274],[2.236208,49.028216],[2.236293,49.028177],[2.236404,49.028095],[2.236551,49.027976],[2.236722,49.027886],[2.237391,49.027632],[2.23747,49.027285],[2.237497,49.027231],[2.237813,49.026913],[2.238074,49.027169],[2.238446,49.027015],[2.238193,49.026882],[2.238389,49.026729],[2.238159,49.026647],[2.238147,49.026639],[2.23813,49.026619],[2.238124,49.026596],[2.23813,49.026574],[2.238144,49.026557],[2.238348,49.026385],[2.238564,49.026269],[2.238786,49.026129],[2.23909,49.025905],[2.239239,49.025859],[2.239928,49.025775],[2.240541,49.025541],[2.241006,49.025462],[2.241036,49.025468],[2.241628,49.026284],[2.241765,49.02628],[2.241759,49.025786],[2.241905,49.02568],[2.24208,49.025714],[2.242611,49.025565],[2.242797,49.025832],[2.243154,49.025708],[2.242982,49.025462],[2.243075,49.025436],[2.243673,49.025992],[2.243709,49.026151],[2.24376,49.026311],[2.243776,49.02641],[2.243781,49.02651],[2.243779,49.026574],[2.243821,49.026667],[2.243842,49.026679],[2.244494,49.026362],[2.244683,49.026252],[2.245034,49.025931],[2.245529,49.025095],[2.245679,49.02471],[2.24563,49.024449],[2.245615,49.024427],[2.245602,49.024382],[2.245605,49.024359],[2.245618,49.02433],[2.245687,49.024254],[2.245814,49.024174],[2.246078,49.024038],[2.247234,49.023976],[2.247239,49.023986],[2.24772,49.023955],[2.247869,49.024296],[2.248438,49.024262],[2.248625,49.024198],[2.248741,49.024137],[2.248869,49.024066],[2.24897,49.023997],[2.249006,49.023964],[2.249047,49.023941],[2.249095,49.023925],[2.249146,49.023916],[2.249201,49.023913],[2.249269,49.023923],[2.249331,49.023628],[2.249869,49.023891],[2.250127,49.024078],[2.250157,49.024062],[2.250265,49.024111],[2.250353,49.024134],[2.250426,49.024141],[2.250512,49.024126],[2.252124,49.023925],[2.252157,49.024005],[2.252652,49.024102],[2.252568,49.024224],[2.253129,49.024297],[2.253251,49.02407],[2.25334,49.024071],[2.25416,49.024138],[2.255196,49.023838],[2.25548,49.024199],[2.255738,49.024223],[2.255869,49.024295],[2.256221,49.024574],[2.256598,49.024584],[2.257905,49.024004],[2.258035,49.023762],[2.257817,49.023482],[2.257425,49.02296],[2.256686,49.021965],[2.257954,49.021562],[2.257243,49.02059],[2.260384,49.019587],[2.26149,49.019244],[2.262149,49.019017],[2.262508,49.018911],[2.264016,49.018421],[2.26404,49.018426],[2.264193,49.018548],[2.264242,49.020051],[2.264248,49.020885],[2.264615,49.021005],[2.265563,49.020564],[2.265639,49.020538],[2.265878,49.020444],[2.266017,49.020385],[2.267264,49.019829],[2.267287,49.019808],[2.267292,49.019792],[2.267288,49.019776],[2.266831,49.01898],[2.266639,49.01865],[2.266205,49.017934],[2.266423,49.017892],[2.266661,49.017853],[2.266786,49.017842],[2.266882,49.017841],[2.266977,49.017849],[2.267145,49.017875],[2.267182,49.017878],[2.267276,49.017881],[2.267371,49.017875],[2.267462,49.017862],[2.267553,49.017842],[2.267604,49.017827],[2.267759,49.017768],[2.267851,49.017722],[2.268032,49.017609],[2.268108,49.017574],[2.268277,49.017515],[2.268294,49.017511],[2.268309,49.017514],[2.268319,49.017519],[2.268324,49.017525],[2.268325,49.017536],[2.26829,49.017596],[2.268209,49.017767],[2.268929,49.017699],[2.268901,49.017643],[2.269317,49.017504],[2.269643,49.017934],[2.270036,49.017827],[2.270104,49.017922],[2.271004,49.017628],[2.27116,49.017581],[2.271263,49.017558],[2.271367,49.017541],[2.271626,49.017518],[2.271815,49.01751],[2.272705,49.017528],[2.272744,49.017535],[2.272975,49.01774],[2.27336,49.017565],[2.275087,49.016903],[2.274636,49.016418],[2.274597,49.016424],[2.274563,49.01642],[2.274532,49.016409],[2.27451,49.016391],[2.274498,49.016369],[2.274497,49.016346],[2.27451,49.016324],[2.274532,49.016307],[2.274103,49.01585],[2.274373,49.015741],[2.274637,49.015619],[2.274696,49.015589],[2.275516,49.015273],[2.275577,49.015242],[2.275633,49.015206],[2.275678,49.015165],[2.27572,49.015113],[2.276109,49.014465],[2.276127,49.014445],[2.276141,49.014436],[2.276173,49.014424],[2.276208,49.01442],[2.276241,49.014424],[2.277245,49.014701],[2.277323,49.014738],[2.277969,49.015113],[2.278046,49.01517],[2.278116,49.015235],[2.278177,49.015307],[2.278232,49.015382],[2.278332,49.015562],[2.278483,49.015812],[2.2773,49.016417],[2.277941,49.017015],[2.277803,49.017091],[2.278102,49.017314],[2.27639,49.018234],[2.277058,49.018965],[2.277652,49.0196],[2.277144,49.019956],[2.277016,49.019947],[2.276855,49.019998],[2.276848,49.020023],[2.277055,49.020054],[2.2771,49.020119],[2.277078,49.02019],[2.277054,49.02023],[2.277027,49.020303],[2.276942,49.020411],[2.276528,49.020244],[2.276419,49.020285],[2.276888,49.020479],[2.276725,49.020674],[2.276295,49.020482],[2.276253,49.020517],[2.276049,49.020425],[2.275414,49.020685],[2.274574,49.021046],[2.274364,49.021149],[2.275083,49.021589],[2.274623,49.021708],[2.274483,49.021782],[2.275155,49.022411],[2.274672,49.022547],[2.274671,49.022591],[2.274503,49.02304],[2.275462,49.023306],[2.275703,49.023002],[2.276035,49.023184],[2.277894,49.022455],[2.279219,49.023354],[2.280347,49.022958],[2.280386,49.022934],[2.280113,49.022598],[2.280064,49.022544],[2.27997,49.022455],[2.279831,49.022341],[2.279621,49.022189],[2.27935,49.022008],[2.279208,49.021893],[2.279015,49.02172],[2.278962,49.021669],[2.27847,49.021145],[2.278485,49.02114],[2.278558,49.021137],[2.278647,49.021124],[2.278702,49.021104],[2.278719,49.021093],[2.278792,49.021055],[2.278811,49.021048],[2.27886,49.02104],[2.278885,49.021013],[2.278898,49.020987],[2.278968,49.020945],[2.279019,49.020929],[2.279238,49.020875],[2.279815,49.020705],[2.280136,49.020605],[2.280169,49.020602],[2.280218,49.020606],[2.280283,49.020602],[2.280425,49.020559],[2.280469,49.020549],[2.280532,49.020544],[2.280579,49.020534],[2.280744,49.020485],[2.28081,49.02046],[2.280931,49.02039],[2.280949,49.020373],[2.280962,49.020341],[2.280966,49.020317],[2.280956,49.020287],[2.28093,49.020272],[2.280848,49.020232],[2.280832,49.02022],[2.280823,49.020204],[2.280826,49.020179],[2.280851,49.020149],[2.280868,49.020113],[2.280874,49.020076],[2.280853,49.019978],[2.280862,49.019945],[2.280887,49.019916],[2.280956,49.019874],[2.281059,49.019802],[2.281094,49.019783],[2.281267,49.019723],[2.281319,49.019698],[2.282067,49.019302],[2.282121,49.019282],[2.282151,49.019276],[2.282231,49.019275],[2.282278,49.019267],[2.282322,49.019252],[2.282347,49.019239],[2.282362,49.019224],[2.28238,49.019212],[2.282399,49.019203],[2.282521,49.019168],[2.282581,49.019148],[2.282964,49.018918],[2.282983,49.018902],[2.283042,49.01881],[2.283075,49.01878],[2.283331,49.01896],[2.283719,49.019283],[2.283896,49.019426],[2.284081,49.019585],[2.284198,49.019655],[2.284358,49.019765],[2.284636,49.01993],[2.284901,49.020099],[2.28495,49.020123],[2.28507,49.020161],[2.286148,49.020413],[2.287395,49.019504],[2.28747,49.019512],[2.288136,49.020374],[2.28848,49.020842],[2.288582,49.020966],[2.288771,49.021182],[2.289743,49.022262],[2.289832,49.022338],[2.290156,49.022584],[2.290428,49.022904],[2.290604,49.023131],[2.290848,49.023421],[2.291087,49.023748],[2.291151,49.023773],[2.291118,49.023795],[2.291134,49.023832],[2.291204,49.023822],[2.292436,49.023594],[2.295274,49.02308],[2.295432,49.023066],[2.295608,49.023033],[2.295694,49.02302],[2.295687,49.022962],[2.295691,49.02294],[2.295646,49.022838],[2.295551,49.022661],[2.29555,49.022588],[2.295537,49.022518],[2.295391,49.022103],[2.294893,49.021239],[2.2949,49.020871],[2.294746,49.020824],[2.294517,49.020803],[2.294269,49.020713],[2.294079,49.020657],[2.294019,49.020636],[2.29327,49.02028],[2.293405,49.020063],[2.293367,49.020015],[2.29409,49.019597],[2.294096,49.019579],[2.294141,49.019515],[2.294302,49.019303],[2.294364,49.019209],[2.294409,49.019125],[2.294576,49.01876],[2.294667,49.018733],[2.294749,49.018717],[2.294834,49.018708],[2.29492,49.018706],[2.294979,49.018709],[2.295009,49.018693],[2.294857,49.018238],[2.294839,49.018142],[2.294818,49.017853],[2.294824,49.017709],[2.294828,49.016995],[2.294679,49.01589],[2.294802,49.015607],[2.2943,49.014936],[2.294212,49.014842],[2.293557,49.013985],[2.291907,49.013473],[2.291172,49.012307],[2.290513,49.011242],[2.29001,49.011038],[2.290014,49.010982],[2.290179,49.010854],[2.290447,49.010687],[2.29052,49.010623],[2.290253,49.009535],[2.29027,49.009115],[2.290258,49.009085],[2.290227,49.009037],[2.290147,49.00892],[2.290091,49.008845],[2.290042,49.008738],[2.29002,49.008589],[2.290032,49.008562],[2.290108,49.008469],[2.290364,49.008422],[2.29009,49.007755],[2.289767,49.007087],[2.289668,49.006654],[2.289688,49.006617],[2.289897,49.006581],[2.290275,49.006565],[2.290432,49.006571],[2.29054,49.006585],[2.290619,49.006601],[2.290681,49.00662],[2.29074,49.006629],[2.290787,49.006631],[2.291036,49.00659],[2.291076,49.006581],[2.291674,49.006333],[2.292052,49.006254],[2.292703,49.006143],[2.29289,49.006122],[2.29312,49.006104],[2.29336,49.006061],[2.293679,49.00601],[2.294406,49.005908],[2.294768,49.005928],[2.294846,49.005943],[2.29493,49.005963],[2.295063,49.006483],[2.295088,49.006539],[2.295119,49.006571],[2.295044,49.006585],[2.295384,49.007208],[2.295673,49.007255],[2.296227,49.007993],[2.296454,49.008301],[2.296452,49.008952],[2.297541,49.008968],[2.297539,49.008939],[2.298072,49.008359],[2.298059,49.00833],[2.297967,49.008339],[2.297968,49.00829],[2.298409,49.008209],[2.298839,49.008153],[2.298862,49.008958],[2.298886,49.009611],[2.298734,49.009637],[2.298628,49.009665],[2.298374,49.009884],[2.298155,49.010023],[2.298107,49.01004],[2.297485,49.01021],[2.297485,49.010248],[2.295341,49.010232],[2.295213,49.012056],[2.295184,49.012582],[2.296065,49.012909],[2.296154,49.01309],[2.296182,49.013227],[2.296211,49.013331],[2.296281,49.01353],[2.296287,49.013557],[2.296287,49.013763],[2.296306,49.01381],[2.296359,49.013918],[2.296569,49.014294],[2.296594,49.014368],[2.29661,49.014458],[2.296617,49.014565],[2.297002,49.014871],[2.297376,49.01515],[2.299276,49.016702],[2.299403,49.016796],[2.299522,49.01687],[2.299703,49.016955],[2.300325,49.017171],[2.300286,49.017102],[2.300178,49.01707],[2.300825,49.016685],[2.301371,49.017122],[2.303311,49.016428],[2.303398,49.016504],[2.303492,49.016607],[2.303531,49.016674],[2.303658,49.016981],[2.303704,49.017103],[2.303762,49.017332],[2.303781,49.017435],[2.303798,49.017724],[2.303783,49.017802],[2.303777,49.017808],[2.30381,49.017851],[2.30405,49.017778],[2.304654,49.017603],[2.304683,49.017598],[2.304713,49.017596],[2.304743,49.017598],[2.304772,49.017603],[2.304799,49.017611],[2.305226,49.01782],[2.305692,49.017724],[2.306825,49.017626],[2.307121,49.017563],[2.307136,49.017584],[2.307372,49.017543],[2.30757,49.017463],[2.307548,49.01743],[2.307866,49.01727],[2.307962,49.017233],[2.308268,49.017148],[2.308348,49.017131],[2.308389,49.017127],[2.30894,49.017114],[2.309093,49.017095],[2.309251,49.017071],[2.309547,49.017],[2.30971,49.016956],[2.309906,49.016883],[2.310197,49.016757],[2.310417,49.016677],[2.310506,49.016641],[2.310575,49.0166],[2.310632,49.016552],[2.31077,49.016404],[2.310835,49.016345],[2.310895,49.016304],[2.310948,49.016275],[2.311016,49.016248],[2.311083,49.016231],[2.31128,49.016212],[2.311394,49.016211],[2.311482,49.01622],[2.311778,49.01628],[2.312216,49.016379],[2.312503,49.016491],[2.312745,49.016596],[2.310073,49.017874],[2.305516,49.020091],[2.30405,49.020788],[2.304034,49.020863],[2.303961,49.021083],[2.303958,49.021071],[2.303958,49.021093],[2.303858,49.021421],[2.303823,49.021501],[2.303775,49.021573],[2.303671,49.021674],[2.303624,49.021746],[2.30361,49.021783],[2.30358,49.021831],[2.303385,49.022046],[2.303175,49.022285],[2.303161,49.022308],[2.303106,49.022364],[2.302871,49.02229],[2.302799,49.022287],[2.302748,49.02229],[2.302695,49.022301],[2.302654,49.022313],[2.302586,49.022341],[2.302373,49.022445],[2.302374,49.022551],[2.30224,49.022751],[2.302193,49.022783],[2.302074,49.022801],[2.301854,49.022886],[2.301653,49.022938],[2.301496,49.023005],[2.301431,49.023021],[2.299971,49.023206],[2.298225,49.02331],[2.29741,49.023164],[2.296664,49.023294],[2.295972,49.023584],[2.295918,49.023827],[2.296452,49.024432],[2.296508,49.02449],[2.296607,49.024581],[2.296714,49.024667],[2.29683,49.024748],[2.296954,49.024824],[2.297084,49.024895],[2.297233,49.024969],[2.297406,49.025047],[2.297586,49.02512],[2.297771,49.025186],[2.2979,49.025227],[2.298116,49.025315],[2.298263,49.025364],[2.298414,49.025406],[2.29857,49.025441],[2.298728,49.02547],[2.298922,49.025495],[2.299013,49.025503],[2.303004,49.025179],[2.303199,49.025174],[2.303348,49.025177],[2.30343,49.025182],[2.30362,49.025427],[2.304116,49.025243],[2.310813,49.025946],[2.310943,49.025972],[2.310974,49.025981],[2.311358,49.025986],[2.311544,49.025928],[2.312355,49.025696],[2.312778,49.025589],[2.313146,49.025504],[2.313695,49.025388],[2.314201,49.025297],[2.314371,49.025276],[2.314929,49.025234],[2.31605,49.025217],[2.316269,49.025207],[2.316467,49.025182],[2.316735,49.025785],[2.316847,49.026101],[2.317006,49.026896],[2.317057,49.027085],[2.317066,49.027395],[2.316055,49.02801],[2.315729,49.028317],[2.315602,49.028422],[2.31551,49.028473],[2.315342,49.028529],[2.314961,49.028647],[2.314881,49.028667],[2.31476,49.028686],[2.314515,49.028732],[2.314354,49.02877],[2.314279,49.028811],[2.314241,49.028843],[2.314212,49.028887],[2.314194,49.028908],[2.31416,49.028934],[2.314125,49.028968],[2.314086,49.029021],[2.314054,49.029149],[2.314064,49.029234],[2.314183,49.02936],[2.314423,49.02956],[2.314563,49.029984],[2.314742,49.030108],[2.314129,49.030599],[2.314,49.030678],[2.313804,49.030804],[2.31366,49.030928],[2.313505,49.031047],[2.313312,49.031156],[2.313278,49.031183],[2.312976,49.031392],[2.312604,49.031587],[2.31201,49.031982],[2.310548,49.032968],[2.31046,49.033195],[2.31049,49.033235],[2.310656,49.0335],[2.310663,49.033524],[2.310753,49.033481],[2.310978,49.034119],[2.310333,49.033687],[2.309554,49.034057],[2.310542,49.034737],[2.309281,49.035396],[2.309309,49.035435],[2.307341,49.036439],[2.307551,49.036565],[2.305798,49.037615],[2.306024,49.038146],[2.306714,49.038739],[2.306742,49.038786],[2.306747,49.03882],[2.306741,49.038855],[2.306726,49.038888],[2.306699,49.038917],[2.306663,49.038943],[2.306622,49.038964],[2.306586,49.038975],[2.306318,49.039097],[2.306278,49.039129],[2.306264,49.039148],[2.306256,49.039168],[2.306253,49.03919],[2.306255,49.039211],[2.306291,49.039263],[2.306366,49.039389],[2.306375,49.039411],[2.306378,49.039431],[2.306368,49.039469],[2.306335,49.039506],[2.306278,49.03955],[2.30619,49.039597],[2.306099,49.039637],[2.306003,49.03966],[2.305885,49.039706],[2.305406,49.040028],[2.305311,49.040064],[2.305231,49.040118],[2.30484,49.040414],[2.304833,49.040439],[2.304843,49.04046],[2.304843,49.040495],[2.304825,49.040528],[2.304809,49.040542],[2.304704,49.040606],[2.304627,49.040677],[2.304612,49.0407],[2.304573,49.040723],[2.304516,49.040771],[2.304469,49.040824],[2.304299,49.041083],[2.304201,49.041193],[2.30417,49.041219],[2.304126,49.041232],[2.304031,49.041251],[2.303984,49.04127],[2.303914,49.041313],[2.303902,49.041324],[2.303886,49.041351],[2.303884,49.041421],[2.303854,49.04158],[2.303831,49.041823],[2.303787,49.042044],[2.303369,49.042081],[2.303259,49.042081],[2.30317,49.042089],[2.303032,49.04211],[2.302763,49.042167],[2.30238,49.042161],[2.302302,49.042173],[2.302223,49.04219],[2.302325,49.042338],[2.30232,49.042344],[2.301828,49.042251],[2.30174,49.041787],[2.301756,49.041779],[2.301772,49.041759],[2.301687,49.041642],[2.301691,49.041632],[2.301685,49.041612],[2.301711,49.041547],[2.301713,49.041508],[2.301735,49.041451],[2.301735,49.041427],[2.301733,49.04139],[2.301713,49.041293],[2.301665,49.041128],[2.301649,49.04113],[2.30168,49.041233],[2.300891,49.041763],[2.300891,49.041537],[2.300233,49.041567],[2.300149,49.041572],[2.300082,49.041569],[2.299827,49.041517],[2.299667,49.041487],[2.299484,49.04146],[2.299441,49.041448],[2.299338,49.041394],[2.299058,49.041349],[2.2988,49.041273],[2.298726,49.0413],[2.298712,49.041314],[2.298701,49.041327],[2.298634,49.04145],[2.298587,49.041511],[2.298466,49.041638],[2.298421,49.041715],[2.298386,49.041742],[2.298364,49.041753],[2.298342,49.041759],[2.298229,49.041784],[2.298087,49.041808],[2.297975,49.04183],[2.297891,49.041855],[2.297618,49.041959],[2.297595,49.041973],[2.297575,49.041996],[2.297563,49.042022],[2.297562,49.042029],[2.297577,49.042095],[2.297576,49.042108],[2.297565,49.042118],[2.297547,49.042124],[2.297535,49.042124],[2.297408,49.04209],[2.297368,49.042092],[2.297334,49.042108],[2.297317,49.042129],[2.29731,49.042171],[2.297318,49.042185],[2.297313,49.042196],[2.297305,49.042202],[2.297205,49.042239],[2.297151,49.042272],[2.297113,49.042279],[2.297077,49.042274],[2.297063,49.042276],[2.297019,49.04229],[2.295889,49.041834],[2.295807,49.04185],[2.295566,49.041725],[2.294963,49.04183],[2.295396,49.041305],[2.292763,49.041073],[2.292698,49.041499],[2.292795,49.041544],[2.292982,49.041692],[2.293144,49.041851],[2.293271,49.041968],[2.293277,49.04198],[2.293243,49.041987],[2.292919,49.041677],[2.292765,49.041557],[2.292708,49.041526],[2.292197,49.041288],[2.291984,49.041204],[2.291506,49.04116],[2.291204,49.041256],[2.290663,49.041713],[2.290185,49.042161],[2.289621,49.042699],[2.289518,49.042802],[2.2894,49.042963],[2.289375,49.043036],[2.289399,49.043191],[2.289482,49.043574],[2.289504,49.043655],[2.289596,49.043901],[2.289611,49.043977],[2.289621,49.044059],[2.289643,49.044078],[2.289636,49.044188],[2.289605,49.04417],[2.289354,49.044131],[2.289224,49.044125],[2.28914,49.044131],[2.289058,49.044143],[2.288981,49.044163],[2.288907,49.04419],[2.288643,49.044307],[2.288057,49.044622],[2.286786,49.045319],[2.284718,49.046443],[2.284556,49.046683],[2.284536,49.046908],[2.28449,49.047243],[2.284508,49.047761],[2.284498,49.0479],[2.284447,49.048035],[2.284486,49.048576],[2.284737,49.049027],[2.284673,49.049074],[2.284739,49.04914],[2.284699,49.049145],[2.284682,49.049151],[2.284626,49.049182],[2.283902,49.049743],[2.283293,49.049932],[2.282439,49.049865],[2.282444,49.049799],[2.28218,49.049796],[2.282193,49.049675],[2.281401,49.049331],[2.280575,49.049315],[2.280351,49.049331],[2.280389,49.048849],[2.280315,49.048129],[2.28013,49.047914],[2.279327,49.048197],[2.278902,49.048508],[2.278809,49.048549],[2.278398,49.048885],[2.277429,49.050225],[2.277154,49.050175],[2.276455,49.051374],[2.276406,49.05136],[2.276317,49.050859],[2.276299,49.050709],[2.276377,49.050304],[2.276068,49.050248],[2.275649,49.050206],[2.275271,49.050305],[2.274834,49.050501],[2.274456,49.050869],[2.274307,49.050909],[2.274192,49.05097],[2.273974,49.05114],[2.273732,49.05129],[2.273692,49.0513],[2.273673,49.051301],[2.273516,49.051281],[2.2735,49.05128],[2.27347,49.051284],[2.273455,49.051288],[2.273427,49.051305],[2.273185,49.051411],[2.272959,49.051296],[2.272754,49.051205],[2.272593,49.051139],[2.272359,49.051004],[2.272156,49.050892],[2.271894,49.050761],[2.271578,49.050494],[2.271566,49.050459],[2.271556,49.050399],[2.271558,49.050318],[2.27145,49.050166],[2.27142,49.050119],[2.27135,49.049974],[2.27107,49.04982],[2.268705,49.049732],[2.268294,49.049738],[2.267227,49.049864],[2.266891,49.049883],[2.266844,49.049646],[2.266768,49.049498],[2.266811,49.049214],[2.266766,49.049159],[2.265513,49.049672],[2.265305,49.049762],[2.265151,49.049822],[2.264913,49.049926],[2.265166,49.050297],[2.265328,49.050551],[2.265493,49.050833],[2.265516,49.050898],[2.265539,49.051165],[2.265317,49.051501],[2.265235,49.051783],[2.265024,49.051924],[2.264888,49.052032],[2.264907,49.052427],[2.265002,49.052474],[2.265198,49.052601],[2.265191,49.052644],[2.265011,49.052796],[2.264749,49.052978],[2.264689,49.053031],[2.264554,49.053235],[2.264506,49.053289],[2.264461,49.053327],[2.264406,49.053361],[2.264366,49.05338],[2.264286,49.053425],[2.264158,49.053524],[2.264059,49.053608],[2.264023,49.053627],[2.263982,49.05364],[2.26361,49.053693],[2.263498,49.053866],[2.263379,49.054251],[2.263362,49.0543],[2.263334,49.054347],[2.26328,49.054407],[2.263234,49.054439],[2.263182,49.054463],[2.263123,49.054483],[2.263031,49.0545],[2.263005,49.054508],[2.262983,49.054518],[2.262947,49.054547],[2.262929,49.054578],[2.262881,49.05463],[2.262835,49.054688],[2.262708,49.05488],[2.262559,49.055086],[2.262319,49.055315],[2.262319,49.055337],[2.262215,49.0554],[2.2622,49.0554],[2.261967,49.055522],[2.261881,49.055447],[2.261499,49.055649],[2.261647,49.055789],[2.261631,49.055796],[2.261728,49.055903],[2.261841,49.056006],[2.261833,49.056011],[2.261568,49.056075],[2.261561,49.056061],[2.261552,49.056056],[2.261538,49.056053],[2.260959,49.056073],[2.26021,49.056084],[2.259663,49.056075],[2.25919,49.05606],[2.258965,49.056044],[2.258761,49.056018],[2.258178,49.055932],[2.257883,49.055896],[2.25721,49.055883],[2.257094,49.055874],[2.256981,49.055858],[2.256926,49.055847],[2.256832,49.055824],[2.256735,49.055795],[2.256644,49.055758],[2.256559,49.055717],[2.256481,49.055669],[2.256447,49.055645],[2.256147,49.055313],[2.256104,49.055261],[2.256072,49.055205],[2.25605,49.055147],[2.256039,49.055092],[2.255899,49.055073],[2.255698,49.054966],[2.255317,49.054834],[2.255043,49.05475],[2.25468,49.054655],[2.255068,49.054234],[2.254253,49.053993],[2.253722,49.053812],[2.253545,49.054033],[2.253304,49.054194],[2.253142,49.054131],[2.253077,49.054082],[2.253033,49.054015],[2.253002,49.053935],[2.252953,49.053837],[2.252789,49.053548],[2.252683,49.053422],[2.252637,49.053334],[2.252626,49.05329],[2.252626,49.053246],[2.252638,49.053202],[2.252661,49.053161],[2.252693,49.053123],[2.252735,49.053088],[2.252814,49.053046],[2.252606,49.053052],[2.252587,49.053021],[2.252574,49.052903],[2.252552,49.052877],[2.252512,49.052857],[2.252506,49.052651],[2.251968,49.05272],[2.251959,49.052639],[2.251944,49.052643],[2.251891,49.052432],[2.251971,49.052417],[2.251795,49.051871],[2.251537,49.051884],[2.251584,49.051709],[2.251606,49.051701],[2.251605,49.051523],[2.251627,49.051429],[2.251277,49.050602],[2.251123,49.050675],[2.251014,49.050754],[2.250924,49.050849],[2.250781,49.050854],[2.250707,49.050294],[2.250643,49.050089],[2.250429,49.048902],[2.249001,49.04692],[2.24537,49.048225],[2.245195,49.048438],[2.244716,49.048722],[2.244353,49.049166],[2.243533,49.04962],[2.243481,49.049644],[2.242119,49.048579],[2.241256,49.047626],[2.241106,49.047435],[2.241075,49.047379],[2.241047,49.047316],[2.24098,49.047127],[2.240948,49.047011],[2.240875,49.04681],[2.24151,49.046069],[2.241553,49.046028],[2.241729,49.045886],[2.242453,49.045391],[2.242595,49.045318],[2.242624,49.04531],[2.242803,49.04532],[2.243441,49.045085],[2.242936,49.04454],[2.24295,49.044438],[2.242917,49.044441],[2.242877,49.044431],[2.242857,49.044414],[2.242808,49.044402],[2.242771,49.044404],[2.242742,49.044422],[2.242708,49.044425],[2.242667,49.044419],[2.242624,49.044419],[2.242592,49.044424],[2.242553,49.044437],[2.242524,49.044438],[2.242434,49.044425],[2.242396,49.044426],[2.242359,49.044436],[2.242323,49.044435],[2.242289,49.044428],[2.242234,49.044397],[2.242154,49.044398],[2.242094,49.044392],[2.242044,49.044373],[2.242007,49.044371],[2.241982,49.044377],[2.241963,49.044388],[2.24195,49.044402],[2.241946,49.044419],[2.241835,49.044497],[2.241821,49.044522],[2.241809,49.044533],[2.241767,49.044556],[2.241743,49.044563],[2.241689,49.044569],[2.241514,49.044552],[2.241454,49.044554],[2.241382,49.044563],[2.241332,49.044564],[2.241275,49.04457],[2.241225,49.044578],[2.241173,49.044597],[2.24113,49.04462],[2.241111,49.044627],[2.241076,49.044631],[2.241043,49.044639],[2.240954,49.044682],[2.240463,49.044276],[2.240251,49.044077],[2.240088,49.043669],[2.240022,49.043564],[2.239992,49.043531],[2.239903,49.043456],[2.239817,49.043397],[2.239725,49.043344],[2.239625,49.043296],[2.239519,49.043254],[2.239082,49.043117],[2.238614,49.042987],[2.238473,49.04309],[2.237996,49.043461],[2.237321,49.043113],[2.237121,49.043036],[2.236907,49.042979],[2.236867,49.042934],[2.236794,49.042936],[2.236698,49.042799],[2.236555,49.042814],[2.236434,49.04282],[2.236312,49.042818],[2.236192,49.042808],[2.236073,49.042792],[2.235995,49.042774],[2.235893,49.042685],[2.235406,49.041912],[2.235268,49.041898],[2.235164,49.041896],[2.23506,49.041901],[2.234918,49.041921],[2.234848,49.041912],[2.234316,49.041616],[2.23396,49.04146],[2.233769,49.041527],[2.233796,49.041562],[2.231469,49.042342],[2.231461,49.042404],[2.230874,49.042784],[2.230847,49.042768],[2.230829,49.04275],[2.230758,49.04257],[2.230727,49.042462],[2.23074,49.042316],[2.230764,49.042273],[2.2309,49.042195],[2.231018,49.042136],[2.23111,49.042097],[2.231239,49.042049],[2.231238,49.04201],[2.231254,49.041972],[2.230995,49.041439],[2.229027,49.041822],[2.228776,49.041271],[2.229292,49.041234],[2.231311,49.04108],[2.231468,49.040901],[2.231643,49.04071],[2.231563,49.040609],[2.231109,49.040645],[2.231298,49.039475],[2.230988,49.039499],[2.229561,49.038781],[2.229688,49.038622],[2.229525,49.038455],[2.227629,49.039242],[2.226981,49.038829],[2.226596,49.0384],[2.226353,49.038059],[2.226229,49.037811],[2.226212,49.037761],[2.227015,49.037492],[2.226872,49.037031],[2.22615,49.03721],[2.226149,49.036965],[2.226112,49.036667]],[[2.264131,49.028654],[2.263895,49.028801],[2.264295,49.029006],[2.265355,49.028405],[2.26553,49.02846],[2.265821,49.028425],[2.265739,49.028247],[2.265643,49.028069],[2.265268,49.027898],[2.265028,49.027972],[2.264843,49.028114],[2.264826,49.028221],[2.264131,49.028654]]]]}},
{"type":"Feature","properties":{"nature":"Autre forêt publique","toponyme":"Forêt du Bois de Saint-Witz","statut_du_toponyme":"Collecté","importance":"5","date_modification":"2021-10-19T12:34:32.388Z","sources":"ONF 2021"},"geometry":{"type":"MultiPolygon","coordinates":[[[[2.56912,49.082518],[2.568627,49.082305],[2.568935,49.082068],[2.56914,49.081913],[2.569308,49.081733],[2.569367,49.081634],[2.569387,49.081577],[2.56938,49.081142],[2.569352,49.080818],[2.569286,49.080388],[2.56927,49.080319],[2.569091,49.079805],[2.568989,49.079537],[2.569506,49.079402],[2.569562,49.080278],[2.569646,49.081483],[2.569647,49.08156],[2.569592,49.081822],[2.569569,49.08191],[2.569517,49.082077],[2.569493,49.082119],[2.569421,49.082225],[2.569389,49.08226],[2.56912,49.082518]]],[[[2.569528,49.082692],[2.569145,49.082526],[2.569458,49.082218],[2.569507,49.082151],[2.56955,49.082086],[2.569613,49.081839],[2.569679,49.081562],[2.569669,49.081393],[2.569624,49.080769],[2.569536,49.079464],[2.569908,49.080272],[2.569975,49.080465],[2.570139,49.08116],[2.570212,49.081427],[2.570222,49.081557],[2.570232,49.081645],[2.570214,49.081758],[2.570149,49.081892],[2.570083,49.082039],[2.569996,49.082208],[2.569908,49.082323],[2.569792,49.082451],[2.569652,49.082589],[2.569538,49.082675],[2.569528,49.082692]]]]}},
{"type":"Feature","properties":{"nature":"Autre forêt publique","toponyme":"Forêt du Bois de Villeron","statut_du_toponyme":"Collecté","importance":"5","date_modification":"2021-10-19T12:34:32.388Z","sources":"ONF 2021"},"geometry":{"type":"MultiPolygon","coordinates":[[[[2.543522,49.059716],[2.543274,49.059504],[2.543338,49.059418],[2.543346,49.058909],[2.54388,49.058911],[2.543627,49.059472],[2.543522,49.059716]]],[[[2.545174,49.058196],[2.545522,49.058143],[2.545155,49.057173],[2.544842,49.057206],[2.54465,49.057223],[2.544424,49.057249],[2.544397,49.057162],[2.544198,49.056467],[2.544172,49.056281],[2.544099,49.056195],[2.54412,49.056066],[2.544099,49.056024],[2.544074,49.055954],[2.544786,49.055898],[2.544631,49.055016],[2.543967,49.05477],[2.544098,49.054611],[2.54374,49.054479],[2.543811,49.054388],[2.545219,49.053489],[2.545391,49.053502],[2.545449,49.053192],[2.545272,49.053178],[2.545399,49.052495],[2.546555,49.052566],[2.546602,49.052703],[2.546568,49.052713],[2.546516,49.052741],[2.54648,49.052763],[2.546467,49.052774],[2.546411,49.052834],[2.546368,49.052906],[2.546343,49.052969],[2.546327,49.053009],[2.546309,49.053092],[2.546315,49.053165],[2.546332,49.05326],[2.546387,49.053481],[2.546392,49.053581],[2.546382,49.053739],[2.546332,49.053877],[2.546256,49.054008],[2.546198,49.054149],[2.546192,49.054216],[2.546192,49.054288],[2.546232,49.054405],[2.546285,49.054496],[2.546349,49.054559],[2.54633,49.054586],[2.546407,49.054658],[2.546486,49.05466],[2.546516,49.054704],[2.546547,49.054765],[2.546605,49.054891],[2.546707,49.055085],[2.546788,49.055205],[2.546879,49.055323],[2.546901,49.05534],[2.546905,49.055435],[2.546927,49.055447],[2.547016,49.05562],[2.547104,49.055867],[2.547132,49.055934],[2.547183,49.056026],[2.54759,49.056639],[2.547637,49.056713],[2.547779,49.056951],[2.54785,49.057045],[2.547887,49.057102],[2.547869,49.057122],[2.547894,49.057155],[2.547975,49.057178],[2.54803,49.057248],[2.548165,49.057336],[2.548254,49.057381],[2.548346,49.057421],[2.548457,49.057478],[2.548687,49.057579],[2.548698,49.057589],[2.548711,49.057622],[2.548758,49.05762],[2.548774,49.057623],[2.548793,49.057633],[2.548861,49.057676],[2.548921,49.057722],[2.548985,49.0578],[2.549017,49.057833],[2.549051,49.057879],[2.549678,49.058035],[2.549934,49.05832],[2.550191,49.058764],[2.550246,49.0589],[2.550347,49.059138],[2.550518,49.059566],[2.550743,49.060264],[2.550408,49.06028],[2.549792,49.060341],[2.549004,49.060469],[2.54824,49.060469],[2.546198,49.060481],[2.545201,49.060479],[2.544935,49.060469],[2.544672,49.060452],[2.544601,49.060439],[2.544562,49.060434],[2.54453,49.060426],[2.54447,49.060412],[2.544379,49.060381],[2.544325,49.060359],[2.544248,49.060319],[2.544199,49.060292],[2.544139,49.060254],[2.544112,49.060232],[2.543779,49.059937],[2.543627,49.059804],[2.544074,49.058779],[2.544897,49.058726],[2.544827,49.058217],[2.545174,49.058196]],[[2.546328,49.057924],[2.546276,49.057935],[2.546289,49.057961],[2.54634,49.057952],[2.546328,49.057924]]]]}},
{"type":"Feature","properties":{"nature":"Autre forêt publique","toponyme":"Forêt Départementale de Grouchy","statut_du_toponyme":"Collecté","importance":"5","date_modification":"2021-10-19T12:34:32.388Z","sources":"ONF 2021"},"geometry":{"type":"MultiPolygon","coordinates":[[[[2.050249,49.064829],[2.050242,49.064783],[2.050784,49.064745],[2.0512,49.064776],[2.051462,49.064726],[2.051892,49.064648],[2.05201,49.06453],[2.052577,49.064386],[2.053773,49.064297],[2.054824,49.06421],[2.055451,49.064129],[2.055741,49.06406],[2.056063,49.063949],[2.056376,49.063845],[2.056448,49.063929],[2.056861,49.063775],[2.057527,49.063643],[2.057855,49.06371],[2.057791,49.063796],[2.057756,49.063855],[2.057694,49.063977],[2.05765,49.064043],[2.057593,49.064094],[2.057544,49.064152],[2.057516,49.064214],[2.057519,49.064326],[2.056919,49.064378],[2.056561,49.064415],[2.055917,49.064505],[2.055085,49.064599],[2.054249,49.064678],[2.053899,49.064716],[2.05356,49.064758],[2.052481,49.064882],[2.052163,49.064927],[2.052051,49.064937],[2.051906,49.064932],[2.051751,49.064942],[2.051432,49.064927],[2.051196,49.064948],[2.051055,49.064954],[2.050988,49.064943],[2.050856,49.064908],[2.050668,49.064869],[2.0505,49.064848],[2.050249,49.064829]]],[[[2.050614,49.067108],[2.050404,49.065831],[2.050314,49.065284],[2.050292,49.06514],[2.050373,49.065126],[2.050583,49.06511],[2.050976,49.06509],[2.051666,49.065019],[2.051985,49.065014],[2.052423,49.064951],[2.052901,49.064898],[2.053443,49.064844],[2.053876,49.064794],[2.054513,49.064731],[2.05501,49.064677],[2.055681,49.064612],[2.056561,49.064497],[2.056979,49.064458],[2.057667,49.064387],[2.05785,49.064352],[2.057909,49.064334],[2.05794,49.064305],[2.057957,49.064265],[2.057969,49.064031],[2.057987,49.063903],[2.058014,49.063834],[2.058046,49.06379],[2.058116,49.063724],[2.058179,49.063676],[2.058294,49.063606],[2.058473,49.063511],[2.058532,49.063489],[2.058576,49.06348],[2.058685,49.063469],[2.058877,49.063476],[2.059039,49.063494],[2.059165,49.063525],[2.059261,49.063568],[2.059346,49.063619],[2.059682,49.063877],[2.059796,49.06398],[2.059835,49.064004],[2.059882,49.064019],[2.05996,49.064022],[2.060114,49.064015],[2.060322,49.063997],[2.060404,49.064003],[2.060566,49.064045],[2.060681,49.064064],[2.060763,49.064067],[2.060834,49.06406],[2.061186,49.063995],[2.061871,49.063936],[2.062048,49.063912],[2.062354,49.063863],[2.062431,49.063854],[2.062548,49.063851],[2.062594,49.063837],[2.062633,49.063856],[2.062495,49.063935],[2.062427,49.063976],[2.062324,49.064051],[2.0622,49.064118],[2.062088,49.064165],[2.061993,49.064197],[2.061897,49.064219],[2.061734,49.064241],[2.061548,49.064249],[2.061501,49.064251],[2.06104,49.064261],[2.060941,49.064269],[2.060864,49.064278],[2.060787,49.064299],[2.060765,49.064315],[2.060743,49.064339],[2.060757,49.064379],[2.060753,49.064431],[2.060714,49.064513],[2.060686,49.064614],[2.060661,49.064677],[2.060613,49.064729],[2.060557,49.064758],[2.059959,49.06492],[2.059738,49.064984],[2.059395,49.0651],[2.059297,49.065147],[2.059229,49.065203],[2.059102,49.065336],[2.059,49.065418],[2.05891,49.065477],[2.058811,49.065533],[2.058667,49.065591],[2.058555,49.065623],[2.058456,49.06564],[2.058435,49.065644],[2.058341,49.065652],[2.058175,49.065651],[2.05791,49.065632],[2.057809,49.065635],[2.057677,49.065652],[2.057519,49.065686],[2.05741,49.065718],[2.057379,49.065727],[2.057275,49.065766],[2.057057,49.065872],[2.056721,49.066054],[2.056594,49.066136],[2.056477,49.066222],[2.056628,49.06704],[2.056639,49.0671],[2.056639,49.067188],[2.056609,49.067246],[2.05591,49.067252],[2.055477,49.067253],[2.055013,49.067256],[2.054562,49.067257],[2.054492,49.067256],[2.054195,49.067258],[2.053701,49.067257],[2.053041,49.067251],[2.052745,49.067249],[2.052605,49.067247],[2.052539,49.067245],[2.052029,49.067241],[2.052018,49.067221],[2.051624,49.067222],[2.051177,49.067218],[2.050742,49.067219],[2.050641,49.067161],[2.050614,49.067108]]],[[[2.057566,49.064329],[2.057551,49.064284],[2.057558,49.064209],[2.057586,49.064157],[2.057695,49.064038],[2.057779,49.063887],[2.05782,49.063808],[2.057879,49.063737],[2.05789,49.063717],[2.058186,49.063563],[2.058046,49.06366],[2.057973,49.063723],[2.057927,49.063781],[2.05789,49.063856],[2.057871,49.063934],[2.05788,49.064044],[2.057881,49.064147],[2.057868,49.064226],[2.057847,49.064267],[2.057808,49.064292],[2.057736,49.064312],[2.057566,49.064329]]],[[[2.062349,49.063753],[2.062374,49.063751],[2.062348,49.063657],[2.062349,49.063595],[2.062348,49.063533],[2.062202,49.063323],[2.062195,49.063277],[2.062177,49.063213],[2.062157,49.063184],[2.062118,49.063149],[2.062067,49.063091],[2.061955,49.0629],[2.061981,49.062891],[2.062213,49.062901],[2.062402,49.062885],[2.062731,49.062837],[2.062826,49.062824],[2.062909,49.062906],[2.062913,49.062916],[2.062886,49.062977],[2.062896,49.063011],[2.06296,49.063045],[2.06289,49.063183],[2.062746,49.063444],[2.062615,49.063623],[2.062553,49.063722],[2.062519,49.063762],[2.062476,49.063783],[2.062359,49.063796],[2.061871,49.063864],[2.061162,49.063928],[2.060793,49.06399],[2.060707,49.063996],[2.060588,49.063993],[2.060399,49.06393],[2.060338,49.063925],[2.060092,49.063958],[2.059948,49.063963],[2.059916,49.06396],[2.059869,49.063936],[2.059776,49.06386],[2.059494,49.063647],[2.05935,49.063551],[2.059257,49.0635],[2.059156,49.063457],[2.059065,49.063432],[2.058952,49.063413],[2.058834,49.063404],[2.058702,49.063407],[2.05884,49.063383],[2.059441,49.063289],[2.06036,49.063047],[2.060657,49.06296],[2.061036,49.062966],[2.061088,49.062958],[2.061209,49.062909],[2.06134,49.06287],[2.06147,49.062848],[2.06149,49.062846],[2.061576,49.062841],[2.061643,49.062846],[2.061875,49.062882],[2.061906,49.062892],[2.061929,49.062909],[2.061969,49.062981],[2.062043,49.063107],[2.062123,49.063187],[2.062146,49.063224],[2.062167,49.063316],[2.06218,49.063344],[2.062299,49.063502],[2.062319,49.063546],[2.062321,49.063656],[2.062349,49.063753]]]]}},
{"type":"Feature","properties":{"nature":"Autre forêt publique","toponyme":"Forêt Départementale de la Tour du Lay","statut_du_toponyme":"Collecté","importance":"5","date_modification":"2021-10-19T12:34:32.388Z","sources":"ONF 2021"},"geometry":{"type":"MultiPolygon","coordinates":[[[[2.200814,49.145607],[2.20024,49.14609],[2.199647,49.146588],[2.199717,49.146596],[2.199502,49.146846],[2.199585,49.146862],[2.19924,49.147188],[2.198886,49.147657],[2.198763,49.147826],[2.198776,49.147827],[2.198703,49.148249],[2.198761,49.148591],[2.198913,49.149324],[2.199113,49.149917],[2.199112,49.150611],[2.199005,49.150611],[2.199008,49.150675],[2.199039,49.151359],[2.199134,49.15136],[2.199145,49.151492],[2.199097,49.151508],[2.199109,49.151991],[2.19931,49.152007],[2.199358,49.152194],[2.19912,49.15217],[2.199107,49.152249],[2.199284,49.152725],[2.199639,49.153223],[2.199878,49.153224],[2.199902,49.153286],[2.199686,49.153278],[2.199746,49.153387],[2.199711,49.153442],[2.199828,49.153496],[2.199983,49.153496],[2.200126,49.153512],[2.200481,49.153825],[2.200588,49.154083],[2.200517,49.154099],[2.194141,49.151642],[2.19177,49.150734],[2.191743,49.150723],[2.191729,49.150726],[2.191731,49.150727],[2.191647,49.150755],[2.190267,49.151224],[2.190053,49.151271],[2.189662,49.151106],[2.189962,49.149867],[2.189903,49.149587],[2.18969,49.149383],[2.189441,49.149382],[2.189369,49.149204],[2.189216,49.149204],[2.18898,49.148423],[2.188948,49.148338],[2.188904,49.148221],[2.188731,49.147939],[2.188637,49.147814],[2.188235,49.147354],[2.187749,49.146754],[2.187725,49.146628],[2.18781,49.146177],[2.187742,49.145319],[2.188099,49.144828],[2.187578,49.144578],[2.187508,49.14425],[2.187519,49.144227],[2.187509,49.144149],[2.187508,49.144148],[2.187499,49.144132],[2.187484,49.144125],[2.18746,49.144079],[2.187592,49.143875],[2.187758,49.143689],[2.187984,49.143495],[2.188116,49.143401],[2.188378,49.143292],[2.188509,49.143151],[2.188818,49.142809],[2.189082,49.142552],[2.189748,49.142117],[2.189771,49.142112],[2.189759,49.142109],[2.189999,49.14193],[2.190485,49.142219],[2.193117,49.13979],[2.193985,49.139557],[2.194353,49.139854],[2.194936,49.13973],[2.194288,49.141639],[2.19525,49.141656],[2.195358,49.141399],[2.196273,49.141602],[2.196058,49.142077],[2.19588,49.142077],[2.195555,49.143184],[2.195546,49.143183],[2.195544,49.143186],[2.197574,49.143561],[2.197587,49.14353],[2.199238,49.143828],[2.199823,49.142994],[2.200262,49.143081],[2.200725,49.143081],[2.202815,49.143872],[2.202339,49.144385],[2.202646,49.144737],[2.202016,49.144985],[2.200742,49.145545],[2.200755,49.145576],[2.200814,49.145607]]],[[[2.203881,49.168871],[2.203932,49.168764],[2.203932,49.168626],[2.204204,49.168573],[2.204727,49.168507],[2.20493,49.168454],[2.205565,49.168258],[2.205736,49.168184],[2.206109,49.168054],[2.206936,49.16779],[2.207007,49.167749],[2.20734,49.167592],[2.207493,49.167536],[2.209998,49.170187],[2.209921,49.170349],[2.209894,49.1705],[2.208653,49.170905],[2.208893,49.171193],[2.208583,49.171398],[2.208519,49.171349],[2.208119,49.171563],[2.207648,49.171254],[2.206908,49.170999],[2.206667,49.170862],[2.20627,49.17056],[2.205822,49.17025],[2.205143,49.169742],[2.204328,49.169259],[2.204293,49.169262],[2.204151,49.169154],[2.203881,49.168871]]],[[[2.20985,49.167151],[2.210271,49.167152],[2.210355,49.167152],[2.210969,49.167061],[2.211211,49.167121],[2.212117,49.167142],[2.21249,49.167122],[2.212872,49.167062],[2.213186,49.166984],[2.213568,49.16701],[2.213931,49.166919],[2.214484,49.166972],[2.215079,49.167006],[2.21521,49.167046],[2.215362,49.167072],[2.215431,49.167105],[2.215703,49.167199],[2.216136,49.167555],[2.215974,49.167966],[2.215821,49.168241],[2.216244,49.168395],[2.216537,49.168448],[2.216526,49.16851],[2.215688,49.168342],[2.215338,49.169034],[2.215101,49.169349],[2.214856,49.169663],[2.214515,49.170035],[2.214355,49.170154],[2.214359,49.170158],[2.213864,49.170084],[2.213727,49.170141],[2.213414,49.170371],[2.213676,49.170453],[2.214347,49.17059],[2.214486,49.170632],[2.215091,49.170759],[2.21497,49.170778],[2.214748,49.170758],[2.214475,49.170724],[2.21355,49.170553],[2.212804,49.170478],[2.212581,49.170485],[2.211332,49.170589],[2.210889,49.170595],[2.210628,49.170542],[2.210379,49.170415],[2.210374,49.170405],[2.207618,49.167477],[2.207623,49.167473],[2.208116,49.167408],[2.208589,49.16731],[2.209537,49.167178],[2.20985,49.167151]]],[[[2.199519,49.152424],[2.199508,49.152228],[2.199504,49.152189],[2.199436,49.152199],[2.199381,49.152046],[2.199506,49.152027],[2.199534,49.151784],[2.199658,49.151414],[2.199961,49.150927],[2.201026,49.148828],[2.201192,49.148342],[2.201331,49.147846],[2.201882,49.147423],[2.202597,49.147098],[2.201117,49.14578],[2.201378,49.145637],[2.201992,49.146311],[2.201995,49.146313],[2.202078,49.146269],[2.202269,49.146504],[2.202174,49.146558],[2.202365,49.146773],[2.202572,49.146693],[2.20286,49.146955],[2.203627,49.147954],[2.204461,49.14904],[2.205121,49.149131],[2.205272,49.149068],[2.205424,49.149042],[2.205461,49.149032],[2.205465,49.149032],[2.206591,49.149637],[2.2075,49.148853],[2.208871,49.14992],[2.208307,49.150414],[2.207619,49.150892],[2.206697,49.151395],[2.204652,49.150004],[2.204555,49.149996],[2.204541,49.149996],[2.203635,49.149841],[2.202686,49.149966],[2.202101,49.150679],[2.201072,49.151931],[2.200671,49.152515],[2.20044,49.152316],[2.200107,49.153407],[2.199955,49.1532],[2.199558,49.152604],[2.199519,49.152424]]]]}},
{"type":"Feature","properties":{"nature":"Autre forêt publique","toponyme":"Forêt Communale de Baillet-en-France","statut_du_toponyme":"Collecté","importance":"5","date_modification":"2021-10-19T12:34:32.388Z","sources":"ONF 2021"},"geometry":{"type":"MultiPolygon","coordinates":[[[[2.288379,49.062112],[2.289256,49.061476],[2.28975,49.061118],[2.294925,49.063354],[2.294576,49.063634],[2.294535,49.063668],[2.294884,49.063844],[2.294761,49.063968],[2.294794,49.064119],[2.294812,49.064197],[2.294968,49.064891],[2.295197,49.064878],[2.296535,49.064806],[2.297345,49.064405],[2.297717,49.065107],[2.298762,49.065272],[2.299014,49.065246],[2.299265,49.065217],[2.299435,49.065158],[2.299552,49.065011],[2.299593,49.065007],[2.299691,49.064999],[2.299691,49.064967],[2.299842,49.064961],[2.299944,49.065404],[2.300037,49.065711],[2.300063,49.065892],[2.300027,49.066038],[2.299994,49.066087],[2.299931,49.066167],[2.299869,49.066207],[2.299782,49.066239],[2.299634,49.066282],[2.299284,49.066357],[2.29872,49.066472],[2.298301,49.066548],[2.298186,49.066558],[2.298088,49.06656],[2.297972,49.066552],[2.297801,49.066528],[2.297619,49.066488],[2.297001,49.066287],[2.296828,49.066229],[2.296728,49.066203],[2.296641,49.066186],[2.296475,49.066175],[2.296354,49.066175],[2.29584,49.066188],[2.294937,49.066207],[2.294796,49.066217],[2.294564,49.066246],[2.294293,49.066287],[2.292128,49.066787],[2.291787,49.066867],[2.291662,49.066905],[2.288403,49.068299],[2.288162,49.068389],[2.287951,49.068424],[2.287758,49.068435],[2.287622,49.068433],[2.287593,49.068433],[2.287387,49.068415],[2.283617,49.068029],[2.283511,49.068027],[2.283363,49.068034],[2.283258,49.068048],[2.283081,49.068082],[2.282884,49.068143],[2.282799,49.068182],[2.282767,49.068183],[2.282751,49.068167],[2.282783,49.068076],[2.283032,49.06736],[2.281285,49.065737],[2.281251,49.065438],[2.281376,49.06519],[2.28188,49.064988],[2.282549,49.064387],[2.282522,49.064066],[2.282964,49.06363],[2.283042,49.063554],[2.283083,49.063534],[2.283828,49.063293],[2.284293,49.063237],[2.284386,49.063223],[2.285939,49.062574],[2.286205,49.062826],[2.286208,49.062828],[2.287416,49.062352],[2.288379,49.062112]],[[2.282073,49.065124],[2.28211,49.065163],[2.282113,49.065167],[2.282239,49.06524],[2.282372,49.065296],[2.282551,49.06534],[2.282741,49.065375],[2.282839,49.065386],[2.282976,49.065386],[2.283162,49.065366],[2.283353,49.065337],[2.283562,49.065265],[2.283703,49.065175],[2.283819,49.065053],[2.283873,49.064939],[2.283909,49.064818],[2.283909,49.06471],[2.2839,49.064669],[2.283863,49.064574],[2.283836,49.06451],[2.2838,49.064435],[2.2837,49.064353],[2.283618,49.064289],[2.283536,49.064242],[2.283448,49.064197],[2.283348,49.064172],[2.283255,49.064176],[2.283163,49.064202],[2.282966,49.064293],[2.282787,49.064379],[2.282693,49.064429],[2.282639,49.064477],[2.282555,49.064565],[2.282431,49.064671],[2.282332,49.064766],[2.2822,49.06488],[2.282119,49.064975],[2.28209,49.065021],[2.282064,49.065079],[2.282073,49.065124]]],[[[2.29498,49.063334],[2.293323,49.062611],[2.290332,49.061306],[2.291639,49.060707],[2.291164,49.060108],[2.291371,49.05996],[2.292859,49.059519],[2.294042,49.059173],[2.294343,49.059055],[2.294638,49.058904],[2.294711,49.058949],[2.294858,49.059042],[2.294752,49.059183],[2.294687,49.059321],[2.29467,49.059388],[2.294644,49.059592],[2.294639,49.059913],[2.294679,49.060134],[2.29525,49.060062],[2.295465,49.060178],[2.295651,49.060065],[2.295984,49.060564],[2.296061,49.0607],[2.296161,49.060786],[2.296334,49.061405],[2.296409,49.061391],[2.296795,49.062162],[2.296939,49.062442],[2.296845,49.062571],[2.296798,49.062553],[2.295958,49.062981],[2.29498,49.063334]]]]}},
{"type":"Feature","properties":{"nature":"Autre forêt publique","toponyme":"Forêt Communale de Gasny","statut_du_toponyme":"Collecté","importance":"5","date_modification":"2022-05-04T16:04:32.979Z","sources":"ONF 2021"},"geometry":{"type":"MultiPolygon","coordinates":[[[[1.619695,49.08874],[1.61856,49.088607],[1.618801,49.088607],[1.619571,49.088698],[1.619629,49.088708],[1.619662,49.088718],[1.619692,49.088736],[1.619695,49.08874]]],[[[1.619935,49.089064],[1.61982,49.088867],[1.619927,49.08898],[1.620043,49.089101],[1.62028,49.089302],[1.620333,49.089341],[1.620318,49.089335],[1.619935,49.089064]]],[[[1.620954,49.089612],[1.620935,49.089604],[1.621124,49.089618],[1.621237,49.089637],[1.62129,49.089651],[1.621382,49.089683],[1.621624,49.089799],[1.621716,49.089846],[1.621771,49.08988],[1.621848,49.08994],[1.622003,49.090077],[1.622039,49.09011],[1.621805,49.089945],[1.621748,49.089883],[1.621392,49.08972],[1.620954,49.089612]]],[[[1.622848,49.091043],[1.623207,49.090977],[1.623273,49.091071],[1.623327,49.091166],[1.623351,49.091234],[1.623352,49.091256],[1.623343,49.09128],[1.62332,49.091301],[1.62322,49.091354],[1.623166,49.091394],[1.623116,49.091448],[1.623099,49.091474],[1.62309,49.091497],[1.623088,49.091523],[1.623103,49.091555],[1.623178,49.091692],[1.623274,49.091856],[1.623309,49.091897],[1.623411,49.091997],[1.623446,49.09204],[1.623479,49.09213],[1.62351,49.092241],[1.623516,49.092284],[1.623511,49.092323],[1.623494,49.092347],[1.623448,49.092383],[1.623414,49.092411],[1.623391,49.092446],[1.623381,49.092485],[1.623368,49.092598],[1.623354,49.092625],[1.62333,49.092643],[1.623305,49.092654],[1.623264,49.092663],[1.623127,49.092682],[1.623012,49.092706],[1.622822,49.092754],[1.622693,49.092793],[1.622577,49.092833],[1.622557,49.092843],[1.622512,49.092774],[1.622993,49.092648],[1.623036,49.092569],[1.623224,49.092433],[1.622848,49.091043]]],[[[1.619655,49.093674],[1.619666,49.093682],[1.619566,49.093711],[1.619573,49.093699],[1.619655,49.093674]]],[[[1.619318,49.093933],[1.619353,49.093928],[1.61932,49.09395],[1.619273,49.093967],[1.619248,49.093974],[1.619226,49.093974],[1.619093,49.093955],[1.619023,49.093938],[1.618966,49.093918],[1.618842,49.093859],[1.618798,49.093847],[1.618745,49.093842],[1.618713,49.093843],[1.618682,49.093855],[1.618576,49.093951],[1.618508,49.093991],[1.618468,49.094008],[1.618421,49.094021],[1.618373,49.094027],[1.618329,49.094029],[1.618261,49.094023],[1.618006,49.093979],[1.617973,49.09398],[1.617897,49.093996],[1.617735,49.09404],[1.617558,49.094073],[1.617546,49.094072],[1.617542,49.094066],[1.617544,49.094044],[1.61757,49.09401],[1.61758,49.094019],[1.618047,49.093926],[1.618395,49.093987],[1.618635,49.093896],[1.618734,49.093793],[1.618967,49.093826],[1.619318,49.093933]]]]}},
{"type":"Feature","properties":{"nature":"Autre forêt publique","toponyme":"Forêt du Bois du Coudray","statut_du_toponyme":"Collecté","importance":"5","date_modification":"2021-10-19T12:34:32.388Z","sources":"ONF 2021"},"geometry":{"type":"MultiPolygon","coordinates":[[[[2.490586,49.06468],[2.490324,49.064123],[2.491285,49.063817],[2.491311,49.06381],[2.49137,49.064544],[2.490586,49.06468]]],[[[2.491802,49.063945],[2.491233,49.06364],[2.491467,49.062663],[2.491705,49.062208],[2.492223,49.061512],[2.492326,49.061186],[2.492271,49.059992],[2.492217,49.059389],[2.492246,49.058886],[2.492267,49.058866],[2.492288,49.058825],[2.493701,49.05843],[2.494032,49.058796],[2.493441,49.059689],[2.493379,49.059696],[2.493138,49.061935],[2.493149,49.062091],[2.493679,49.06321],[2.49175,49.063748],[2.491802,49.063945]]]]}},
{"type":"Feature","properties":{"nature":"Autre forêt publique","toponyme":"Forêt Départementale de l'Hautil","statut_du_toponyme":"Collecté","importance":"5","date_modification":"2021-10-19T12:34:32.388Z","sources":"ONF 2021"},"geometry":{"type":"MultiPolygon","coordinates":[[[[2.025074,48.999028],[2.025142,48.999085],[2.025152,48.999104],[2.025225,48.999202],[2.025319,48.999295],[2.025469,48.999411],[2.025907,48.999739],[2.025948,48.999778],[2.025979,48.99982],[2.025989,48.999862],[2.025979,48.999905],[2.025955,48.999948],[2.025835,49.000067],[2.025779,49.000134],[2.025732,49.000229],[2.025717,49.000298],[2.025731,49.000347],[2.025757,49.000377],[2.025836,49.000441],[2.026144,49.000664],[2.026318,49.000782],[2.026388,49.000821],[2.026663,49.000964],[2.026421,49.001183],[2.026035,49.001477],[2.025544,49.001825],[2.025276,49.001678],[2.025101,49.0016],[2.02461,49.001477],[2.024391,49.001435],[2.024178,49.001385],[2.024034,49.001342],[2.023926,49.001293],[2.023669,49.00124],[2.023483,49.001199],[2.023367,49.001137],[2.020686,48.999212],[2.021514,48.998969],[2.023327,48.998123],[2.023569,48.998012],[2.023574,48.998008],[2.023671,48.997963],[2.023678,48.997966],[2.025074,48.999028]]],[[[2.019391,48.999606],[2.020026,48.99941],[2.020641,48.999223],[2.023573,49.001329],[2.023143,49.001929],[2.022725,49.002288],[2.022196,49.002704],[2.021825,49.002964],[2.020996,49.003537],[2.019698,49.004342],[2.0182,49.003857],[2.018157,49.003753],[2.018091,49.003667],[2.01804,49.003624],[2.017887,49.003548],[2.017748,49.00354],[2.01729,49.003673],[2.017425,49.004049],[2.016726,49.004329],[2.016467,49.00449],[2.014993,49.004299],[2.015046,49.004159],[2.015105,49.003644],[2.015251,49.002719],[2.015325,49.002579],[2.01539,49.002469],[2.015711,49.002187],[2.016176,49.001671],[2.016298,49.001548],[2.016394,49.001493],[2.016709,49.001328],[2.016847,49.00125],[2.016954,49.001159],[2.017024,49.001069],[2.017099,49.000917],[2.017132,49.00082],[2.017144,49.000759],[2.017158,49.000563],[2.017182,49.000411],[2.017233,49.000344],[2.01728,49.0003],[2.01735,49.000245],[2.017504,49.000185],[2.017797,49.000094],[2.017618,49.000416],[2.017906,49.000807],[2.018398,49.001349],[2.018513,49.001582],[2.0186,49.001764],[2.019324,49.001728],[2.020329,49.001419],[2.020487,49.001126],[2.019391,48.999606]]],[[[2.012888,49.001754],[2.013002,49.001619],[2.013629,49.001282],[2.013735,49.001371],[2.013949,49.001318],[2.014126,49.00137],[2.014123,49.001465],[2.014336,49.001519],[2.014767,49.001509],[2.015425,49.001848],[2.01583,49.001516],[2.016051,49.001628],[2.01572,49.002017],[2.015542,49.002214],[2.015353,49.002399],[2.015315,49.002445],[2.015183,49.002686],[2.015165,49.00273],[2.015028,49.003624],[2.014972,49.004115],[2.01494,49.004228],[2.014869,49.004423],[2.014792,49.004819],[2.014778,49.005086],[2.014714,49.005662],[2.014516,49.005586],[2.014391,49.005565],[2.014244,49.005582],[2.013891,49.005699],[2.013755,49.005731],[2.013641,49.00575],[2.013553,49.005751],[2.013341,49.005718],[2.013111,49.00567],[2.012942,49.005618],[2.011615,49.004887],[2.012039,49.004568],[2.011943,49.003516],[2.012591,49.002305],[2.012806,49.001899],[2.012888,49.001754]]],[[[2.002078,49.016162],[2.002171,49.016146],[2.001338,49.015763],[2.00147,49.015579],[2.000917,49.015323],[2.001135,49.015021],[2.000282,49.014621],[2.000421,49.014467],[2.002019,49.012836],[2.002084,49.01285],[2.002125,49.012803],[2.00207,49.01278],[2.004586,49.010182],[2.004627,49.010176],[2.006366,49.010701],[2.006456,49.010441],[2.008281,49.011014],[2.008298,49.011028],[2.008414,49.010899],[2.008571,49.010638],[2.008776,49.010348],[2.008975,49.010097],[2.007052,49.009214],[2.007285,49.009294],[2.00731,49.009281],[2.00745,49.009342],[2.007699,49.009241],[2.007743,49.009189],[2.007774,49.009104],[2.007665,49.008956],[2.007592,49.008912],[2.007485,49.008778],[2.007262,49.008583],[2.007126,49.008562],[2.007473,49.008261],[2.008565,49.00728],[2.009272,49.006648],[2.009533,49.006416],[2.012275,49.006653],[2.011896,49.006917],[2.010591,49.007629],[2.011434,49.008245],[2.011472,49.008266],[2.011164,49.008544],[2.010929,49.008784],[2.010769,49.00892],[2.010647,49.009053],[2.010484,49.009254],[2.010325,49.009486],[2.010261,49.00959],[2.010229,49.009691],[2.010219,49.009705],[2.009968,49.010029],[2.00982,49.010236],[2.009534,49.01058],[2.009431,49.010745],[2.009316,49.010893],[2.009206,49.011],[2.009131,49.011066],[2.008885,49.011295],[2.008696,49.011458],[2.008482,49.011574],[2.00833,49.011669],[2.008212,49.011741],[2.008128,49.011782],[2.007981,49.011836],[2.007896,49.011873],[2.007789,49.011937],[2.007697,49.01201],[2.007648,49.01206],[2.00753,49.012247],[2.007126,49.01283],[2.007071,49.012878],[2.007027,49.012896],[2.006845,49.012961],[2.0066,49.013055],[2.006431,49.01313],[2.006211,49.013244],[2.00601,49.013366],[2.005766,49.013541],[2.005631,49.01366],[2.005434,49.013833],[2.005265,49.013986],[2.005089,49.014197],[2.004864,49.014429],[2.004798,49.014484],[2.004698,49.014531],[2.004579,49.014584],[2.004486,49.014651],[2.004388,49.014743],[2.004353,49.014813],[2.004296,49.014933],[2.004235,49.01511],[2.004212,49.01524],[2.004218,49.0155],[2.004243,49.015887],[2.004255,49.016115],[2.00425,49.016166],[2.004234,49.016224],[2.004182,49.016307],[2.004039,49.016468],[2.003936,49.016573],[2.003864,49.016632],[2.00376,49.016702],[2.003633,49.01676],[2.003248,49.0169],[2.003074,49.016954],[2.002407,49.017171],[2.002268,49.01722],[2.002205,49.017271],[2.002139,49.017386],[2.001853,49.018067],[2.001741,49.018265],[2.00078,49.018506],[1.999961,49.018322],[2.000374,49.017579],[2.000688,49.01699],[1.999273,49.016481],[1.999318,49.016401],[1.999355,49.016354],[2.000089,49.016272],[2.000731,49.016155],[2.000803,49.016144],[2.000894,49.016136],[2.001067,49.016134],[2.001348,49.016143],[2.001728,49.016162],[2.001949,49.016164],[2.002078,49.016162]]],[[[2.008682,49.011525],[2.008746,49.011474],[2.008864,49.011379],[2.009081,49.011181],[2.009364,49.010906],[2.009688,49.010459],[2.009826,49.010308],[2.009974,49.010118],[2.010228,49.009777],[2.010392,49.009524],[2.010744,49.009669],[2.009217,49.011642],[2.009546,49.011754],[2.00969,49.011815],[2.009815,49.011648],[2.009895,49.011655],[2.009984,49.011722],[2.010362,49.011313],[2.011177,49.011658],[2.011775,49.010926],[2.011958,49.010984],[2.012585,49.010266],[2.013491,49.010558],[2.011655,49.012395],[2.011441,49.012366],[2.011274,49.012544],[2.013378,49.01347],[2.013584,49.01356],[2.014423,49.012667],[2.014944,49.012924],[2.014676,49.013157],[2.015181,49.013343],[2.014545,49.013945],[2.014646,49.013988],[2.015098,49.01418],[2.01436,49.014894],[2.013861,49.015414],[2.013817,49.015426],[2.013835,49.016134],[2.013799,49.016692],[2.01382,49.017362],[2.013721,49.017463],[2.013689,49.017496],[2.01293,49.017419],[2.012235,49.017425],[2.010565,49.017748],[2.010214,49.017814],[2.009763,49.017961],[2.009613,49.018008],[2.008543,49.018174],[2.007782,49.019701],[2.005299,49.019061],[2.003925,49.019792],[2.003723,49.019784],[2.005507,49.018839],[2.005346,49.018707],[2.005265,49.018776],[2.003262,49.018658],[2.002903,49.018911],[2.001313,49.01887],[2.001355,49.018816],[2.001624,49.018512],[2.001804,49.018261],[2.001908,49.018081],[2.00202,49.017822],[2.002136,49.017524],[2.00223,49.017349],[2.002276,49.017276],[2.002344,49.017237],[2.002885,49.017061],[2.003337,49.01692],[2.0037,49.016778],[2.003881,49.016689],[2.003954,49.01663],[2.004204,49.016356],[2.004294,49.016212],[2.004315,49.016123],[2.004314,49.016036],[2.004277,49.015575],[2.004265,49.015298],[2.004271,49.01521],[2.004284,49.015138],[2.00435,49.014957],[2.004405,49.014845],[2.00449,49.014716],[2.004584,49.014637],[2.004703,49.014571],[2.004823,49.014524],[2.004939,49.014442],[2.005068,49.014312],[2.005163,49.014191],[2.0054,49.013928],[2.00574,49.013629],[2.005873,49.01353],[2.006149,49.013338],[2.006395,49.013195],[2.006599,49.013099],[2.006888,49.012995],[2.007108,49.01291],[2.007185,49.012848],[2.007268,49.012733],[2.007718,49.012058],[2.007798,49.01199],[2.007832,49.011967],[2.007902,49.011928],[2.008148,49.011823],[2.008247,49.011773],[2.008369,49.011702],[2.008474,49.011632],[2.008576,49.011573],[2.008682,49.011525]]],[[[1.998984,49.01894],[1.998716,49.018924],[1.999129,49.018197],[1.999931,49.018385],[2.000611,49.018546],[2.000343,49.018616],[1.999717,49.018766],[1.998984,49.01894]]],[[[1.999523,49.019976],[1.999523,49.01947],[2.000142,49.019491],[2.000707,49.019846],[2.000702,49.019862],[1.999928,49.019904],[1.999523,49.019976]]],[[[2.000094,49.019366],[1.999281,49.019022],[1.999295,49.018946],[2.000637,49.018621],[2.001665,49.018364],[2.001539,49.01853],[2.001442,49.018645],[2.001268,49.018828],[2.001231,49.018881],[2.00092,49.019824],[2.000844,49.019826],[2.000094,49.019366]]],[[[2.011082,49.006471],[2.009629,49.006339],[2.00972,49.00627],[2.011579,49.004912],[2.01286,49.005626],[2.012225,49.005732],[2.011952,49.005794],[2.011778,49.005859],[2.011713,49.005904],[2.011684,49.005926],[2.01161,49.006012],[2.011468,49.006291],[2.01142,49.006366],[2.011367,49.00642],[2.011324,49.00645],[2.011275,49.006469],[2.011247,49.006485],[2.011191,49.00648],[2.011208,49.006411],[2.011101,49.0064],[2.011082,49.006471]]],[[[2.023332,49.002558],[2.022777,49.002324],[2.023158,49.001989],[2.023215,49.001932],[2.023391,49.001692],[2.023593,49.001422],[2.02364,49.001372],[2.023704,49.001341],[2.023739,49.001335],[2.0238,49.001348],[2.024195,49.001451],[2.024507,49.001504],[2.024786,49.001576],[2.023887,49.00254],[2.023681,49.002456],[2.023669,49.002466],[2.023481,49.002395],[2.023332,49.002558]]]]}},
{"type":"Feature","properties":{"nature":"Autre forêt publique","toponyme":"Forêt Communale d'Arronville","statut_du_toponyme":"Collecté","importance":"5","date_modification":"2022-11-04T10:21:35.694Z","sources":"ONF 2021"},"geometry":{"type":"MultiPolygon","coordinates":[[[[2.10204,49.190442],[2.102024,49.19044],[2.097702,49.189164],[2.099445,49.188367],[2.099114,49.18804],[2.098986,49.187891],[2.099003,49.187588],[2.099072,49.187074],[2.099158,49.187037],[2.09925,49.18707],[2.10034,49.186329],[2.101524,49.186962],[2.101546,49.186918],[2.101568,49.186882],[2.101593,49.186854],[2.101626,49.186831],[2.101694,49.186805],[2.101736,49.18677],[2.101833,49.186662],[2.101878,49.18664],[2.101901,49.186624],[2.102013,49.186595],[2.102044,49.186494],[2.102092,49.18637],[2.102143,49.186306],[2.102198,49.186212],[2.102216,49.186139],[2.10233,49.186006],[2.102342,49.185964],[2.102332,49.18583],[2.102425,49.185696],[2.104138,49.185622],[2.104149,49.186282],[2.10416,49.186628],[2.104175,49.186748],[2.104251,49.187124],[2.104507,49.188238],[2.106113,49.187852],[2.106312,49.18799],[2.106591,49.188111],[2.107071,49.188327],[2.107453,49.188556],[2.107572,49.18866],[2.107871,49.188916],[2.108317,49.18925],[2.10893,49.18979],[2.108945,49.189798],[2.108965,49.190182],[2.108967,49.190375],[2.108997,49.190596],[2.109006,49.190639],[2.109016,49.190713],[2.108447,49.190435],[2.108125,49.190344],[2.107679,49.190202],[2.106658,49.190005],[2.105626,49.189615],[2.10357,49.188884],[2.102937,49.189054],[2.10204,49.190442]]],[[[2.109058,49.190189],[2.109036,49.189849],[2.109126,49.1899],[2.109409,49.190118],[2.109536,49.190541],[2.109465,49.190598],[2.109483,49.190754],[2.109147,49.190884],[2.10911,49.190648],[2.109088,49.190512],[2.109058,49.190189]]]]}},
{"type":"Feature","properties":{"nature":"Autre forêt publique","toponyme":"Forêt Communale de Villiers-Adam","statut_du_toponyme":"Collecté","importance":"5","date_modification":"2021-12-15T16:01:53.381Z","sources":"ONF 2021"},"geometry":{"type":"MultiPolygon","coordinates":[[[[2.252964,49.083949],[2.25324,49.083795],[2.254738,49.082961],[2.254811,49.082132],[2.255539,49.083168],[2.256201,49.084109],[2.256013,49.08421],[2.255815,49.084262],[2.255233,49.084309],[2.253136,49.084475],[2.252581,49.08452],[2.251345,49.084869],[2.251307,49.084886],[2.251009,49.085014],[2.250466,49.085216],[2.250375,49.08525],[2.248976,49.085766],[2.248415,49.085851],[2.248322,49.085863],[2.248056,49.085418],[2.248456,49.085236],[2.249118,49.085242],[2.249867,49.084958],[2.24969,49.084581],[2.24988,49.084538],[2.25067,49.084359],[2.250603,49.0842],[2.25122,49.084036],[2.25107,49.08393],[2.251167,49.08393],[2.251382,49.083915],[2.25158,49.083893],[2.251743,49.083868],[2.251733,49.083898],[2.251736,49.083899],[2.252964,49.083949]]],[[[2.240637,49.085631],[2.239288,49.085755],[2.23738,49.085933],[2.237309,49.085614],[2.23731,49.085587],[2.237345,49.085332],[2.237404,49.084941],[2.237403,49.084912],[2.237379,49.084727],[2.237355,49.084592],[2.237407,49.084269],[2.237293,49.083952],[2.237271,49.083761],[2.237219,49.08368],[2.237278,49.083684],[2.237505,49.084108],[2.237838,49.084145],[2.23777,49.084757],[2.238972,49.084839],[2.239627,49.084672],[2.239632,49.084157],[2.240101,49.084086],[2.240289,49.084073],[2.240379,49.084073],[2.240951,49.084317],[2.241175,49.084428],[2.241551,49.08462],[2.241978,49.085298],[2.24211,49.085489],[2.240637,49.085631]]],[[[2.236992,49.084864],[2.237146,49.083885],[2.237143,49.083626],[2.237154,49.083633],[2.237171,49.083681],[2.237238,49.083768],[2.237251,49.083925],[2.237356,49.084303],[2.237302,49.084554],[2.23733,49.084792],[2.237345,49.084899],[2.237344,49.084938],[2.237306,49.085264],[2.237275,49.085429],[2.237246,49.085545],[2.237257,49.085619],[2.237303,49.085854],[2.237312,49.085988],[2.237205,49.086552],[2.237107,49.086999],[2.237082,49.087053],[2.237056,49.087093],[2.237022,49.087127],[2.236975,49.087159],[2.236579,49.087325],[2.236508,49.087345],[2.236442,49.087355],[2.236321,49.087364],[2.236078,49.087367],[2.236033,49.087399],[2.236016,49.087429],[2.235984,49.08743],[2.235901,49.087395],[2.236163,49.086993],[2.236424,49.086555],[2.236718,49.085372],[2.236992,49.084864]]],[[[2.236833,49.087403],[2.236066,49.087427],[2.236082,49.087407],[2.236195,49.087402],[2.236328,49.0874],[2.236419,49.087391],[2.23652,49.087371],[2.236744,49.087285],[2.236971,49.087194],[2.237027,49.087164],[2.237078,49.087124],[2.237115,49.087076],[2.237148,49.087011],[2.237226,49.08666],[2.238828,49.087067],[2.239548,49.086823],[2.240775,49.086698],[2.241032,49.087124],[2.240918,49.087131],[2.240153,49.087184],[2.239676,49.087208],[2.238727,49.087281],[2.237571,49.087353],[2.236979,49.087393],[2.236833,49.087403]]],[[[2.238782,49.081186],[2.238345,49.081223],[2.238388,49.081151],[2.238437,49.081096],[2.238531,49.080946],[2.238503,49.080599],[2.238479,49.080369],[2.238479,49.080103],[2.2385,49.079552],[2.239067,49.08012],[2.239343,49.08107],[2.239378,49.081066],[2.239395,49.081108],[2.239019,49.081168],[2.238782,49.081186]]],[[[2.242506,49.083813],[2.242185,49.083539],[2.242264,49.083524],[2.242796,49.083934],[2.244238,49.083448],[2.244456,49.083608],[2.244327,49.083653],[2.244342,49.083745],[2.244369,49.083741],[2.244372,49.08391],[2.244327,49.083932],[2.244365,49.083961],[2.244228,49.084012],[2.244089,49.083905],[2.243929,49.083984],[2.244036,49.084075],[2.243887,49.084148],[2.243641,49.083942],[2.243456,49.084004],[2.243547,49.084083],[2.243483,49.084135],[2.243372,49.084145],[2.243314,49.084098],[2.243136,49.084167],[2.243242,49.084246],[2.243187,49.084259],[2.243134,49.084212],[2.242995,49.084253],[2.242724,49.084109],[2.242586,49.084141],[2.242542,49.084122],[2.242543,49.084102],[2.242653,49.084064],[2.242637,49.084046],[2.242597,49.084053],[2.242561,49.084022],[2.242633,49.083975],[2.2426,49.08393],[2.242654,49.08389],[2.242617,49.08386],[2.242573,49.083867],[2.242506,49.083813]]],[[[2.256382,49.082928],[2.25633,49.082859],[2.255939,49.08239],[2.254989,49.08135],[2.255086,49.08119],[2.256053,49.082273],[2.256499,49.0828],[2.257258,49.083715],[2.257238,49.083752],[2.256933,49.083855],[2.256382,49.082928]]],[[[2.241132,49.075272],[2.240951,49.074482],[2.241068,49.074611],[2.241145,49.07475],[2.24115,49.074837],[2.241293,49.075057],[2.241738,49.07539],[2.241783,49.075442],[2.241855,49.075649],[2.241795,49.076015],[2.241269,49.075918],[2.241241,49.075767],[2.241132,49.075272]]],[[[2.243034,49.083704],[2.242978,49.08365],[2.243386,49.0833],[2.243359,49.083272],[2.243503,49.083232],[2.243494,49.083216],[2.243661,49.083183],[2.243955,49.083242],[2.244205,49.083423],[2.242845,49.083887],[2.24278,49.083849],[2.242847,49.083808],[2.242881,49.08383],[2.242947,49.083795],[2.242916,49.083767],[2.243034,49.083704]]],[[[2.251096,49.0839],[2.251076,49.083883],[2.251594,49.083574],[2.251482,49.083872],[2.251284,49.083891],[2.251096,49.0839]]],[[[2.23835,49.081126],[2.238318,49.081145],[2.23838,49.080952],[2.238422,49.080865],[2.238428,49.080482],[2.238462,49.08048],[2.238486,49.080925],[2.238407,49.081069],[2.23835,49.081126]]],[[[2.23725,49.083261],[2.237131,49.083245],[2.237137,49.083219],[2.237334,49.082946],[2.237421,49.082971],[2.23725,49.083261]]],[[[2.242634,49.083767],[2.242334,49.083534],[2.242531,49.083603],[2.242572,49.083633],[2.242634,49.083767]]]]}},
{"type":"Feature","properties":{"nature":"Forêt domaniale","toponyme":"Forêt Domaniale de Carnelle","statut_du_toponyme":"Collecté","importance":"5","date_modification":"2021-10-19T12:34:32.388Z","sources":"ONF 2021"},"geometry":{"type":"MultiPolygon","coordinates":[[[[2.316788,49.120964],[2.315748,49.120503],[2.315132,49.120228],[2.314651,49.120061],[2.314359,49.119989],[2.314083,49.119938],[2.313857,49.119919],[2.313608,49.119909],[2.313313,49.119909],[2.311533,49.119988],[2.311303,49.119981],[2.311041,49.119965],[2.310868,49.119945],[2.310121,49.119867],[2.30982,49.119847],[2.309613,49.119846],[2.309259,49.119865],[2.309083,49.119897],[2.308867,49.119952],[2.308595,49.120058],[2.308454,49.120133],[2.308272,49.120243],[2.308107,49.12037],[2.307914,49.120568],[2.307838,49.12075],[2.30774,49.120947],[2.307718,49.120974],[2.307626,49.12107],[2.307514,49.121145],[2.307374,49.121226],[2.307012,49.121403],[2.306722,49.12151],[2.306107,49.1217],[2.30581,49.121814],[2.305443,49.121983],[2.305217,49.122094],[2.30499,49.122223],[2.304902,49.122288],[2.304855,49.122321],[2.304672,49.122478],[2.304594,49.122559],[2.303939,49.123371],[2.303383,49.124028],[2.303254,49.124191],[2.30318,49.124306],[2.30309,49.124459],[2.302919,49.124787],[2.302836,49.12494],[2.302774,49.125046],[2.302664,49.125162],[2.302494,49.12532],[2.302132,49.125635],[2.302049,49.12571],[2.301856,49.125202],[2.301347,49.123902],[2.301221,49.123601],[2.301019,49.123061],[2.300624,49.122049],[2.30037,49.121357],[2.300297,49.121302],[2.30003,49.120582],[2.299185,49.118282],[2.299158,49.118211],[2.299133,49.118176],[2.297969,49.11781],[2.296491,49.117342],[2.296911,49.117221],[2.297111,49.117231],[2.297584,49.117346],[2.298032,49.117233],[2.297834,49.116985],[2.297709,49.1167],[2.29771,49.116369],[2.297442,49.116041],[2.297197,49.115851],[2.296507,49.115541],[2.296458,49.115401],[2.296429,49.115324],[2.296694,49.115082],[2.296535,49.114879],[2.296236,49.114473],[2.296195,49.114223],[2.29616,49.114073],[2.296174,49.113854],[2.296338,49.113816],[2.296465,49.113783],[2.296654,49.113709],[2.296764,49.113657],[2.296836,49.113607],[2.296833,49.1136],[2.297229,49.113359],[2.297429,49.113268],[2.297482,49.113247],[2.297556,49.113226],[2.297796,49.113171],[2.297956,49.113125],[2.298075,49.11311],[2.298133,49.113199],[2.298406,49.113124],[2.298416,49.113127],[2.298959,49.112971],[2.299188,49.112979],[2.299274,49.112948],[2.299398,49.112862],[2.299917,49.112432],[2.300005,49.112371],[2.300028,49.11235],[2.300056,49.112315],[2.300283,49.112123],[2.300355,49.112075],[2.300465,49.112049],[2.30108,49.11199],[2.301153,49.111991],[2.301205,49.111966],[2.301323,49.111949],[2.301459,49.111836],[2.301778,49.111551],[2.302229,49.111129],[2.30221,49.110959],[2.302151,49.110896],[2.301852,49.11063],[2.301884,49.110602],[2.301961,49.11055],[2.302025,49.110511],[2.302174,49.110601],[2.302796,49.110219],[2.302927,49.110221],[2.30321,49.110084],[2.303643,49.109864],[2.304294,49.110016],[2.304413,49.110046],[2.305601,49.110212],[2.306062,49.11042],[2.306105,49.110285],[2.304965,49.109392],[2.304732,49.109207],[2.303894,49.108622],[2.3035,49.108362],[2.303404,49.108238],[2.303045,49.10773],[2.303925,49.107018],[2.304403,49.10641],[2.304316,49.106326],[2.304288,49.106305],[2.304244,49.106281],[2.304261,49.106267],[2.304325,49.106298],[2.304377,49.106356],[2.304421,49.106392],[2.304783,49.105935],[2.304881,49.105776],[2.305255,49.105529],[2.305402,49.105402],[2.3056,49.105247],[2.305873,49.105234],[2.307343,49.105173],[2.307677,49.105321],[2.307531,49.104252],[2.309068,49.103545],[2.309001,49.103286],[2.308809,49.102526],[2.308781,49.102502],[2.308728,49.102498],[2.308779,49.102454],[2.30875,49.102432],[2.308822,49.102418],[2.308903,49.102393],[2.309005,49.102322],[2.309233,49.102157],[2.3098,49.101771],[2.309876,49.101622],[2.310025,49.101461],[2.310164,49.101368],[2.310595,49.101187],[2.31114,49.100985],[2.311541,49.100886],[2.31164,49.100871],[2.311715,49.100863],[2.311773,49.100879],[2.312009,49.100961],[2.313253,49.101611],[2.314111,49.102041],[2.31509,49.102555],[2.315357,49.102698],[2.316242,49.103209],[2.316503,49.103366],[2.317375,49.104056],[2.318135,49.104644],[2.32009,49.105369],[2.320973,49.105704],[2.32107,49.105742],[2.321783,49.106012],[2.322753,49.106385],[2.322601,49.106569],[2.322182,49.106797],[2.321942,49.106838],[2.321685,49.106851],[2.321242,49.106763],[2.321103,49.10696],[2.320716,49.107334],[2.320221,49.107647],[2.32045,49.107982],[2.320567,49.108041],[2.320799,49.108097],[2.321107,49.10807],[2.32164,49.108227],[2.321902,49.108333],[2.322564,49.108612],[2.322648,49.108665],[2.32278,49.108733],[2.322812,49.108889],[2.32275,49.109106],[2.322594,49.109436],[2.322422,49.109674],[2.322168,49.109947],[2.322108,49.110074],[2.322131,49.110171],[2.322359,49.110304],[2.323049,49.110544],[2.323354,49.110682],[2.323117,49.110776],[2.323287,49.110911],[2.323959,49.110612],[2.324152,49.110655],[2.324406,49.110699],[2.324889,49.110636],[2.325668,49.110422],[2.325923,49.110342],[2.326108,49.110264],[2.326483,49.110071],[2.327172,49.109701],[2.327856,49.110056],[2.328647,49.109559],[2.331305,49.111078],[2.333059,49.111326],[2.334829,49.110271],[2.336292,49.110015],[2.337824,49.109741],[2.338866,49.109655],[2.340043,49.109563],[2.340697,49.109451],[2.341007,49.109485],[2.341527,49.110755],[2.338072,49.112375],[2.337306,49.112737],[2.336564,49.11308],[2.335311,49.113681],[2.335118,49.113796],[2.333702,49.115535],[2.332938,49.116507],[2.332928,49.116551],[2.332901,49.116714],[2.332912,49.116908],[2.333061,49.117769],[2.333174,49.118261],[2.333338,49.118804],[2.333546,49.119349],[2.333531,49.119447],[2.333491,49.119495],[2.333418,49.11956],[2.333184,49.119627],[2.332856,49.119681],[2.332661,49.119732],[2.332417,49.119828],[2.332031,49.120036],[2.331722,49.120166],[2.331586,49.120211],[2.331439,49.120237],[2.331179,49.120244],[2.330992,49.120248],[2.330747,49.120281],[2.33053,49.120337],[2.330203,49.12048],[2.329791,49.12063],[2.329292,49.120916],[2.328886,49.121072],[2.328518,49.121211],[2.328015,49.121349],[2.327265,49.121588],[2.326821,49.12172],[2.326457,49.121833],[2.326282,49.121882],[2.326038,49.121922],[2.325976,49.121935],[2.325519,49.122054],[2.325279,49.122132],[2.32513,49.12217],[2.324957,49.122193],[2.324711,49.122212],[2.324342,49.122229],[2.324056,49.122217],[2.323604,49.122161],[2.323365,49.122103],[2.323136,49.122064],[2.322911,49.122041],[2.322614,49.122067],[2.321873,49.122143],[2.320754,49.122266],[2.32033,49.122251],[2.319693,49.122168],[2.319526,49.122138],[2.319192,49.122039],[2.318062,49.121698],[2.317869,49.121617],[2.317722,49.12154],[2.317014,49.121081],[2.316901,49.121018],[2.316788,49.120964]]],[[[2.346154,49.112346],[2.346344,49.11254],[2.346458,49.112635],[2.346699,49.112855],[2.346987,49.113137],[2.347189,49.113022],[2.34761,49.112717],[2.347383,49.111378],[2.34648,49.111354],[2.346543,49.111209],[2.346672,49.110989],[2.346921,49.110553],[2.347005,49.110471],[2.347501,49.11],[2.347525,49.109965],[2.347541,49.109931],[2.347546,49.109899],[2.347598,49.109877],[2.347697,49.109986],[2.348327,49.110608],[2.348698,49.110968],[2.350775,49.110333],[2.351139,49.11094],[2.351295,49.111193],[2.35154,49.111603],[2.351235,49.111679],[2.351254,49.111838],[2.351272,49.11193],[2.351224,49.111959],[2.351327,49.112084],[2.351361,49.112143],[2.350935,49.112329],[2.35023,49.112627],[2.349987,49.112732],[2.349485,49.112904],[2.349442,49.112935],[2.349418,49.112981],[2.349419,49.113035],[2.349425,49.113075],[2.349443,49.113123],[2.349531,49.113268],[2.34965,49.113435],[2.349946,49.11382],[2.349945,49.1139],[2.349896,49.113932],[2.349951,49.11404],[2.349947,49.114116],[2.350115,49.11438],[2.350094,49.114408],[2.349223,49.11468],[2.349203,49.114701],[2.34919,49.114755],[2.34919,49.1148],[2.349263,49.114979],[2.349047,49.115041],[2.349348,49.115723],[2.349108,49.115806],[2.349195,49.115924],[2.349286,49.11603],[2.348482,49.116277],[2.348844,49.116808],[2.348958,49.117063],[2.349036,49.117202],[2.34913,49.117281],[2.349039,49.117433],[2.349056,49.117499],[2.349302,49.117817],[2.348944,49.117915],[2.348969,49.117951],[2.349261,49.118069],[2.349861,49.118362],[2.349984,49.118433],[2.350274,49.118658],[2.350388,49.118762],[2.350649,49.11901],[2.350722,49.119086],[2.350874,49.119306],[2.351061,49.11951],[2.351181,49.119607],[2.351515,49.119831],[2.351713,49.119942],[2.351816,49.120004],[2.352348,49.120173],[2.353192,49.120707],[2.353494,49.120871],[2.353717,49.120996],[2.354132,49.121233],[2.354414,49.121476],[2.355063,49.121947],[2.355168,49.122005],[2.355304,49.12205],[2.355361,49.122109],[2.356194,49.122734],[2.356504,49.12298],[2.356791,49.12323],[2.357537,49.123907],[2.357592,49.124014],[2.357654,49.124153],[2.357972,49.124914],[2.358502,49.125641],[2.358704,49.125926],[2.358774,49.126033],[2.357663,49.126263],[2.357432,49.126328],[2.356901,49.126487],[2.356746,49.126553],[2.355707,49.126977],[2.354901,49.127142],[2.354654,49.127169],[2.353943,49.127253],[2.353083,49.127338],[2.352941,49.127353],[2.352879,49.12735],[2.352297,49.127332],[2.35233,49.127427],[2.351117,49.127834],[2.350866,49.127913],[2.350392,49.128069],[2.349962,49.128222],[2.348909,49.128617],[2.34845,49.128852],[2.348228,49.128954],[2.348008,49.129014],[2.347649,49.129104],[2.347389,49.129135],[2.347073,49.129208],[2.346808,49.129257],[2.346694,49.129286],[2.346618,49.129293],[2.346511,49.129314],[2.346398,49.129347],[2.346254,49.129403],[2.346008,49.129515],[2.345531,49.129757],[2.344995,49.130104],[2.34472,49.130314],[2.34421,49.130651],[2.343865,49.130864],[2.34306,49.131307],[2.342929,49.131369],[2.342846,49.131371],[2.34281,49.131403],[2.342006,49.131727],[2.341762,49.131834],[2.341251,49.132031],[2.340861,49.131844],[2.3405,49.131665],[2.340354,49.131788],[2.340219,49.131748],[2.340099,49.131702],[2.339915,49.131627],[2.33966,49.131476],[2.339493,49.13136],[2.339294,49.131213],[2.339122,49.131016],[2.338793,49.130497],[2.338769,49.130369],[2.338718,49.130296],[2.338298,49.129648],[2.338269,49.129563],[2.338199,49.129383],[2.338088,49.129179],[2.33771,49.129194],[2.33725,49.129118],[2.337344,49.129613],[2.336336,49.129656],[2.335145,49.129695],[2.33438,49.129723],[2.334255,49.129731],[2.334098,49.130382],[2.332709,49.130577],[2.332685,49.130855],[2.33258,49.130874],[2.332456,49.130947],[2.331986,49.131156],[2.33194,49.131183],[2.331618,49.131347],[2.331175,49.131427],[2.33102,49.131447],[2.330882,49.13144],[2.330666,49.131404],[2.330546,49.131369],[2.330103,49.131415],[2.329909,49.131119],[2.329742,49.130905],[2.329533,49.130658],[2.329301,49.130352],[2.329211,49.130315],[2.329107,49.13035],[2.328824,49.130467],[2.328708,49.130482],[2.328559,49.130456],[2.327902,49.130308],[2.327862,49.130273],[2.327821,49.130113],[2.327649,49.129592],[2.327573,49.129555],[2.327068,49.129474],[2.326432,49.129337],[2.326187,49.12928],[2.325868,49.129925],[2.325675,49.130292],[2.325549,49.13052],[2.325268,49.130419],[2.324519,49.131253],[2.324628,49.131356],[2.324814,49.131493],[2.324231,49.13198],[2.324097,49.132046],[2.32422,49.132711],[2.324453,49.133948],[2.324786,49.134095],[2.324483,49.134623],[2.324362,49.134629],[2.32413,49.134778],[2.324003,49.134892],[2.323852,49.135011],[2.323785,49.1351],[2.323699,49.13527],[2.32354,49.135463],[2.323442,49.135653],[2.323376,49.1358],[2.323317,49.13596],[2.323302,49.136324],[2.323071,49.136335],[2.322586,49.136349],[2.322103,49.136328],[2.320623,49.136368],[2.320139,49.136438],[2.319754,49.136505],[2.318923,49.136556],[2.31846,49.136578],[2.318306,49.136607],[2.318203,49.136636],[2.318024,49.136693],[2.317898,49.136704],[2.317784,49.136708],[2.317218,49.136704],[2.317068,49.136723],[2.315841,49.137001],[2.315334,49.136759],[2.315073,49.136628],[2.313663,49.135869],[2.313756,49.134874],[2.313796,49.134477],[2.313883,49.133747],[2.313909,49.133496],[2.314003,49.132341],[2.314023,49.132142],[2.313994,49.132],[2.313931,49.131797],[2.313752,49.131251],[2.313704,49.131087],[2.313505,49.130489],[2.31326,49.129743],[2.313117,49.129332],[2.313068,49.129282],[2.312982,49.129221],[2.312881,49.129164],[2.312758,49.129111],[2.31267,49.12908],[2.312517,49.129047],[2.312092,49.128973],[2.311894,49.12896],[2.310855,49.128938],[2.309301,49.128912],[2.307254,49.128878],[2.307056,49.128868],[2.306509,49.128792],[2.305741,49.128677],[2.304833,49.128526],[2.302471,49.128156],[2.302364,49.128108],[2.30268,49.127343],[2.302812,49.127012],[2.301717,49.126832],[2.302076,49.125923],[2.302108,49.125864],[2.30217,49.125783],[2.302257,49.125692],[2.302677,49.125328],[2.302823,49.125192],[2.302939,49.125036],[2.303302,49.124415],[2.303387,49.124273],[2.303474,49.124156],[2.303649,49.123956],[2.304073,49.123449],[2.304315,49.123153],[2.30454,49.122845],[2.304811,49.122524],[2.304879,49.122454],[2.304948,49.122389],[2.305047,49.122323],[2.305064,49.122338],[2.305099,49.122319],[2.305087,49.122306],[2.305379,49.122141],[2.305797,49.121947],[2.306092,49.121821],[2.306323,49.121737],[2.306469,49.121696],[2.306795,49.121598],[2.307004,49.121517],[2.307233,49.121421],[2.307442,49.121335],[2.307577,49.121267],[2.307691,49.121197],[2.307764,49.121144],[2.30787,49.121018],[2.307882,49.120991],[2.30796,49.120828],[2.308006,49.120673],[2.308169,49.120482],[2.308238,49.120408],[2.30845,49.120257],[2.308562,49.120189],[2.308699,49.120123],[2.30896,49.120023],[2.309252,49.119958],[2.309494,49.11994],[2.309774,49.119939],[2.309969,49.119952],[2.310329,49.11998],[2.310805,49.12003],[2.311003,49.120047],[2.311144,49.120062],[2.311389,49.120075],[2.311529,49.120075],[2.311718,49.120073],[2.311895,49.120064],[2.31238,49.120045],[2.313316,49.12],[2.313587,49.120002],[2.313793,49.12001],[2.313932,49.120021],[2.31421,49.120055],[2.314495,49.120121],[2.314809,49.120216],[2.315053,49.120311],[2.315661,49.120567],[2.316103,49.120767],[2.316539,49.120957],[2.316874,49.121125],[2.317283,49.121387],[2.317656,49.121624],[2.317771,49.121683],[2.317991,49.121774],[2.31869,49.121986],[2.319582,49.122253],[2.320075,49.122333],[2.320406,49.122367],[2.320695,49.12237],[2.321191,49.122313],[2.322213,49.122205],[2.322695,49.122145],[2.322867,49.122148],[2.323119,49.122165],[2.323518,49.122242],[2.323845,49.122301],[2.324116,49.122328],[2.324617,49.122323],[2.325099,49.122278],[2.325246,49.122251],[2.325554,49.122143],[2.32599,49.122021],[2.326504,49.121908],[2.32747,49.121614],[2.32843,49.121345],[2.329045,49.121133],[2.329277,49.121033],[2.329456,49.120933],[2.329783,49.12077],[2.329948,49.120683],[2.330277,49.12056],[2.330652,49.12041],[2.330951,49.120367],[2.331328,49.120338],[2.331662,49.120297],[2.33192,49.120221],[2.332259,49.120085],[2.332547,49.119924],[2.332715,49.119841],[2.333643,49.119631],[2.33369,49.119585],[2.333693,49.119574],[2.333713,49.119483],[2.333717,49.119367],[2.333707,49.119285],[2.333516,49.118864],[2.333426,49.11862],[2.333343,49.118345],[2.333179,49.117584],[2.33311,49.117169],[2.333047,49.116619],[2.333072,49.116533],[2.334227,49.11511],[2.335296,49.113806],[2.336514,49.113223],[2.338074,49.112488],[2.340311,49.111428],[2.342065,49.110607],[2.342545,49.110379],[2.342939,49.110938],[2.343263,49.110876],[2.343189,49.110646],[2.344189,49.110364],[2.34449,49.110687],[2.344705,49.111034],[2.345061,49.111648],[2.345284,49.111706],[2.345479,49.111661],[2.345615,49.11176],[2.34597,49.11213],[2.345956,49.11214],[2.346004,49.112176],[2.346154,49.112346]]]]}},
{"type":"Feature","properties":{"nature":"Autre forêt publique","toponyme":"Forêt Départementale de l'Ile des Aubins","statut_du_toponyme":"Collecté","importance":"5","date_modification":"2021-10-19T12:34:32.388Z","sources":"ONF 2021"},"geometry":{"type":"MultiPolygon","coordinates":[[[[2.325092,49.147631],[2.32313,49.148108],[2.321938,49.148398],[2.322273,49.148054],[2.322838,49.147443],[2.322883,49.147378],[2.329978,49.146155],[2.330196,49.146114],[2.330266,49.146792],[2.329514,49.146876],[2.32917,49.146918],[2.328607,49.146998],[2.327863,49.147111],[2.327406,49.147184],[2.326553,49.147332],[2.326109,49.147412],[2.325812,49.147469],[2.325092,49.147631]]],[[[2.322417,49.149256],[2.322391,49.149064],[2.324966,49.148431],[2.325903,49.148216],[2.326969,49.148015],[2.327467,49.147923],[2.328528,49.147747],[2.329265,49.147642],[2.330351,49.147506],[2.3304,49.147879],[2.330501,49.148719],[2.330354,49.148746],[2.33015,49.148778],[2.323322,49.149953],[2.322516,49.150092],[2.322417,49.149256]],[[2.329956,49.147678],[2.329118,49.147817],[2.329367,49.148494],[2.330004,49.148386],[2.330214,49.148352],[2.330105,49.148063],[2.329956,49.147678]]],[[[2.333379,49.146388],[2.333021,49.143379],[2.333247,49.143496],[2.333543,49.143654],[2.334426,49.144116],[2.334662,49.144274],[2.335081,49.144531],[2.335417,49.14471],[2.33545,49.144734],[2.336777,49.145541],[2.33743,49.145909],[2.338349,49.146278],[2.336928,49.146365],[2.333403,49.146586],[2.332267,49.146663],[2.330388,49.146803],[2.330353,49.146505],[2.330324,49.146294],[2.333379,49.146388]]]]}},
{"type":"Feature","properties":{"nature":"Autre forêt publique","toponyme":"Forêt Départementale du Moulin de Noisement","statut_du_toponyme":"Collecté","importance":"5","date_modification":"2021-10-19T12:34:32.388Z","sources":"ONF 2021"},"geometry":{"type":"MultiPolygon","coordinates":[[[[1.923995,49.145988],[1.923984,49.145952],[1.924622,49.145704],[1.925092,49.145511],[1.926404,49.14509],[1.927326,49.144875],[1.92763,49.144828],[1.92789,49.144792],[1.928531,49.144738],[1.928648,49.144904],[1.928661,49.145378],[1.927544,49.145483],[1.926318,49.14588],[1.926315,49.145884],[1.92491,49.146194],[1.924908,49.146191],[1.92411,49.146366],[1.92401,49.146067],[1.924014,49.146066],[1.923991,49.145993],[1.923995,49.145988]]],[[[1.934511,49.148592],[1.933733,49.146156],[1.933601,49.146187],[1.933303,49.146218],[1.932962,49.146262],[1.932671,49.146344],[1.9324,49.146415],[1.932102,49.146505],[1.931441,49.146699],[1.931031,49.146833],[1.930102,49.146902],[1.929796,49.146929],[1.929526,49.146928],[1.929089,49.146885],[1.928674,49.146843],[1.928256,49.146811],[1.928263,49.146827],[1.92813,49.146866],[1.92702,49.146866],[1.925982,49.146934],[1.925421,49.146964],[1.924985,49.146997],[1.924608,49.147044],[1.923767,49.14714],[1.923709,49.147105],[1.92359,49.14704],[1.923108,49.146999],[1.922666,49.147046],[1.92182,49.147138],[1.92131,49.147257],[1.921098,49.147313],[1.920913,49.147382],[1.920806,49.147454],[1.920686,49.147558],[1.920546,49.147735],[1.9205,49.147718],[1.920513,49.147679],[1.920594,49.147562],[1.920747,49.147424],[1.920853,49.14735],[1.921151,49.147239],[1.921437,49.147171],[1.92172,49.147115],[1.922091,49.147052],[1.92252,49.146989],[1.922976,49.146947],[1.923367,49.146896],[1.923712,49.146858],[1.923889,49.14682],[1.924035,49.146777],[1.924115,49.146747],[1.924446,49.146666],[1.924836,49.146577],[1.925034,49.146534],[1.925536,49.146497],[1.926515,49.146422],[1.92764,49.146339],[1.927765,49.146318],[1.927863,49.146319],[1.927916,49.146336],[1.928115,49.146345],[1.928115,49.14634],[1.928111,49.146339],[1.928117,49.146336],[1.928151,49.146337],[1.928429,49.14636],[1.928643,49.146393],[1.928802,49.146412],[1.928982,49.146435],[1.929336,49.146445],[1.929759,49.146461],[1.930063,49.146466],[1.930347,49.146449],[1.93059,49.146409],[1.930806,49.146368],[1.931049,49.146315],[1.931284,49.146257],[1.93148,49.146194],[1.931751,49.146094],[1.932168,49.145933],[1.932585,49.145779],[1.932947,49.145639],[1.933558,49.145455],[1.933656,49.145423],[1.933933,49.145357],[1.934259,49.145289],[1.934398,49.145272],[1.934491,49.145443],[1.934544,49.145531],[1.934847,49.146046],[1.935108,49.146588],[1.935503,49.14659],[1.935544,49.146812],[1.935426,49.146812],[1.935397,49.146898],[1.935176,49.147639],[1.935179,49.14764],[1.935176,49.147645],[1.935505,49.147753],[1.935362,49.147926],[1.93527,49.148049],[1.935172,49.148244],[1.935087,49.148435],[1.935051,49.148571],[1.934987,49.14878],[1.934923,49.149007],[1.934894,49.149075],[1.934895,49.149125],[1.934921,49.149257],[1.934976,49.149371],[1.935174,49.149749],[1.935241,49.149863],[1.935308,49.150024],[1.935323,49.150081],[1.935338,49.150155],[1.935369,49.150325],[1.935398,49.150515],[1.935402,49.150588],[1.935401,49.150631],[1.935405,49.150765],[1.935423,49.150837],[1.935473,49.15094],[1.935524,49.151004],[1.935647,49.151137],[1.935744,49.151229],[1.935785,49.151307],[1.935776,49.151375],[1.935692,49.151533],[1.935524,49.151778],[1.935497,49.151778],[1.934511,49.148592]]],[[[1.935435,49.150225],[1.935479,49.150284],[1.935471,49.150225],[1.935458,49.15018],[1.935393,49.150026],[1.935039,49.149315],[1.934983,49.149168],[1.934957,49.149073],[1.935009,49.148908],[1.935066,49.148665],[1.935106,49.148528],[1.935148,49.148405],[1.93523,49.148189],[1.935345,49.148014],[1.93544,49.147879],[1.935563,49.14773],[1.935648,49.147755],[1.935594,49.147911],[1.935499,49.148108],[1.93545,49.148238],[1.935443,49.148342],[1.935455,49.148471],[1.935488,49.14866],[1.935522,49.148802],[1.93559,49.148909],[1.935644,49.149001],[1.935676,49.14906],[1.93573,49.149177],[1.935777,49.149285],[1.93584,49.149495],[1.935868,49.149574],[1.935903,49.149659],[1.935954,49.149747],[1.936005,49.14983],[1.936068,49.149923],[1.936155,49.150029],[1.936305,49.150191],[1.936386,49.150274],[1.936475,49.150374],[1.93652,49.150416],[1.936702,49.15054],[1.93688,49.15065],[1.937008,49.15075],[1.937171,49.150863],[1.936749,49.151189],[1.936637,49.15113],[1.936347,49.151082],[1.935823,49.151232],[1.935814,49.151198],[1.935772,49.151137],[1.93577,49.151203],[1.935678,49.151096],[1.935574,49.151001],[1.935512,49.150901],[1.935481,49.150817],[1.93546,49.150752],[1.935457,49.150583],[1.935442,49.150306],[1.935435,49.150225]]],[[[1.935492,49.148268],[1.935491,49.14823],[1.935511,49.148162],[1.935621,49.14794],[1.935643,49.14788],[1.935668,49.147822],[1.935675,49.147767],[1.935899,49.147823],[1.935887,49.147847],[1.935858,49.147887],[1.935796,49.147943],[1.93572,49.148026],[1.935698,49.148054],[1.93569,49.148084],[1.935698,49.148116],[1.935734,49.14817],[1.935844,49.148231],[1.935895,49.148274],[1.935908,49.148304],[1.935908,49.148384],[1.935915,49.148418],[1.935932,49.148458],[1.935951,49.148488],[1.935982,49.148519],[1.936011,49.148557],[1.936082,49.148616],[1.936157,49.148659],[1.936204,49.148695],[1.936254,49.148737],[1.936304,49.148785],[1.936336,49.148811],[1.936357,49.148865],[1.936356,49.148905],[1.936341,49.148981],[1.936323,49.149032],[1.936309,49.149058],[1.936309,49.149087],[1.936312,49.14911],[1.936323,49.149136],[1.936401,49.149198],[1.936512,49.149264],[1.936569,49.149311],[1.936636,49.14934],[1.936784,49.149409],[1.936837,49.149449],[1.936873,49.149525],[1.936891,49.149576],[1.936897,49.149619],[1.936897,49.149659],[1.93691,49.149683],[1.936936,49.149711],[1.936974,49.149772],[1.937014,49.149822],[1.937061,49.14985],[1.937146,49.149875],[1.937359,49.149944],[1.937399,49.149944],[1.937416,49.149939],[1.937489,49.149899],[1.93752,49.14989],[1.937553,49.149907],[1.937581,49.149928],[1.937602,49.149968],[1.937603,49.150015],[1.93762,49.150049],[1.93768,49.150138],[1.937726,49.150195],[1.937744,49.150226],[1.937729,49.150249],[1.937719,49.150294],[1.937723,49.150316],[1.93774,49.150328],[1.937762,49.150346],[1.93784,49.150351],[1.937898,49.150342],[1.93796,49.150316],[1.937981,49.150335],[1.938067,49.150378],[1.93799,49.150517],[1.93739,49.150946],[1.937314,49.150913],[1.93719,49.150833],[1.937075,49.150761],[1.936942,49.150673],[1.9368,49.150581],[1.936585,49.150434],[1.936496,49.150358],[1.936435,49.15029],[1.936363,49.150221],[1.936279,49.150124],[1.936107,49.149944],[1.936069,49.149885],[1.936044,49.149841],[1.935969,49.149719],[1.935923,49.149633],[1.935898,49.149576],[1.935849,49.149424],[1.935825,49.149335],[1.935793,49.149249],[1.935751,49.149148],[1.935705,49.149061],[1.935591,49.148863],[1.935549,49.148772],[1.935531,49.148723],[1.935503,49.148603],[1.935504,49.148544],[1.935483,49.148433],[1.93548,49.148324],[1.935492,49.148268]]],[[[1.93691,49.147297],[1.93682,49.147426],[1.936838,49.147459],[1.936832,49.14751],[1.936774,49.14753],[1.936773,49.147631],[1.936767,49.147714],[1.936791,49.147743],[1.936836,49.147781],[1.936842,49.147815],[1.936855,49.147856],[1.936867,49.147931],[1.936885,49.147981],[1.936922,49.148036],[1.93698,49.148036],[1.936999,49.148052],[1.937024,49.148086],[1.937056,49.148137],[1.937093,49.148178],[1.937048,49.148253],[1.937067,49.148278],[1.937067,49.148353],[1.93713,49.148383],[1.937168,49.148412],[1.9372,49.148475],[1.937223,49.148608],[1.93723,49.148675],[1.937242,49.148696],[1.937286,49.148726],[1.937375,49.148767],[1.937394,49.148784],[1.937412,49.14881],[1.93745,49.148831],[1.937476,49.148852],[1.93752,49.148876],[1.937551,49.14891],[1.937552,49.148947],[1.936614,49.149299],[1.936513,49.149219],[1.93638,49.149131],[1.936341,49.14909],[1.936342,49.149052],[1.936368,49.149014],[1.936388,49.148969],[1.936401,49.148923],[1.936401,49.148873],[1.936376,49.148806],[1.936262,49.148692],[1.936174,49.14863],[1.936035,49.14852],[1.936003,49.148471],[1.935959,49.148412],[1.935961,49.148279],[1.935751,49.148128],[1.93574,49.148082],[1.935758,49.148052],[1.935843,49.147949],[1.935964,49.147824],[1.935978,49.147778],[1.935979,49.147669],[1.935973,49.147615],[1.936004,49.147581],[1.936043,49.147381],[1.936052,49.147319],[1.936077,49.147265],[1.936407,49.147296],[1.93691,49.147297]]],[[[1.935836,49.14214],[1.935859,49.142083],[1.935859,49.142015],[1.936364,49.141606],[1.936385,49.141612],[1.936459,49.141549],[1.936738,49.141738],[1.936862,49.141768],[1.937108,49.142129],[1.937079,49.142198],[1.937068,49.142203],[1.935846,49.142184],[1.935837,49.142174],[1.935836,49.14214]]]]}},
{"type":"Feature","properties":{"nature":"Autre forêt publique","toponyme":"Forêt Communale de Santeuil","statut_du_toponyme":"Collecté","importance":"5","date_modification":"2021-10-19T12:34:32.388Z","sources":"ONF 2021"},"geometry":{"type":"MultiPolygon","coordinates":[[[[1.956033,49.119443],[1.953531,49.118306],[1.953642,49.11825],[1.953822,49.118223],[1.954252,49.118174],[1.954636,49.118139],[1.955242,49.118017],[1.95535,49.117979],[1.955496,49.117868],[1.955589,49.117763],[1.955726,49.117584],[1.955754,49.117443],[1.95579,49.117416],[1.955947,49.117328],[1.956015,49.117419],[1.956098,49.117496],[1.956191,49.117508],[1.956314,49.117506],[1.956689,49.117736],[1.957338,49.118216],[1.957581,49.118392],[1.956044,49.119422],[1.956033,49.119443]]],[[[1.956229,49.124105],[1.95544,49.123724],[1.955588,49.123661],[1.955971,49.123753],[1.956038,49.123756],[1.956183,49.123675],[1.956483,49.123914],[1.956762,49.124066],[1.957857,49.12459],[1.957645,49.124787],[1.956898,49.124525],[1.95667,49.124689],[1.955989,49.124317],[1.956229,49.124105]]],[[[1.954054,49.122555],[1.953987,49.122397],[1.954036,49.122059],[1.954048,49.121815],[1.954071,49.121473],[1.954053,49.121094],[1.954089,49.12092],[1.954195,49.120685],[1.954328,49.120577],[1.955336,49.119982],[1.955719,49.119805],[1.956087,49.119699],[1.956108,49.119668],[1.956104,49.119607],[1.956089,49.119502],[1.956086,49.119433],[1.95615,49.119386],[1.957615,49.118416],[1.95766,49.118447],[1.957964,49.118633],[1.958622,49.118818],[1.959167,49.119024],[1.959565,49.11914],[1.959828,49.119202],[1.960264,49.119263],[1.961142,49.119262],[1.962192,49.119291],[1.96282,49.119358],[1.963692,49.119536],[1.964603,49.119783],[1.965017,49.119932],[1.965353,49.120095],[1.965353,49.120177],[1.965344,49.120224],[1.965316,49.12032],[1.965249,49.120443],[1.965184,49.120541],[1.965059,49.120687],[1.964975,49.120768],[1.964931,49.120803],[1.964869,49.120817],[1.964806,49.120817],[1.964664,49.120795],[1.964542,49.120773],[1.964074,49.120707],[1.963828,49.12068],[1.963594,49.120669],[1.963293,49.120686],[1.963122,49.120707],[1.962794,49.120768],[1.959249,49.120893],[1.958738,49.120839],[1.957685,49.120588],[1.95666,49.12016],[1.956347,49.120103],[1.956326,49.120043],[1.956065,49.120019],[1.955871,49.120019],[1.955571,49.120133],[1.95538,49.120221],[1.954609,49.1206],[1.9544,49.120705],[1.954302,49.120768],[1.954246,49.121557],[1.954202,49.122141],[1.954211,49.122546],[1.954306,49.122756],[1.954445,49.122898],[1.954419,49.122917],[1.954543,49.123155],[1.954486,49.123263],[1.954435,49.123262],[1.954352,49.123122],[1.954248,49.122893],[1.954054,49.122555]]],[[[1.964264,49.120975],[1.963812,49.120894],[1.96388,49.120714],[1.96395,49.120722],[1.964326,49.12077],[1.964866,49.120862],[1.964926,49.120849],[1.964967,49.120826],[1.965036,49.120748],[1.965202,49.120575],[1.965279,49.120462],[1.965348,49.120326],[1.965396,49.120162],[1.965402,49.120092],[1.966181,49.12035],[1.965774,49.12082],[1.965628,49.121003],[1.966006,49.121278],[1.965761,49.121423],[1.965645,49.121542],[1.965515,49.121456],[1.965315,49.121404],[1.965217,49.121288],[1.965136,49.12123],[1.964928,49.121123],[1.96485,49.121094],[1.964264,49.120975]]]]}},
{"type":"Feature","properties":{"nature":"Forêt domaniale","toponyme":"Forêt Domaniale de l'Isle-Adam","statut_du_toponyme":"Collecté","importance":"5","date_modification":"2021-10-19T12:34:32.388Z","sources":"ONF 2021"},"geometry":{"type":"MultiPolygon","coordinates":[[[[2.236444,49.101926],[2.236362,49.101882],[2.236308,49.101824],[2.23619,49.101861],[2.236041,49.101743],[2.235871,49.10159],[2.235481,49.101271],[2.235106,49.100956],[2.235045,49.100955],[2.234927,49.101022],[2.234701,49.101168],[2.234592,49.101224],[2.234505,49.101239],[2.234233,49.101244],[2.234062,49.101191],[2.233732,49.101098],[2.233586,49.101053],[2.233138,49.100931],[2.232841,49.100864],[2.232548,49.100787],[2.23242,49.100747],[2.232044,49.100724],[2.231072,49.100679],[2.230785,49.100661],[2.230108,49.100606],[2.229441,49.10055],[2.228517,49.100477],[2.228345,49.100462],[2.228096,49.100447],[2.227577,49.100454],[2.227549,49.10061],[2.227528,49.10076],[2.227426,49.10076],[2.227368,49.100689],[2.227267,49.100581],[2.227117,49.100446],[2.227005,49.100359],[2.226771,49.100211],[2.226351,49.099997],[2.226116,49.099882],[2.22596,49.099791],[2.225561,49.099567],[2.22537,49.099611],[2.225287,49.099632],[2.224419,49.099807],[2.224021,49.099895],[2.223238,49.100052],[2.222761,49.100155],[2.222412,49.100222],[2.221427,49.10043],[2.221404,49.100429],[2.220345,49.100652],[2.219173,49.10089],[2.218985,49.100933],[2.21839,49.101051],[2.218349,49.101064],[2.217998,49.101135],[2.217973,49.101144],[2.217536,49.101231],[2.217495,49.100231],[2.217462,49.099164],[2.217681,49.099069],[2.217813,49.099009],[2.218643,49.098645],[2.218859,49.098548],[2.219032,49.098475],[2.220056,49.098022],[2.219969,49.097971],[2.219608,49.097729],[2.219349,49.097412],[2.218827,49.096781],[2.218639,49.096547],[2.218449,49.096346],[2.218051,49.095873],[2.217903,49.095694],[2.217541,49.095271],[2.217727,49.095208],[2.217482,49.095076],[2.217453,49.095028],[2.217405,49.095003],[2.217357,49.094965],[2.21736,49.094941],[2.216923,49.094933],[2.215799,49.094928],[2.215577,49.094598],[2.214517,49.092978],[2.214332,49.092699],[2.214378,49.092684],[2.214126,49.092294],[2.213711,49.091688],[2.213588,49.091504],[2.213318,49.091049],[2.212912,49.090484],[2.212532,49.089911],[2.212574,49.089839],[2.212663,49.089791],[2.213549,49.089617],[2.21389,49.089556],[2.213984,49.089554],[2.213997,49.08958],[2.214236,49.089541],[2.215154,49.089211],[2.216043,49.088906],[2.216692,49.08868],[2.217231,49.08861],[2.22027,49.088187],[2.220388,49.088168],[2.220344,49.08799],[2.221296,49.087665],[2.22176,49.087513],[2.221911,49.087475],[2.222251,49.087412],[2.223441,49.087205],[2.224198,49.087011],[2.224593,49.086908],[2.225163,49.086767],[2.227067,49.086548],[2.227115,49.086549],[2.228387,49.086844],[2.22852,49.08692],[2.229929,49.087735],[2.231783,49.087914],[2.232132,49.08795],[2.232733,49.088142],[2.23373,49.088454],[2.234477,49.088689],[2.234557,49.088728],[2.234674,49.088627],[2.235116,49.088232],[2.235737,49.087659],[2.235616,49.08757],[2.235715,49.087428],[2.235984,49.08743],[2.236016,49.087429],[2.236066,49.087427],[2.236833,49.087403],[2.236979,49.087393],[2.237571,49.087353],[2.238727,49.087281],[2.239676,49.087208],[2.240153,49.087184],[2.240918,49.087131],[2.241032,49.087124],[2.240775,49.086698],[2.239548,49.086823],[2.238828,49.087067],[2.237226,49.08666],[2.23738,49.085933],[2.239288,49.085755],[2.240637,49.085631],[2.24211,49.085489],[2.242458,49.085996],[2.242736,49.086648],[2.243279,49.086507],[2.243556,49.086467],[2.243959,49.086362],[2.244511,49.086315],[2.24537,49.086245],[2.245625,49.086221],[2.246477,49.086111],[2.247447,49.085982],[2.248322,49.085863],[2.248415,49.085851],[2.248976,49.085766],[2.250375,49.08525],[2.250466,49.085216],[2.251009,49.085014],[2.251307,49.084886],[2.251345,49.084869],[2.252581,49.08452],[2.253136,49.084475],[2.255233,49.084309],[2.255815,49.084262],[2.255896,49.084374],[2.255955,49.084441],[2.256268,49.084793],[2.256696,49.08541],[2.257042,49.086148],[2.25719,49.086526],[2.257247,49.086839],[2.257295,49.087142],[2.257295,49.087424],[2.257327,49.087567],[2.257359,49.087657],[2.257371,49.087975],[2.257548,49.088194],[2.257636,49.088687],[2.25766,49.088793],[2.257695,49.089309],[2.257746,49.089755],[2.25789,49.090605],[2.257935,49.090928],[2.257996,49.091227],[2.258003,49.091242],[2.258067,49.091386],[2.258669,49.093021],[2.258997,49.093542],[2.259491,49.094228],[2.259867,49.094671],[2.26025,49.095171],[2.26029,49.095223],[2.260729,49.095765],[2.260878,49.095889],[2.261286,49.096255],[2.261905,49.096797],[2.262258,49.09705],[2.262728,49.097395],[2.262951,49.097586],[2.263271,49.097831],[2.263476,49.098031],[2.263566,49.098161],[2.263544,49.098276],[2.263452,49.098466],[2.263338,49.0986],[2.263216,49.098811],[2.263124,49.099111],[2.263124,49.0993],[2.263085,49.099557],[2.262776,49.099978],[2.262727,49.100081],[2.262469,49.100098],[2.262386,49.10007],[2.260419,49.100655],[2.259486,49.10092],[2.258522,49.101187],[2.255554,49.102017],[2.254621,49.102276],[2.253644,49.102552],[2.252072,49.102998],[2.251672,49.103111],[2.249695,49.103659],[2.248995,49.103859],[2.247734,49.104215],[2.24674,49.104493],[2.245424,49.104857],[2.243778,49.105328],[2.243233,49.10548],[2.241822,49.105877],[2.240897,49.106139],[2.240839,49.106158],[2.23987,49.10643],[2.238838,49.106715],[2.237894,49.106972],[2.23692,49.107247],[2.236917,49.107244],[2.236787,49.107285],[2.235423,49.107652],[2.23525,49.107309],[2.236828,49.107149],[2.236772,49.107091],[2.236605,49.106861],[2.236465,49.10661],[2.236423,49.106555],[2.236345,49.106463],[2.236332,49.106425],[2.236308,49.106372],[2.236146,49.106117],[2.236015,49.105865],[2.235975,49.105832],[2.235789,49.10544],[2.235667,49.105175],[2.235568,49.104968],[2.235496,49.104827],[2.235484,49.104533],[2.235471,49.104349],[2.235462,49.10425],[2.235453,49.104122],[2.23546,49.104071],[2.235707,49.103971],[2.235792,49.103935],[2.236026,49.103866],[2.236299,49.103761],[2.236219,49.10367],[2.23615,49.103627],[2.235978,49.103317],[2.236266,49.103052],[2.236607,49.102896],[2.236685,49.102863],[2.236547,49.102654],[2.23651,49.102524],[2.236624,49.102485],[2.236578,49.102232],[2.23665,49.10214],[2.236444,49.101926]],[[2.249916,49.095253],[2.2499,49.095241],[2.249077,49.095643],[2.249112,49.095657],[2.250004,49.095934],[2.250056,49.09595],[2.250129,49.095307],[2.25007,49.095305],[2.25007,49.095306],[2.249994,49.095289],[2.249945,49.095271],[2.249916,49.095253]]],[[[2.2493,49.076185],[2.249059,49.076065],[2.248987,49.076029],[2.248777,49.075962],[2.248578,49.075925],[2.24823,49.075868],[2.246383,49.075606],[2.246527,49.075246],[2.246004,49.075029],[2.246098,49.075011],[2.246797,49.075087],[2.248022,49.075207],[2.248251,49.075256],[2.248295,49.075283],[2.248502,49.075426],[2.249144,49.075863],[2.249232,49.075924],[2.24978,49.076303],[2.249944,49.076433],[2.250197,49.076781],[2.25086,49.077717],[2.249707,49.076547],[2.249473,49.076321],[2.249399,49.076261],[2.2493,49.076185]]],[[[2.249861,49.076248],[2.249313,49.075861],[2.248686,49.075414],[2.248254,49.075148],[2.248016,49.075114],[2.247295,49.075049],[2.246264,49.074951],[2.245599,49.074691],[2.245213,49.074178],[2.244971,49.073925],[2.244862,49.073737],[2.245022,49.073434],[2.245366,49.073087],[2.246207,49.072218],[2.24682,49.071651],[2.246988,49.071491],[2.247332,49.071326],[2.24792,49.071089],[2.248499,49.070836],[2.248734,49.070655],[2.249053,49.070137],[2.249204,49.07006],[2.249356,49.070038],[2.249699,49.070044],[2.249867,49.070104],[2.250261,49.070276],[2.250881,49.070502],[2.251284,49.070645],[2.251602,49.07069],[2.251996,49.070717],[2.252867,49.070713],[2.253531,49.070757],[2.253899,49.07084],[2.254561,49.071039],[2.255375,49.071177],[2.255491,49.071855],[2.256187,49.072208],[2.256924,49.072435],[2.256631,49.072743],[2.256287,49.072968],[2.255673,49.073271],[2.255472,49.073695],[2.256182,49.074991],[2.256446,49.07511],[2.256354,49.075261],[2.254581,49.077495],[2.253314,49.079081],[2.251662,49.078373],[2.251521,49.078322],[2.251327,49.078183],[2.251238,49.078106],[2.250312,49.076782],[2.250036,49.076409],[2.249861,49.076248]]],[[[2.252118,49.079008],[2.251291,49.078457],[2.252156,49.078758],[2.252118,49.079008]]],[[[2.216002,49.099989],[2.215755,49.099584],[2.21673,49.099588],[2.216766,49.099592],[2.217317,49.099592],[2.217322,49.099731],[2.217327,49.100016],[2.217357,49.101015],[2.217354,49.101054],[2.217366,49.10126],[2.217375,49.101763],[2.217378,49.101808],[2.217394,49.102228],[2.217344,49.102238],[2.217245,49.102079],[2.217081,49.101797],[2.217066,49.101775],[2.216786,49.10131],[2.216142,49.100229],[2.216002,49.099989]]],[[[2.233565,49.122786],[2.233488,49.122605],[2.233018,49.121532],[2.232835,49.12111],[2.232273,49.119844],[2.232079,49.119414],[2.232105,49.119419],[2.233871,49.11985],[2.235634,49.120277],[2.236515,49.120495],[2.23915,49.121135],[2.240467,49.121454],[2.241345,49.121664],[2.242223,49.121878],[2.242661,49.121982],[2.243098,49.12209],[2.243533,49.122193],[2.244371,49.122397],[2.244826,49.122505],[2.246924,49.123012],[2.245647,49.123815],[2.245514,49.123904],[2.245298,49.124067],[2.245015,49.124275],[2.244863,49.124393],[2.244104,49.125047],[2.243743,49.125352],[2.243667,49.125399],[2.243501,49.125493],[2.243332,49.125584],[2.242895,49.125894],[2.24283,49.125937],[2.242501,49.12614],[2.242461,49.126216],[2.241879,49.127279],[2.241729,49.127551],[2.241554,49.127568],[2.24116,49.12768],[2.24036,49.127904],[2.239543,49.128142],[2.239126,49.128258],[2.238387,49.127674],[2.237764,49.127163],[2.237715,49.127127],[2.237687,49.127096],[2.236685,49.126106],[2.236176,49.1256],[2.236126,49.125555],[2.23603,49.125477],[2.23571,49.125233],[2.235232,49.125192],[2.234967,49.125267],[2.234865,49.125299],[2.234685,49.125347],[2.23468,49.125327],[2.234306,49.124471],[2.234165,49.124155],[2.234123,49.124047],[2.233565,49.122786]]],[[[2.228858,49.12445],[2.229078,49.124351],[2.229012,49.124294],[2.228663,49.123972],[2.228077,49.123434],[2.228361,49.123124],[2.228504,49.122962],[2.228841,49.122608],[2.229281,49.12213],[2.229778,49.121602],[2.230118,49.12123],[2.230671,49.120639],[2.231542,49.119693],[2.231592,49.119646],[2.231624,49.11961],[2.231693,49.119601],[2.231777,49.119581],[2.231835,49.119563],[2.231879,49.119543],[2.231901,49.119526],[2.23206,49.119893],[2.232215,49.120225],[2.232341,49.120515],[2.232601,49.121086],[2.232975,49.121922],[2.233041,49.122077],[2.233263,49.122567],[2.233394,49.122866],[2.233527,49.123155],[2.233916,49.124028],[2.233935,49.124076],[2.23406,49.124346],[2.234178,49.124609],[2.234398,49.125109],[2.234521,49.125398],[2.234273,49.125493],[2.233145,49.125919],[2.232565,49.12614],[2.232456,49.126184],[2.231604,49.126503],[2.230788,49.12593],[2.230259,49.125546],[2.229869,49.125277],[2.229545,49.125045],[2.22947,49.124994],[2.229268,49.124848],[2.228992,49.124652],[2.228898,49.124587],[2.228858,49.12445]]],[[[2.241039,49.118481],[2.241842,49.118686],[2.24229,49.118801],[2.242389,49.118825],[2.242494,49.118847],[2.243152,49.118949],[2.243513,49.119003],[2.243583,49.118999],[2.244628,49.118894],[2.245311,49.118942],[2.245742,49.118975],[2.24627,49.119018],[2.246605,49.118965],[2.246834,49.11893],[2.247238,49.118742],[2.247794,49.118642],[2.248104,49.118674],[2.248165,49.118666],[2.248156,49.118665],[2.248538,49.118575],[2.248783,49.118519],[2.24922,49.11841],[2.249631,49.118311],[2.25002,49.118207],[2.250357,49.118075],[2.250548,49.117976],[2.250691,49.117898],[2.251073,49.117724],[2.251182,49.117676],[2.251389,49.11758],[2.251557,49.117509],[2.252065,49.117334],[2.252191,49.117284],[2.252222,49.117285],[2.252354,49.117327],[2.252271,49.118003],[2.25224,49.118354],[2.252216,49.118647],[2.252214,49.119111],[2.252254,49.119945],[2.252211,49.119991],[2.251905,49.120063],[2.251703,49.120106],[2.251589,49.120139],[2.251225,49.120247],[2.250477,49.120479],[2.249256,49.120855],[2.247668,49.121342],[2.246389,49.121737],[2.244753,49.122237],[2.244514,49.122312],[2.244497,49.122317],[2.243901,49.122174],[2.243806,49.12215],[2.243174,49.122],[2.243031,49.121963],[2.241729,49.121646],[2.240863,49.121438],[2.239562,49.121124],[2.2387,49.120913],[2.238267,49.120805],[2.237138,49.120534],[2.236077,49.120273],[2.23449,49.119886],[2.23412,49.119798],[2.233995,49.119766],[2.233264,49.119586],[2.232829,49.11948],[2.232512,49.119402],[2.232211,49.119331],[2.232181,49.119321],[2.232879,49.119213],[2.234406,49.118985],[2.234608,49.118953],[2.235042,49.118871],[2.235475,49.118789],[2.236347,49.118627],[2.236484,49.118599],[2.236783,49.11857],[2.237217,49.118526],[2.23813,49.118476],[2.238915,49.118435],[2.239657,49.118399],[2.239764,49.118398],[2.24019,49.118411],[2.240761,49.118435],[2.240938,49.11846],[2.241039,49.118481]]],[[[2.254585,49.102429],[2.255707,49.10211],[2.256561,49.101868],[2.257555,49.101592],[2.258548,49.10131],[2.259538,49.101033],[2.260515,49.100754],[2.262564,49.10018],[2.264422,49.100353],[2.264383,49.100513],[2.263545,49.103462],[2.263158,49.103553],[2.262628,49.103681],[2.26224,49.103793],[2.262005,49.103867],[2.261856,49.103914],[2.261619,49.103997],[2.261311,49.104121],[2.261143,49.104193],[2.260981,49.104266],[2.26082,49.104341],[2.260517,49.104493],[2.260375,49.10457],[2.26014,49.104699],[2.260067,49.104748],[2.26004,49.104766],[2.259952,49.104813],[2.25977,49.104931],[2.259472,49.105139],[2.259433,49.105175],[2.259382,49.105207],[2.259242,49.105313],[2.259046,49.105459],[2.258924,49.105554],[2.258874,49.105605],[2.258841,49.105615],[2.258759,49.10569],[2.258536,49.10588],[2.258268,49.106131],[2.25779,49.106609],[2.257623,49.10678],[2.257488,49.106927],[2.257276,49.106796],[2.257219,49.106777],[2.257102,49.106706],[2.257049,49.106678],[2.256683,49.106661],[2.256637,49.106715],[2.256245,49.107269],[2.25624,49.107276],[2.256195,49.107406],[2.256175,49.107502],[2.256263,49.107549],[2.256403,49.10761],[2.256552,49.107664],[2.256781,49.107707],[2.256619,49.107829],[2.256442,49.107968],[2.256386,49.10808],[2.256232,49.108508],[2.256151,49.108682],[2.256133,49.10868],[2.256007,49.108615],[2.255861,49.108535],[2.25566,49.10843],[2.255346,49.10827],[2.255278,49.108239],[2.254082,49.107633],[2.25314,49.107142],[2.252147,49.106652],[2.250397,49.107263],[2.249372,49.107627],[2.249313,49.107646],[2.249238,49.107675],[2.249182,49.10769],[2.24883,49.107811],[2.248834,49.107849],[2.248831,49.107876],[2.248788,49.107915],[2.248743,49.107933],[2.248707,49.108324],[2.248683,49.108455],[2.248666,49.108701],[2.248645,49.108849],[2.248621,49.109045],[2.248579,49.109408],[2.248533,49.109836],[2.248465,49.110357],[2.248435,49.110574],[2.248439,49.110624],[2.248567,49.111063],[2.248698,49.111433],[2.248726,49.11154],[2.248879,49.11204],[2.248943,49.112253],[2.24918,49.113002],[2.249227,49.113158],[2.249274,49.113331],[2.249303,49.113388],[2.249322,49.113452],[2.249318,49.113498],[2.249305,49.113554],[2.249173,49.113792],[2.248785,49.114503],[2.248613,49.114638],[2.248726,49.114702],[2.248808,49.114661],[2.248829,49.114632],[2.24883,49.11459],[2.248837,49.11451],[2.249742,49.114134],[2.250311,49.11382],[2.250561,49.113649],[2.250756,49.113519],[2.252538,49.113429],[2.254002,49.113378],[2.253985,49.113414],[2.252942,49.113457],[2.252421,49.11348],[2.25161,49.113514],[2.251094,49.113538],[2.251098,49.114192],[2.251103,49.114478],[2.251135,49.114483],[2.251419,49.114467],[2.25347,49.114371],[2.253232,49.114825],[2.252921,49.115532],[2.252748,49.115971],[2.252651,49.116262],[2.25253,49.116673],[2.252457,49.11698],[2.252441,49.117039],[2.252283,49.117162],[2.251942,49.117266],[2.251467,49.117433],[2.251107,49.117592],[2.250962,49.117659],[2.25065,49.117798],[2.250294,49.117982],[2.250096,49.118069],[2.249977,49.118117],[2.249933,49.118132],[2.249718,49.118137],[2.249537,49.118186],[2.248255,49.118512],[2.247311,49.118621],[2.247135,49.11865],[2.246865,49.11879],[2.246687,49.118421],[2.246442,49.118884],[2.24628,49.118905],[2.246307,49.118847],[2.246183,49.118504],[2.245997,49.118001],[2.245814,49.117492],[2.245345,49.11622],[2.245232,49.115899],[2.245116,49.115885],[2.245014,49.115879],[2.244932,49.115892],[2.24451,49.11605],[2.244937,49.117332],[2.245193,49.118113],[2.245409,49.11876],[2.245441,49.118864],[2.245209,49.118851],[2.245133,49.118609],[2.244963,49.118104],[2.244581,49.116953],[2.2443,49.116116],[2.244205,49.116135],[2.24412,49.116162],[2.24403,49.116179],[2.243912,49.116197],[2.243671,49.116206],[2.243428,49.116195],[2.243171,49.116189],[2.24294,49.116195],[2.2427,49.116236],[2.242617,49.116251],[2.242786,49.116793],[2.242973,49.117373],[2.24326,49.118208],[2.243399,49.118627],[2.243496,49.118909],[2.24344,49.1189],[2.242888,49.118826],[2.24266,49.118771],[2.242383,49.118707],[2.242116,49.118662],[2.241689,49.118547],[2.241409,49.118475],[2.241261,49.118437],[2.241022,49.11838],[2.240841,49.118359],[2.240539,49.118305],[2.240323,49.118298],[2.240068,49.118292],[2.239775,49.118271],[2.239571,49.118269],[2.238801,49.118318],[2.238273,49.118349],[2.237901,49.118374],[2.237515,49.118396],[2.23687,49.118454],[2.236701,49.118473],[2.236406,49.118502],[2.234982,49.118766],[2.235188,49.118544],[2.235199,49.118529],[2.235452,49.118255],[2.235574,49.118121],[2.235668,49.118021],[2.235954,49.117704],[2.236364,49.117258],[2.236434,49.117177],[2.23653,49.117071],[2.236829,49.116747],[2.237127,49.11642],[2.237134,49.116409],[2.236925,49.116335],[2.23696,49.116238],[2.236854,49.116216],[2.236882,49.116142],[2.236925,49.116044],[2.236972,49.115913],[2.237019,49.115792],[2.23705,49.115751],[2.237076,49.115726],[2.237095,49.115712],[2.237127,49.115693],[2.237155,49.115681],[2.237207,49.115665],[2.237239,49.115659],[2.237299,49.115653],[2.237708,49.115622],[2.238386,49.115572],[2.238415,49.115568],[2.238458,49.115557],[2.23852,49.115538],[2.239721,49.115089],[2.239781,49.11506],[2.23982,49.115038],[2.239853,49.115012],[2.239894,49.114972],[2.23992,49.114929],[2.239926,49.114903],[2.239929,49.114868],[2.239928,49.114844],[2.239922,49.11481],[2.239898,49.114764],[2.239877,49.114734],[2.239851,49.11471],[2.239833,49.114695],[2.239782,49.114662],[2.239916,49.114483],[2.240081,49.114269],[2.240138,49.11419],[2.240364,49.1139],[2.240992,49.113792],[2.240989,49.113779],[2.241076,49.113662],[2.241315,49.113353],[2.241426,49.113203],[2.241517,49.113089],[2.24155,49.113049],[2.241616,49.112976],[2.242525,49.11199],[2.242689,49.111814],[2.242912,49.111568],[2.242883,49.111462],[2.242868,49.111382],[2.242839,49.111277],[2.242821,49.111191],[2.242797,49.11109],[2.242781,49.111065],[2.242623,49.110889],[2.242421,49.110668],[2.24237,49.11061],[2.242138,49.110357],[2.242124,49.110339],[2.242018,49.110225],[2.24169,49.109866],[2.241598,49.109769],[2.241581,49.109744],[2.241477,49.109635],[2.241377,49.109525],[2.241297,49.109433],[2.240842,49.108932],[2.240691,49.108769],[2.240685,49.108764],[2.24062,49.108686],[2.241082,49.10864],[2.241027,49.108481],[2.240869,49.108296],[2.240397,49.1082],[2.239941,49.108227],[2.240277,49.10875],[2.240006,49.108799],[2.239609,49.10888],[2.239233,49.108952],[2.239034,49.108494],[2.23894,49.108195],[2.238902,49.108141],[2.238783,49.108076],[2.238108,49.107797],[2.237368,49.108045],[2.237039,49.108154],[2.236113,49.108463],[2.235872,49.108545],[2.235483,49.107804],[2.237131,49.107355],[2.237132,49.107333],[2.237809,49.107139],[2.238579,49.106924],[2.238958,49.107341],[2.240062,49.107026],[2.239695,49.106605],[2.241763,49.106027],[2.243724,49.105476],[2.244693,49.1052],[2.245702,49.10492],[2.249179,49.103945],[2.249669,49.103807],[2.250643,49.103529],[2.252616,49.10298],[2.254585,49.102429]],[[2.248961,49.114535],[2.248848,49.11458],[2.249191,49.115166],[2.249491,49.115683],[2.249704,49.115648],[2.249119,49.114769],[2.248961,49.114535]],[[2.247031,49.114985],[2.24679,49.11512],[2.247239,49.116031],[2.247605,49.116009],[2.24776,49.115998],[2.247873,49.115992],[2.247901,49.11594],[2.247485,49.11515],[2.247249,49.114871],[2.247172,49.11491],[2.247031,49.114985]],[[2.246135,49.115482],[2.246057,49.115564],[2.246413,49.11623],[2.247066,49.117464],[2.247126,49.117356],[2.246574,49.116311],[2.24634,49.115861],[2.246192,49.115594],[2.246135,49.115482]]],[[[2.244669,49.122361],[2.244632,49.12235],[2.244996,49.122237],[2.245433,49.122103],[2.245801,49.121994],[2.246421,49.1218],[2.248159,49.12127],[2.25034,49.120602],[2.250769,49.120473],[2.251201,49.12034],[2.25179,49.120163],[2.251985,49.120127],[2.25209,49.120119],[2.252337,49.120346],[2.25244,49.120448],[2.25256,49.12109],[2.252622,49.12317],[2.252604,49.123281],[2.252586,49.123327],[2.252537,49.123368],[2.25248,49.123411],[2.252404,49.123464],[2.25223,49.123596],[2.251747,49.123931],[2.251664,49.123985],[2.251619,49.124023],[2.25147,49.123967],[2.251339,49.123932],[2.251034,49.123845],[2.250765,49.123822],[2.250049,49.123647],[2.249629,49.123546],[2.247612,49.12307],[2.246311,49.122761],[2.244669,49.122361]]],[[[2.257772,49.083852],[2.261641,49.082113],[2.263921,49.081087],[2.265468,49.080377],[2.265509,49.080374],[2.265542,49.080377],[2.265569,49.080371],[2.265607,49.080356],[2.26563,49.080337],[2.265654,49.080304],[2.265648,49.080292],[2.267122,49.079648],[2.268972,49.078823],[2.269526,49.078576],[2.272147,49.077419],[2.273867,49.076656],[2.273996,49.076647],[2.274785,49.077111],[2.275061,49.076945],[2.275942,49.076462],[2.276187,49.076341],[2.276808,49.075979],[2.277124,49.075838],[2.277836,49.075602],[2.27835,49.075441],[2.278587,49.075416],[2.278679,49.075381],[2.279003,49.074566],[2.279018,49.07453],[2.279066,49.074435],[2.280126,49.073981],[2.280148,49.074001],[2.280201,49.074021],[2.280316,49.074041],[2.280353,49.074036],[2.280433,49.074014],[2.280475,49.074001],[2.280573,49.073956],[2.280604,49.073897],[2.280634,49.073782],[2.280588,49.073727],[2.280566,49.073703],[2.28049,49.073647],[2.281469,49.071343],[2.282088,49.071657],[2.283239,49.071516],[2.283528,49.071579],[2.284137,49.072073],[2.284507,49.072511],[2.284582,49.072566],[2.285421,49.072468],[2.287561,49.07252],[2.287712,49.072527],[2.28813,49.072543],[2.291356,49.072213],[2.291611,49.072191],[2.291929,49.072232],[2.29297,49.072377],[2.293032,49.072408],[2.293223,49.072468],[2.293333,49.072449],[2.29368,49.072473],[2.293405,49.07275],[2.293242,49.073393],[2.293246,49.073602],[2.293377,49.073838],[2.29389,49.074684],[2.293892,49.07469],[2.294049,49.07487],[2.29437,49.075197],[2.294761,49.075541],[2.295016,49.075712],[2.295697,49.076154],[2.296376,49.076611],[2.296558,49.077323],[2.296565,49.077353],[2.296554,49.077522],[2.296592,49.078541],[2.296581,49.078991],[2.297276,49.080441],[2.294307,49.082269],[2.292749,49.082579],[2.292584,49.082611],[2.28786,49.083489],[2.287832,49.083422],[2.289177,49.083164],[2.288941,49.082703],[2.286988,49.083139],[2.286889,49.083161],[2.286996,49.083331],[2.287174,49.083617],[2.287106,49.083702],[2.286067,49.085407],[2.285998,49.085334],[2.285741,49.085711],[2.285509,49.085919],[2.285312,49.086138],[2.284916,49.086826],[2.283905,49.086819],[2.283185,49.087112],[2.283038,49.087202],[2.282866,49.087568],[2.28284,49.087591],[2.282678,49.08773],[2.282532,49.087759],[2.282215,49.087844],[2.281949,49.087883],[2.281307,49.087877],[2.280397,49.088197],[2.278571,49.08818],[2.277791,49.087672],[2.276677,49.087847],[2.276728,49.088049],[2.27625,49.088164],[2.275989,49.088227],[2.275141,49.088431],[2.274961,49.088656],[2.274995,49.088904],[2.274858,49.089],[2.274319,49.088999],[2.274051,49.089433],[2.273855,49.08945],[2.273651,49.089772],[2.273125,49.090248],[2.272861,49.090413],[2.272493,49.090601],[2.272199,49.090688],[2.271926,49.090731],[2.271901,49.090732],[2.271629,49.090736],[2.270819,49.090678],[2.269871,49.090623],[2.26962,49.090643],[2.269466,49.090667],[2.269319,49.09072],[2.269135,49.09086],[2.26898,49.09101],[2.268906,49.091101],[2.268889,49.091154],[2.268862,49.091232],[2.268848,49.09144],[2.268846,49.091626],[2.268346,49.09164],[2.265846,49.091661],[2.265622,49.091652],[2.262743,49.09151],[2.259146,49.091319],[2.259112,49.091232],[2.259104,49.091213],[2.259012,49.091152],[2.258932,49.091023],[2.259046,49.090849],[2.259011,49.090807],[2.258978,49.090765],[2.258619,49.090947],[2.25862,49.090925],[2.258356,49.090007],[2.258252,49.089438],[2.258173,49.088574],[2.258173,49.088369],[2.258254,49.088027],[2.258174,49.087739],[2.258233,49.087413],[2.258121,49.08693],[2.257934,49.086108],[2.2579,49.085403],[2.257808,49.085054],[2.25782,49.084895],[2.25766,49.083992],[2.257699,49.083985],[2.257729,49.083962],[2.257757,49.083934],[2.257771,49.083906],[2.257777,49.083878],[2.257772,49.083852]],[[2.271592,49.090502],[2.271468,49.090569],[2.271519,49.090616],[2.271556,49.090634],[2.271679,49.090567],[2.271592,49.090502]]],[[[2.26614,49.097345],[2.264929,49.097082],[2.264395,49.097808],[2.264245,49.097852],[2.263749,49.097587],[2.262918,49.097003],[2.262111,49.096221],[2.261197,49.095172],[2.260947,49.094885],[2.26067,49.094612],[2.260094,49.093709],[2.258757,49.091349],[2.259173,49.091388],[2.259834,49.091415],[2.263049,49.091575],[2.263418,49.091594],[2.265086,49.091682],[2.265875,49.091718],[2.266077,49.091718],[2.268834,49.091698],[2.268871,49.091696],[2.268877,49.09171],[2.268952,49.09183],[2.269654,49.092488],[2.270085,49.092905],[2.270342,49.093117],[2.270591,49.093274],[2.271207,49.093564],[2.271964,49.093836],[2.272314,49.093897],[2.272756,49.093939],[2.273104,49.094012],[2.273334,49.094096],[2.27361,49.094266],[2.274932,49.095251],[2.274885,49.095287],[2.274966,49.095409],[2.274434,49.095605],[2.273879,49.096121],[2.273231,49.096826],[2.273393,49.097494],[2.272734,49.097698],[2.271614,49.098038],[2.270921,49.098236],[2.2698,49.098463],[2.269384,49.098538],[2.26913,49.098507],[2.267848,49.098416],[2.267549,49.097725],[2.26614,49.097345]]],[[[2.257347,49.111681],[2.257232,49.111688],[2.256498,49.111584],[2.255994,49.111491],[2.256539,49.110111],[2.257104,49.108963],[2.257571,49.108148],[2.258104,49.10756],[2.258394,49.1073],[2.25878,49.106914],[2.258906,49.106797],[2.259178,49.106714],[2.260113,49.10622],[2.260287,49.106083],[2.260297,49.106038],[2.260619,49.105746],[2.26082,49.105699],[2.261325,49.105402],[2.262039,49.105186],[2.262219,49.105135],[2.262588,49.105018],[2.262734,49.104978],[2.262871,49.104848],[2.262924,49.104796],[2.263017,49.104672],[2.263522,49.104655],[2.263415,49.104914],[2.26309,49.105251],[2.262806,49.10565],[2.261863,49.106427],[2.261621,49.106572],[2.261002,49.106866],[2.260562,49.107073],[2.26119,49.107493],[2.261712,49.107871],[2.261997,49.108078],[2.262582,49.108595],[2.263453,49.108747],[2.264016,49.109965],[2.263922,49.110006],[2.263094,49.110247],[2.262423,49.110439],[2.261616,49.110693],[2.260923,49.110872],[2.260357,49.110974],[2.259854,49.111077],[2.259015,49.111345],[2.25846,49.111497],[2.258176,49.111531],[2.257789,49.111572],[2.257579,49.111585],[2.257347,49.111681]]],[[[2.264459,49.100207],[2.263092,49.10012],[2.264585,49.099697],[2.264827,49.099623],[2.264773,49.099464],[2.265029,49.099441],[2.265323,49.099431],[2.2654,49.099446],[2.265491,49.099465],[2.265602,49.099546],[2.26589,49.099763],[2.264846,49.099708],[2.26497,49.100257],[2.264459,49.100207]]],[[[2.269024,49.091188],[2.26905,49.091153],[2.269134,49.091039],[2.269407,49.090802],[2.269694,49.090745],[2.270179,49.090735],[2.271738,49.090847],[2.27212,49.090823],[2.272397,49.090751],[2.272669,49.090645],[2.273029,49.090446],[2.273482,49.090089],[2.273247,49.090708],[2.273076,49.091077],[2.273136,49.091064],[2.273121,49.091135],[2.27305,49.091475],[2.272944,49.092834],[2.273074,49.092998],[2.27455,49.09272],[2.274661,49.092694],[2.274675,49.09278],[2.27316,49.093062],[2.273401,49.093323],[2.27474,49.093054],[2.274746,49.093084],[2.274991,49.093786],[2.275094,49.094234],[2.275268,49.09434],[2.275464,49.094544],[2.275487,49.094727],[2.275393,49.094863],[2.27514,49.095091],[2.275043,49.095165],[2.273563,49.094084],[2.273474,49.094056],[2.273313,49.093968],[2.273122,49.093905],[2.272938,49.093857],[2.272503,49.093803],[2.272224,49.093765],[2.271933,49.093712],[2.27158,49.093591],[2.271073,49.093378],[2.27064,49.09317],[2.270353,49.092981],[2.270044,49.092716],[2.269115,49.091788],[2.269012,49.091642],[2.268983,49.091522],[2.268994,49.091328],[2.269024,49.091188]]],[[[2.260244,49.074072],[2.261999,49.07345],[2.263357,49.072969],[2.262654,49.071899],[2.261741,49.070526],[2.262353,49.069928],[2.264619,49.070846],[2.264763,49.070882],[2.264938,49.070544],[2.265022,49.070293],[2.265226,49.069597],[2.265352,49.06922],[2.265445,49.068669],[2.265446,49.068078],[2.265386,49.067768],[2.264704,49.067547],[2.264747,49.067508],[2.265376,49.067717],[2.265292,49.067282],[2.265588,49.066955],[2.267559,49.066456],[2.268534,49.066303],[2.269226,49.066268],[2.270199,49.066067],[2.271566,49.065659],[2.272986,49.066011],[2.275117,49.066473],[2.276077,49.066501],[2.2761,49.066601],[2.276509,49.067832],[2.276908,49.069008],[2.279243,49.070881],[2.279404,49.070832],[2.279829,49.07073],[2.280067,49.070686],[2.280352,49.070717],[2.28056,49.070761],[2.281375,49.071202],[2.280642,49.072911],[2.28037,49.073623],[2.280218,49.073633],[2.280088,49.073677],[2.280013,49.073777],[2.280005,49.073851],[2.280027,49.073921],[2.279131,49.074305],[2.278777,49.074285],[2.278572,49.074276],[2.278194,49.074266],[2.277743,49.074217],[2.27741,49.074178],[2.277282,49.07414],[2.277007,49.074024],[2.276679,49.073891],[2.275968,49.073598],[2.275458,49.073369],[2.274796,49.073049],[2.27412,49.072678],[2.273874,49.072555],[2.273712,49.072665],[2.273389,49.072775],[2.273162,49.072858],[2.272829,49.072974],[2.272431,49.073132],[2.271912,49.073274],[2.271382,49.073415],[2.271058,49.073485],[2.270469,49.073617],[2.270003,49.073817],[2.269959,49.073875],[2.269889,49.074062],[2.269816,49.074269],[2.269801,49.074329],[2.269767,49.074455],[2.269795,49.074787],[2.269883,49.074981],[2.269981,49.075106],[2.270123,49.075212],[2.270256,49.075251],[2.270423,49.075261],[2.270771,49.075322],[2.271394,49.075477],[2.271752,49.075597],[2.272076,49.075864],[2.272271,49.075964],[2.272649,49.076077],[2.272998,49.076197],[2.273198,49.076326],[2.273325,49.076468],[2.273438,49.0766],[2.273576,49.076632],[2.273609,49.076641],[2.268904,49.078728],[2.267628,49.079293],[2.265599,49.08021],[2.26557,49.080199],[2.265539,49.080192],[2.265495,49.080189],[2.265479,49.080191],[2.265466,49.080194],[2.265435,49.080205],[2.265403,49.080231],[2.265382,49.080252],[2.265367,49.080288],[2.26538,49.080303],[2.264027,49.080922],[2.26152,49.082045],[2.261083,49.08224],[2.257707,49.083766],[2.257706,49.083764],[2.257649,49.08374],[2.257559,49.083726],[2.257504,49.083734],[2.257476,49.083687],[2.255803,49.081777],[2.254212,49.080021],[2.253411,49.079159],[2.25433,49.077982],[2.254472,49.0778],[2.254842,49.077316],[2.254905,49.077238],[2.255316,49.076717],[2.25658,49.075169],[2.256751,49.075241],[2.256878,49.07527],[2.258208,49.07479],[2.260244,49.074072]]],[[[2.277588,49.074968],[2.276704,49.074428],[2.276932,49.074303],[2.277868,49.074848],[2.277588,49.074968]]],[[[2.298677,49.070935],[2.299306,49.070872],[2.30021,49.070728],[2.300455,49.070707],[2.300754,49.071396],[2.301174,49.071278],[2.301283,49.071276],[2.301529,49.070989],[2.302559,49.071037],[2.302962,49.071049],[2.303488,49.070931],[2.303775,49.07112],[2.304013,49.071186],[2.30465,49.071343],[2.305176,49.07142],[2.305397,49.071409],[2.305516,49.071334],[2.305875,49.071213],[2.306443,49.071312],[2.307233,49.071668],[2.307201,49.071703],[2.307181,49.071695],[2.307156,49.071712],[2.307156,49.071735],[2.307356,49.071822],[2.307552,49.072031],[2.307623,49.072179],[2.307665,49.07234],[2.307785,49.07239],[2.307567,49.072691],[2.307811,49.072758],[2.307667,49.072988],[2.307623,49.073145],[2.307619,49.073366],[2.307547,49.073386],[2.307331,49.073351],[2.306927,49.073375],[2.30601,49.073403],[2.304794,49.073166],[2.301884,49.072539],[2.300427,49.072741],[2.29982,49.072953],[2.299465,49.073084],[2.298728,49.073345],[2.29772,49.073705],[2.297421,49.073853],[2.297583,49.075932],[2.296552,49.076487],[2.296441,49.076517],[2.296432,49.076517],[2.296387,49.076509],[2.29636,49.076494],[2.295484,49.075939],[2.294926,49.07558],[2.294788,49.075485],[2.294546,49.075266],[2.294239,49.07498],[2.294055,49.074781],[2.293862,49.074493],[2.293561,49.073994],[2.293348,49.073633],[2.293325,49.073546],[2.293326,49.073437],[2.293473,49.072796],[2.293498,49.072776],[2.29392,49.072342],[2.294019,49.071904],[2.294061,49.071873],[2.295276,49.071792],[2.29551,49.071771],[2.295823,49.071683],[2.296154,49.071584],[2.296497,49.071439],[2.296803,49.071288],[2.29712,49.071229],[2.297783,49.071071],[2.298677,49.070935]],[[2.303313,49.071852],[2.302739,49.07199],[2.303023,49.072461],[2.303591,49.072319],[2.303313,49.071852]]]]}}
]
}
